Unity Editor version:    2022.3.31f1 (4ede2d13e8b4)
Branch:                  2022.3/staging
Build type:              Release
Batch mode:              YES
System name:             Linux
Distro version:          #1 SMP PREEMPT_DYNAMIC Sat, 18 Jan 2025 02:26:57 +0000
Kernel version:          6.12.10-arch1-1
Architecture:            x86_64
Available memory:        15910 MB
Using pre-set license
Pro License: YES

(process:19029): Gtk-WARNING **: 11:25:55.640: Locale not supported by C library.
	Using the fallback 'C' locale.

(Unity:19029): Gtk-CRITICAL **: 11:25:55.706: gtk_window_set_default_icon: assertion 'GDK_IS_PIXBUF (icon)' failed

(Unity:19029): GLib-GObject-CRITICAL **: 11:25:55.706: g_object_unref: assertion 'G_IS_OBJECT (object)' failed
Desktop is 2560 x 1080 @ 60 Hz
Initialize udev device monitor.

COMMAND LINE ARGUMENTS:
Unity
-adb2
-batchMode
-noUpm
-name
AssetImportWorker2
-projectPath
/home/deny/UnityProjects/WaveCraft
-logFile
Logs/AssetImportWorker2.log
-srvPort
35373
Successfully changed project path to: /home/deny/UnityProjects/WaveCraft
/home/deny/UnityProjects/WaveCraft
[UnityMemory] Configuration Parameters - Can be set up in boot.config
    "memorysetup-bucket-allocator-granularity=16"
    "memorysetup-bucket-allocator-bucket-count=8"
    "memorysetup-bucket-allocator-block-size=33554432"
    "memorysetup-bucket-allocator-block-count=8"
    "memorysetup-main-allocator-block-size=16777216"
    "memorysetup-thread-allocator-block-size=16777216"
    "memorysetup-gfx-main-allocator-block-size=16777216"
    "memorysetup-gfx-thread-allocator-block-size=16777216"
    "memorysetup-cache-allocator-block-size=4194304"
    "memorysetup-typetree-allocator-block-size=2097152"
    "memorysetup-profiler-bucket-allocator-granularity=16"
    "memorysetup-profiler-bucket-allocator-bucket-count=8"
    "memorysetup-profiler-bucket-allocator-block-size=33554432"
    "memorysetup-profiler-bucket-allocator-block-count=8"
    "memorysetup-profiler-allocator-block-size=16777216"
    "memorysetup-profiler-editor-allocator-block-size=1048576"
    "memorysetup-temp-allocator-size-main=16777216"
    "memorysetup-job-temp-allocator-block-size=2097152"
    "memorysetup-job-temp-allocator-block-size-background=1048576"
    "memorysetup-job-temp-allocator-reduction-small-platforms=262144"
    "memorysetup-allocator-temp-initial-block-size-main=262144"
    "memorysetup-allocator-temp-initial-block-size-worker=262144"
    "memorysetup-temp-allocator-size-background-worker=32768"
    "memorysetup-temp-allocator-size-job-worker=262144"
    "memorysetup-temp-allocator-size-preload-manager=33554432"
    "memorysetup-temp-allocator-size-nav-mesh-worker=65536"
    "memorysetup-temp-allocator-size-audio-worker=65536"
    "memorysetup-temp-allocator-size-cloud-worker=32768"
    "memorysetup-temp-allocator-size-gi-baking-worker=262144"
    "memorysetup-temp-allocator-size-gfx=262144"
Player connection [140527443923712] Host "[IP] 192.168.1.104 [Port] 0 [Flags] 2 [Guid] 1848761658 [EditorId] 1848761658 [Version] 1048832 [Id] LinuxEditor(16,192.168.1.104) [Debug] 1 [PackageName] LinuxEditor [ProjectName] Editor" joined multi-casting on [225.0.0.222:54997]...

Player connection [140527443923712] Host "[IP] 192.168.1.104 [Port] 0 [Flags] 2 [Guid] 1848761658 [EditorId] 1848761658 [Version] 1048832 [Id] LinuxEditor(16,192.168.1.104) [Debug] 1 [PackageName] LinuxEditor [ProjectName] Editor" joined alternative multi-casting on [225.0.0.222:34997]...

[PhysX] Initialized MultithreadedTaskDispatcher with 12 workers.
Refreshing native plugins compatible for Editor in 3.07 ms, found 0 plugins.
Preloading 0 native plugins for Editor in 0.00 ms.
Initialize engine version: 2022.3.31f1 (4ede2d13e8b4)
[Subsystems] Discovering subsystems at path /home/deny/Unity/Hub/Editor/2022.3.31f1/Editor/Data/Resources/UnitySubsystems
[Subsystems] Discovering subsystems at path /home/deny/UnityProjects/WaveCraft/Assets
GLX Extensions: GLX_ARB_get_proc_address GLX_ARB_multisample GLX_EXT_visual_info GLX_EXT_visual_rating GLX_SGIX_fbconfig GLX_SGIX_pbuffer GLX_SGI_swap_control GLX_EXT_swap_control GLX_EXT_buffer_age GLX_ARB_create_context GLX_ARB_create_context_profile GLX_ARB_fbconfig_float GLX_EXT_fbconfig_packed_float GLX_EXT_framebuffer_sRGB GLX_NV_copy_image GLX_NV_copy_buffer GLX_EXT_create_context_es_profile GLX_EXT_create_context_es2_profile GLX_ARB_create_context_no_error GLX_ARB_create_context_robustness GLX_ARB_context_flush_control 
Renderer: NVIDIA GeForce GTX 1660/PCIe/SSE2
Vendor:   NVIDIA Corporation
Version:  4.5.0 NVIDIA 565.77
GLES:     0
 GL_AMD_multi_draw_indirect GL_AMD_seamless_cubemap_per_texture GL_AMD_vertex_shader_viewport_index GL_AMD_vertex_shader_layer GL_ARB_arrays_of_arrays GL_ARB_base_instance GL_ARB_bindless_texture GL_ARB_blend_func_extended GL_ARB_buffer_storage GL_ARB_clear_buffer_object GL_ARB_clear_texture GL_ARB_clip_control GL_ARB_color_buffer_float GL_ARB_compressed_texture_pixel_storage GL_ARB_conservative_depth GL_ARB_compute_shader GL_ARB_compute_variable_group_size GL_ARB_conditional_render_inverted GL_ARB_copy_buffer GL_ARB_copy_image GL_ARB_cull_distance GL_ARB_debug_output GL_ARB_depth_buffer_float GL_ARB_depth_clamp GL_ARB_depth_texture GL_ARB_derivative_control GL_ARB_direct_state_access GL_ARB_draw_buffers GL_ARB_draw_buffers_blend GL_ARB_draw_indirect GL_ARB_draw_elements_base_vertex GL_ARB_draw_instanced GL_ARB_enhanced_layouts GL_ARB_ES2_compatibility GL_ARB_ES3_compatibility GL_ARB_ES3_1_compatibility GL_ARB_ES3_2_compatibility GL_ARB_explicit_attrib_location GL_ARB_explicit_uniform_location GL_ARB_fragmen
t_coord_conventions GL_ARB_fragment_layer_viewport GL_ARB_fragment_program GL_ARB_fragment_program_shadow GL_ARB_fragment_shader GL_ARB_fragment_shader_interlock GL_ARB_framebuffer_no_attachments GL_ARB_framebuffer_object GL_ARB_framebuffer_sRGB GL_ARB_geometry_shader4 GL_ARB_get_program_binary GL_ARB_get_texture_sub_image GL_ARB_gl_spirv GL_ARB_gpu_shader5 GL_ARB_gpu_shader_fp64 GL_ARB_gpu_shader_int64 GL_ARB_half_float_pixel GL_ARB_half_float_vertex GL_ARB_imaging GL_ARB_indirect_parameters GL_ARB_instanced_arrays GL_ARB_internalformat_query GL_ARB_internalformat_query2 GL_ARB_invalidate_subdata GL_ARB_map_buffer_alignment GL_ARB_map_buffer_range GL_ARB_multi_bind GL_ARB_multi_draw_indirect GL_ARB_multisample GL_ARB_multitexture GL_ARB_occlusion_query GL_ARB_occlusion_query2 GL_ARB_parallel_shader_compile GL_ARB_pipeline_statistics_query GL_ARB_pixel_buffer_object GL_ARB_point_parameters GL_ARB_point_sprite GL_ARB_polygon_offset_clamp GL_ARB_post_depth_coverage GL_ARB_program_interface_query GL_ARB_provoki
ng_vertex GL_ARB_query_buffer_object GL_ARB_robust_buffer_access_behavior GL_ARB_robustness GL_ARB_sample_locations GL_ARB_sample_shading GL_ARB_sampler_objects GL_ARB_seamless_cube_map GL_ARB_seamless_cubemap_per_texture GL_ARB_separate_shader_objects GL_ARB_shader_atomic_counter_ops GL_ARB_shader_atomic_counters GL_ARB_shader_ballot GL_ARB_shader_bit_encoding GL_ARB_shader_clock GL_ARB_shader_draw_parameters GL_ARB_shader_group_vote GL_ARB_shader_image_load_store GL_ARB_shader_image_size GL_ARB_shader_objects GL_ARB_shader_precision GL_ARB_shader_storage_buffer_object GL_ARB_shader_subroutine GL_ARB_shader_texture_image_samples GL_ARB_shader_texture_lod GL_ARB_shading_language_100 GL_ARB_shader_viewport_layer_array GL_ARB_shading_language_420pack GL_ARB_shading_language_include GL_ARB_shading_language_packing GL_ARB_shadow GL_ARB_sparse_buffer GL_ARB_sparse_texture GL_ARB_sparse_texture2 GL_ARB_sparse_texture_clamp GL_ARB_spirv_extensions GL_ARB_stencil_texturing GL_ARB_sync GL_ARB_tessellation_shader GL_A
RB_texture_barrier GL_ARB_texture_border_clamp GL_ARB_texture_buffer_object GL_ARB_texture_buffer_object_rgb32 GL_ARB_texture_buffer_range GL_ARB_texture_compression GL_ARB_texture_compression_bptc GL_ARB_texture_compression_rgtc GL_ARB_texture_cube_map GL_ARB_texture_cube_map_array GL_ARB_texture_env_add GL_ARB_texture_env_combine GL_ARB_texture_env_crossbar GL_ARB_texture_env_dot3 GL_ARB_texture_filter_anisotropic GL_ARB_texture_filter_minmax GL_ARB_texture_float GL_ARB_texture_gather GL_ARB_texture_mirror_clamp_to_edge GL_ARB_texture_mirrored_repeat GL_ARB_texture_multisample GL_ARB_texture_non_power_of_two GL_ARB_texture_query_levels GL_ARB_texture_query_lod GL_ARB_texture_rectangle GL_ARB_texture_rg GL_ARB_texture_rgb10_a2ui GL_ARB_texture_stencil8 GL_ARB_texture_storage GL_ARB_texture_storage_multisample GL_ARB_texture_swizzle GL_ARB_texture_view GL_ARB_timer_query GL_ARB_transform_feedback2 GL_ARB_transform_feedback3 GL_ARB_transform_feedback_instanced GL_ARB_transform_feedback_overflow_query GL_ARB_t
ranspose_matrix GL_ARB_uniform_buffer_object GL_ARB_vertex_array_bgra GL_ARB_vertex_array_object GL_ARB_vertex_attrib_64bit GL_ARB_vertex_attrib_binding GL_ARB_vertex_buffer_object GL_ARB_vertex_program GL_ARB_vertex_shader GL_ARB_vertex_type_10f_11f_11f_rev GL_ARB_vertex_type_2_10_10_10_rev GL_ARB_viewport_array GL_ARB_window_pos GL_ATI_draw_buffers GL_ATI_texture_float GL_ATI_texture_mirror_once GL_S3_s3tc GL_EXT_texture_env_add GL_EXT_abgr GL_EXT_bgra GL_EXT_bindable_uniform GL_EXT_blend_color GL_EXT_blend_equation_separate GL_EXT_blend_func_separate GL_EXT_blend_minmax GL_EXT_blend_subtract GL_EXT_compiled_vertex_array GL_EXT_Cg_shader GL_EXT_depth_bounds_test GL_EXT_direct_state_access GL_EXT_draw_buffers2 GL_EXT_draw_instanced GL_EXT_draw_range_elements GL_EXT_fog_coord GL_EXT_framebuffer_blit GL_EXT_framebuffer_multisample GL_EXTX_framebuffer_mixed_formats GL_EXT_framebuffer_multisample_blit_scaled GL_EXT_framebuffer_object GL_EXT_framebuffer_sRGB GL_EXT_geometry_shader4 GL_EXT_gpu_program_parameters 
GL_EXT_gpu_shader4 GL_EXT_multi_draw_arrays GL_EXT_multiview_texture_multisample GL_EXT_multiview_timer_query GL_EXT_packed_depth_stencil GL_EXT_packed_float GL_EXT_packed_pixels GL_EXT_pixel_buffer_object GL_EXT_point_parameters GL_EXT_polygon_offset_clamp GL_EXT_post_depth_coverage GL_EXT_provoking_vertex GL_EXT_raster_multisample GL_EXT_rescale_normal GL_EXT_secondary_color GL_EXT_separate_shader_objects GL_EXT_separate_specular_color GL_EXT_shader_image_load_formatted GL_EXT_shader_image_load_store GL_EXT_shader_integer_mix GL_EXT_shadow_funcs GL_EXT_sparse_texture2 GL_EXT_stencil_two_side GL_EXT_stencil_wrap GL_EXT_texture3D GL_EXT_texture_array GL_EXT_texture_buffer_object GL_EXT_texture_compression_dxt1 GL_EXT_texture_compression_latc GL_EXT_texture_compression_rgtc GL_EXT_texture_compression_s3tc GL_EXT_texture_cube_map GL_EXT_texture_edge_clamp GL_EXT_texture_env_combine GL_EXT_texture_env_dot3 GL_EXT_texture_filter_anisotropic GL_EXT_texture_filter_minmax GL_EXT_texture_integer GL_EXT_texture_lod G
L_EXT_texture_lod_bias GL_EXT_texture_mirror_clamp GL_EXT_texture_object GL_EXT_texture_shadow_lod GL_EXT_texture_shared_exponent GL_EXT_texture_sRGB GL_EXT_texture_sRGB_R8 GL_EXT_texture_sRGB_decode GL_EXT_texture_storage GL_EXT_texture_swizzle GL_EXT_timer_query GL_EXT_transform_feedback2 GL_EXT_vertex_array GL_EXT_vertex_array_bgra GL_EXT_vertex_attrib_64bit GL_EXT_window_rectangles GL_EXT_x11_sync_object GL_EXT_import_sync_object GL_NV_robustness_video_memory_purge GL_IBM_rasterpos_clip GL_IBM_texture_mirrored_repeat GL_KHR_context_flush_control GL_KHR_debug GL_EXT_memory_object GL_EXT_memory_object_fd GL_NV_memory_object_sparse GL_KHR_parallel_shader_compile GL_KHR_no_error GL_KHR_robust_buffer_access_behavior GL_KHR_robustness GL_EXT_semaphore GL_EXT_semaphore_fd GL_NV_timeline_semaphore GL_KHR_shader_subgroup GL_KTX_buffer_region GL_NV_alpha_to_coverage_dither_control GL_NV_bindless_multi_draw_indirect GL_NV_bindless_multi_draw_indirect_count GL_NV_bindless_texture GL_NV_blend_equation_advanced GL_NV_
blend_equation_advanced_coherent GL_NVX_blend_equation_advanced_multi_draw_buffers GL_NV_blend_minmax_factor GL_NV_blend_square GL_NV_clip_space_w_scaling GL_NV_command_list GL_NV_compute_program5 GL_NV_compute_shader_derivatives GL_NV_conditional_render GL_NV_conservative_raster GL_NV_conservative_raster_dilate GL_NV_conservative_raster_pre_snap GL_NV_conservative_raster_pre_snap_triangles GL_NV_conservative_raster_underestimation GL_NV_copy_depth_to_color GL_NV_copy_image GL_NV_depth_buffer_float GL_NV_depth_clamp GL_NV_draw_texture GL_NV_draw_vulkan_image GL_NV_ES1_1_compatibility GL_NV_ES3_1_compatibility GL_NV_explicit_multisample GL_NV_feature_query GL_NV_fence GL_NV_fill_rectangle GL_NV_float_buffer GL_NV_fog_distance GL_NV_fragment_coverage_to_color GL_NV_fragment_program GL_NV_fragment_program_option GL_NV_fragment_program2 GL_NV_fragment_shader_barycentric GL_NV_fragment_shader_interlock GL_NV_framebuffer_mixed_samples GL_NV_framebuffer_multisample_coverage GL_NV_geometry_shader4 GL_NV_geometry_sha
der_passthrough GL_NV_gpu_program4 GL_NV_internalformat_sample_query GL_NV_gpu_program4_1 GL_NV_gpu_program5 GL_NV_gpu_program5_mem_extended GL_NV_gpu_program_fp64 GL_NV_gpu_program_multiview GL_NV_gpu_shader5 GL_NV_half_float GL_NV_light_max_exponent GL_NV_memory_attachment GL_NV_mesh_shader GL_NV_multisample_coverage GL_NV_multisample_filter_hint GL_NV_occlusion_query GL_NV_packed_depth_stencil GL_NV_parameter_buffer_object GL_NV_parameter_buffer_object2 GL_NV_path_rendering GL_NV_path_rendering_shared_edge GL_NV_pixel_data_range GL_NV_point_sprite GL_NV_primitive_restart GL_NV_query_resource GL_NV_query_resource_tag GL_NV_register_combiners GL_NV_register_combiners2 GL_NV_representative_fragment_test GL_NV_sample_locations GL_NV_sample_mask_override_coverage GL_NV_scissor_exclusive GL_NV_shader_atomic_counters GL_NV_shader_atomic_float GL_NV_shader_atomic_float64 GL_NV_shader_atomic_fp16_vector GL_NV_shader_atomic_int64 GL_NV_shader_buffer_load GL_NV_shader_storage_buffer_object GL_NV_shader_subgroup_part
itioned GL_NV_shader_texture_footprint GL_NV_shading_rate_image GL_NV_stereo_view_rendering GL_NV_texgen_reflection GL_NV_texture_barrier GL_NV_texture_compression_vtc GL_NV_texture_env_combine4 GL_NV_texture_multisample GL_NV_texture_rectangle GL_NV_texture_rectangle_compressed GL_NV_texture_shader GL_NV_texture_shader2 GL_NV_texture_shader3 GL_NV_transform_feedback GL_NV_transform_feedback2 GL_NV_uniform_buffer_unified_memory GL_NV_uniform_buffer_std430_layout GL_NV_vdpau_interop GL_NV_vdpau_interop2 GL_NV_vertex_array_range GL_NV_vertex_array_range2 GL_NV_vertex_attrib_integer_64bit GL_NV_vertex_buffer_unified_memory GL_NV_vertex_program GL_NV_vertex_program1_1 GL_NV_vertex_program2 GL_NV_vertex_program2_option GL_NV_vertex_program3 GL_NV_viewport_array2 GL_NV_viewport_swizzle GL_NVX_conditional_render GL_NV_gpu_multicast GL_NVX_progress_fence GL_NVX_gpu_memory_info GL_NVX_nvenc_interop GL_NV_shader_thread_group GL_NV_shader_thread_shuffle GL_KHR_blend_equation_advanced GL_KHR_blend_equation_advanced_cohe
rent GL_OVR_multiview GL_OVR_multiview2 GL_SGIS_generate_mipmap GL_SGIS_texture_lod GL_SGIX_depth_texture GL_SGIX_shadow GL_SUN_slice_accum
OPENGL LOG: Creating OpenGL 4.5 graphics device ; Context level  <OpenGL 4.5> ; Context handle 1291318232
Initialize mono
Mono path[0] = '/home/deny/Unity/Hub/Editor/2022.3.31f1/Editor/Data/Managed'
Mono path[1] = '/home/deny/Unity/Hub/Editor/2022.3.31f1/Editor/Data/MonoBleedingEdge/lib/mono/unityjit-linux'
Mono config path = '/home/deny/Unity/Hub/Editor/2022.3.31f1/Editor/Data/MonoBleedingEdge/etc'
Using monoOptions --debugger-agent=transport=dt_socket,embedding=1,server=y,suspend=n,address=127.0.0.1:56029
Begin MonoManager ReloadAssembly
Registering precompiled unity dll's ...
Register platform support module: /home/deny/Unity/Hub/Editor/2022.3.31f1/Editor/Data/PlaybackEngines/MacStandaloneSupport/UnityEditor.OSXStandalone.Extensions.dll
Register platform support module: /home/deny/Unity/Hub/Editor/2022.3.31f1/Editor/Data/PlaybackEngines/AndroidPlayer/UnityEditor.Android.Extensions.dll
Register platform support module: /home/deny/Unity/Hub/Editor/2022.3.31f1/Editor/Data/PlaybackEngines/WindowsStandaloneSupport/UnityEditor.WindowsStandalone.Extensions.dll
Register platform support module: /home/deny/Unity/Hub/Editor/2022.3.31f1/Editor/Data/PlaybackEngines/LinuxStandaloneSupport/UnityEditor.LinuxStandalone.Extensions.dll
Registered in 0.012708 seconds.
- Loaded All Assemblies, in  0.342 seconds
Native extension for LinuxStandalone target not found
Native extension for WindowsStandalone target not found
Native extension for Android target not found
Android Extension - Scanning For ADB Devices 304 ms
Native extension for OSXStandalone target not found
Mono: successfully reloaded assembly
- Finished resetting the current domain, in  0.714 seconds
Domain Reload Profiling: 1055ms
	BeginReloadAssembly (69ms)
		ExecutionOrderSort (0ms)
		DisableScriptedObjects (0ms)
		BackupInstance (0ms)
		ReleaseScriptingObjects (0ms)
		CreateAndSetChildDomain (1ms)
	RebuildCommonClasses (39ms)
	RebuildNativeTypeToScriptingClass (9ms)
	initialDomainReloadingComplete (71ms)
	LoadAllAssembliesAndSetupDomain (152ms)
		LoadAssemblies (69ms)
		RebuildTransferFunctionScriptingTraits (0ms)
		AnalyzeDomain (150ms)
			TypeCache.Refresh (149ms)
				TypeCache.ScanAssembly (136ms)
			ScanForSourceGeneratedMonoScriptInfo (0ms)
			ResolveRequiredComponents (0ms)
	FinalizeReload (714ms)
		ReleaseScriptCaches (0ms)
		RebuildScriptCaches (0ms)
		SetupLoadedEditorAssemblies (648ms)
			LogAssemblyErrors (0ms)
			InitializePlatformSupportModulesInManaged (467ms)
			SetLoadedEditorAssemblies (4ms)
			RefreshPlugins (0ms)
			BeforeProcessingInitializeOnLoad (2ms)
			ProcessInitializeOnLoadAttributes (123ms)
			ProcessInitializeOnLoadMethodAttributes (52ms)
			AfterProcessingInitializeOnLoad (0ms)
			EditorAssembliesLoaded (0ms)
		ExecutionOrderSort2 (0ms)
		AwakeInstancesAfterBackupRestoration (0ms)
========================================================================
Worker process is ready to serve import requests
Begin MonoManager ReloadAssembly
- Loaded All Assemblies, in  0.595 seconds
Refreshing native plugins compatible for Editor in 1.25 ms, found 0 plugins.
Native extension for LinuxStandalone target not found
Native extension for WindowsStandalone target not found
Native extension for Android target not found
Native extension for OSXStandalone target not found
Mono: successfully reloaded assembly
- Finished resetting the current domain, in  0.743 seconds
Domain Reload Profiling: 1338ms
	BeginReloadAssembly (120ms)
		ExecutionOrderSort (0ms)
		DisableScriptedObjects (6ms)
		BackupInstance (0ms)
		ReleaseScriptingObjects (0ms)
		CreateAndSetChildDomain (26ms)
	RebuildCommonClasses (46ms)
	RebuildNativeTypeToScriptingClass (12ms)
	initialDomainReloadingComplete (50ms)
	LoadAllAssembliesAndSetupDomain (366ms)
		LoadAssemblies (218ms)
		RebuildTransferFunctionScriptingTraits (0ms)
		AnalyzeDomain (200ms)
			TypeCache.Refresh (176ms)
				TypeCache.ScanAssembly (160ms)
			ScanForSourceGeneratedMonoScriptInfo (17ms)
			ResolveRequiredComponents (6ms)
	FinalizeReload (744ms)
		ReleaseScriptCaches (0ms)
		RebuildScriptCaches (0ms)
		SetupLoadedEditorAssemblies (566ms)
			LogAssemblyErrors (0ms)
			InitializePlatformSupportModulesInManaged (64ms)
			SetLoadedEditorAssemblies (4ms)
			RefreshPlugins (0ms)
			BeforeProcessingInitializeOnLoad (75ms)
			ProcessInitializeOnLoadAttributes (383ms)
			ProcessInitializeOnLoadMethodAttributes (35ms)
			AfterProcessingInitializeOnLoad (6ms)
			EditorAssembliesLoaded (0ms)
		ExecutionOrderSort2 (0ms)
		AwakeInstancesAfterBackupRestoration (4ms)
Launched and connected shader compiler UnityShaderCompiler after 0.01 seconds
Refreshing native plugins compatible for Editor in 1.20 ms, found 0 plugins.
Preloading 0 native plugins for Editor in 0.00 ms.
Unloading 3375 Unused Serialized files (Serialized files now loaded: 0)
Unloading 37 unused Assets / (30.2 KB). Loaded Objects now: 3866.
Memory consumption went from 146.4 MB to 146.3 MB.
Total: 4.214115 ms (FindLiveObjects: 0.238237 ms CreateObjectMapping: 0.080471 ms MarkObjects: 3.660356 ms  DeleteObjects: 0.233668 ms)

AssetImportParameters requested are different than current active one (requested -> active):
  custom:container-demuxer-ogg: 62fdf1f143b41e24485cea50d1cbac27 -> 
  custom:video-decoder-ogg-theora: a1e56fd34408186e4bbccfd4996cb3dc -> 
  custom:CustomObjectIndexerAttribute: 232f87dd983dbecb2a4e21e08eb2cef8 -> 
  custom:container-demuxer-webm: 4f35f7cbe854078d1ac9338744f61a02 -> 
  custom:container-muxer-webm: aa71ff27fc2769a1b78a27578f13a17b -> 
  custom:video-decoder-webm-vp8: 9c59270c3fd7afecdb556c50c9e8de78 -> 
  custom:SearchIndexIgnoredProperties: e643bd26f0fe6173181afceb89e7c659 -> 
  custom:AudioImporter_EditorPlatform: 2f0ff77a95e0ac474e3e8eeba4e2f7cb -> 
  custom:video-encoder-webm-vp8: eb34c28f22e8b96e1ab97ce403110664 -> 
  custom:audio-decoder-ogg-vorbis: bf7c407c2cedff20999df2af8eb42d56 -> 
  custom:audio-encoder-webm-vorbis: bf7c407c2cedff20999df2af8eb42d56 -> 
========================================================================
Received Import Request.
  Time since last request: 9143.912823 seconds.
  path: Assets/Assets/UI/Dark UI/New Icons/White Bishop.png
  artifactKey: Guid(7295007a4f71b1d48a13b13b05491cd7) Importer(815301076,1909f56bfc062723c751e8b465ee728b)
Start importing Assets/Assets/UI/Dark UI/New Icons/White Bishop.png using Guid(7295007a4f71b1d48a13b13b05491cd7) Importer(815301076,1909f56bfc062723c751e8b465ee728b) [PhysX] Initialized MultithreadedTaskDispatcher with 12 workers.
[PhysX] Initialized MultithreadedTaskDispatcher with 12 workers.
 -> (artifact id: 'f32354ca8d08a8698d5ebcb6b46dc1c1') in 0.090194 seconds
Number of updated asset objects reloaded before import = 0
Number of asset objects unloaded after import = 3
========================================================================
Received Import Request.
  Time since last request: 0.239147 seconds.
  path: Assets/Assets/UI/Dark UI/New Icons/White Blade 2.png
  artifactKey: Guid(a611e29c1aa703e44a41817ded85095a) Importer(815301076,1909f56bfc062723c751e8b465ee728b)
Start importing Assets/Assets/UI/Dark UI/New Icons/White Blade 2.png using Guid(a611e29c1aa703e44a41817ded85095a) Importer(815301076,1909f56bfc062723c751e8b465ee728b) [PhysX] Initialized MultithreadedTaskDispatcher with 12 workers.
[PhysX] Initialized MultithreadedTaskDispatcher with 12 workers.
 -> (artifact id: 'e419e8893b18962df867ce61154b2a60') in 0.009741 seconds
Number of updated asset objects reloaded before import = 0
Number of asset objects unloaded after import = 3
========================================================================
Received Import Request.
  Time since last request: 0.000126 seconds.
  path: Assets/Assets/UI/Dark UI/New Icons/White Bluetooth.png
  artifactKey: Guid(5d1ba1b2d4048324d8b53a4e598cd7a7) Importer(815301076,1909f56bfc062723c751e8b465ee728b)
Start importing Assets/Assets/UI/Dark UI/New Icons/White Bluetooth.png using Guid(5d1ba1b2d4048324d8b53a4e598cd7a7) Importer(815301076,1909f56bfc062723c751e8b465ee728b) [PhysX] Initialized MultithreadedTaskDispatcher with 12 workers.
[PhysX] Initialized MultithreadedTaskDispatcher with 12 workers.
 -> (artifact id: '4d8b8a7deddf28ece573e2bd1ea5ccb4') in 0.008162 seconds
Number of updated asset objects reloaded before import = 0
Number of asset objects unloaded after import = 3
========================================================================
Received Import Request.
  Time since last request: 0.000088 seconds.
  path: Assets/Assets/UI/Violet Theme Ui/White Icons/White Bluetooth.png
  artifactKey: Guid(e9f6c0281d266d44c9351e417e328b40) Importer(815301076,1909f56bfc062723c751e8b465ee728b)
Start importing Assets/Assets/UI/Violet Theme Ui/White Icons/White Bluetooth.png using Guid(e9f6c0281d266d44c9351e417e328b40) Importer(815301076,1909f56bfc062723c751e8b465ee728b) [PhysX] Initialized MultithreadedTaskDispatcher with 12 workers.
[PhysX] Initialized MultithreadedTaskDispatcher with 12 workers.
 -> (artifact id: 'c4fb020c52a9b7c6b453c09fbe9ae3e5') in 0.009395 seconds
Number of updated asset objects reloaded before import = 0
Number of asset objects unloaded after import = 3
========================================================================
Received Import Request.
  Time since last request: 0.000029 seconds.
  path: Assets/Assets/UI/Violet Theme Ui/White Icons/White Bluetooth Off.png
  artifactKey: Guid(f791f4cb3fbccc1419eaca61ce79eae5) Importer(815301076,1909f56bfc062723c751e8b465ee728b)
Start importing Assets/Assets/UI/Violet Theme Ui/White Icons/White Bluetooth Off.png using Guid(f791f4cb3fbccc1419eaca61ce79eae5) Importer(815301076,1909f56bfc062723c751e8b465ee728b) [PhysX] Initialized MultithreadedTaskDispatcher with 12 workers.
[PhysX] Initialized MultithreadedTaskDispatcher with 12 workers.
 -> (artifact id: '5211564d520696417abe7a4cdef5d9eb') in 0.017383 seconds
Number of updated asset objects reloaded before import = 0
Number of asset objects unloaded after import = 5
========================================================================
Received Import Request.
  Time since last request: 0.009237 seconds.
  path: Assets/Assets/UI/Dark UI/New Icons/White Bomb.png
  artifactKey: Guid(bb22a3ee8ce32a140a724d2eb5228c19) Importer(815301076,1909f56bfc062723c751e8b465ee728b)
Start importing Assets/Assets/UI/Dark UI/New Icons/White Bomb.png using Guid(bb22a3ee8ce32a140a724d2eb5228c19) Importer(815301076,1909f56bfc062723c751e8b465ee728b) [PhysX] Initialized MultithreadedTaskDispatcher with 12 workers.
[PhysX] Initialized MultithreadedTaskDispatcher with 12 workers.
 -> (artifact id: 'db161ab5a225857a68ab66d856bf3f24') in 0.012422 seconds
Number of updated asset objects reloaded before import = 0
Number of asset objects unloaded after import = 3
========================================================================
Received Import Request.
  Time since last request: 0.000015 seconds.
  path: Assets/Assets/UI/Violet Theme Ui/White Icons/White Book 2.png
  artifactKey: Guid(c481e9467be21884f91a1ee7aa1cf73b) Importer(815301076,1909f56bfc062723c751e8b465ee728b)
Start importing Assets/Assets/UI/Violet Theme Ui/White Icons/White Book 2.png using Guid(c481e9467be21884f91a1ee7aa1cf73b) Importer(815301076,1909f56bfc062723c751e8b465ee728b) [PhysX] Initialized MultithreadedTaskDispatcher with 12 workers.
[PhysX] Initialized MultithreadedTaskDispatcher with 12 workers.
 -> (artifact id: 'b2a64910a8f33c4ed67be5523ef560ef') in 0.010683 seconds
Number of updated asset objects reloaded before import = 0
Number of asset objects unloaded after import = 4
========================================================================
Received Import Request.
  Time since last request: 0.000017 seconds.
  path: Assets/Assets/UI/Violet Theme Ui/White Icons/White Bomb 2.png
  artifactKey: Guid(76f33d4497c53394b9151dc09e67064c) Importer(815301076,1909f56bfc062723c751e8b465ee728b)
Start importing Assets/Assets/UI/Violet Theme Ui/White Icons/White Bomb 2.png using Guid(76f33d4497c53394b9151dc09e67064c) Importer(815301076,1909f56bfc062723c751e8b465ee728b) [PhysX] Initialized MultithreadedTaskDispatcher with 12 workers.
[PhysX] Initialized MultithreadedTaskDispatcher with 12 workers.
 -> (artifact id: '4c2dd6e2f02a9a20e4874713a805522c') in 0.013091 seconds
Number of updated asset objects reloaded before import = 0
Number of asset objects unloaded after import = 4
========================================================================
Received Import Request.
  Time since last request: 0.000023 seconds.
  path: Assets/Assets/UI/Violet Theme Ui/White Icons/White Boots 1.png
  artifactKey: Guid(b3176559611ec2a439a40524ddf69c26) Importer(815301076,1909f56bfc062723c751e8b465ee728b)
Start importing Assets/Assets/UI/Violet Theme Ui/White Icons/White Boots 1.png using Guid(b3176559611ec2a439a40524ddf69c26) Importer(815301076,1909f56bfc062723c751e8b465ee728b) [PhysX] Initialized MultithreadedTaskDispatcher with 12 workers.
[PhysX] Initialized MultithreadedTaskDispatcher with 12 workers.
 -> (artifact id: 'fb340f6dd315437ae6df3a77b46accf9') in 0.017812 seconds
Number of updated asset objects reloaded before import = 0
Number of asset objects unloaded after import = 6
========================================================================
Received Import Request.
  Time since last request: 0.009263 seconds.
  path: Assets/Assets/UI/Dark UI/New Icons/White Bow.png
  artifactKey: Guid(9031ddff7d13d6c4fad61bb77e53414f) Importer(815301076,1909f56bfc062723c751e8b465ee728b)
Start importing Assets/Assets/UI/Dark UI/New Icons/White Bow.png using Guid(9031ddff7d13d6c4fad61bb77e53414f) Importer(815301076,1909f56bfc062723c751e8b465ee728b) [PhysX] Initialized MultithreadedTaskDispatcher with 12 workers.
[PhysX] Initialized MultithreadedTaskDispatcher with 12 workers.
 -> (artifact id: '1bd48c1f34f771f35374eb74f667a575') in 0.008674 seconds
Number of updated asset objects reloaded before import = 0
Number of asset objects unloaded after import = 3
========================================================================
Received Import Request.
  Time since last request: 0.000014 seconds.
  path: Assets/Assets/UI/Dark UI/New Icons/White Bug.png
  artifactKey: Guid(00f4db9fb344e184899b7f5e4b589792) Importer(815301076,1909f56bfc062723c751e8b465ee728b)
Start importing Assets/Assets/UI/Dark UI/New Icons/White Bug.png using Guid(00f4db9fb344e184899b7f5e4b589792) Importer(815301076,1909f56bfc062723c751e8b465ee728b) [PhysX] Initialized MultithreadedTaskDispatcher with 12 workers.
[PhysX] Initialized MultithreadedTaskDispatcher with 12 workers.
 -> (artifact id: 'bacd790146c1d24b82b33119db261dd5') in 0.009690 seconds
Number of updated asset objects reloaded before import = 0
Number of asset objects unloaded after import = 3
========================================================================
Received Import Request.
  Time since last request: 0.000048 seconds.
  path: Assets/Assets/UI/Dark UI/New Icons/White Calendar 1.png
  artifactKey: Guid(0cf5c5879d0cd244c9226a787b9f6692) Importer(815301076,1909f56bfc062723c751e8b465ee728b)
Start importing Assets/Assets/UI/Dark UI/New Icons/White Calendar 1.png using Guid(0cf5c5879d0cd244c9226a787b9f6692) Importer(815301076,1909f56bfc062723c751e8b465ee728b) [PhysX] Initialized MultithreadedTaskDispatcher with 12 workers.
[PhysX] Initialized MultithreadedTaskDispatcher with 12 workers.
 -> (artifact id: '8ba24a35cb78b10aa2cb6e486ab13394') in 0.008956 seconds
Number of updated asset objects reloaded before import = 0
Number of asset objects unloaded after import = 3
========================================================================
Received Import Request.
  Time since last request: 0.000089 seconds.
  path: Assets/Assets/UI/Dark UI/New Icons/White Calculator.png
  artifactKey: Guid(637e2bac5ed5f77469f74b9f33504f0d) Importer(815301076,1909f56bfc062723c751e8b465ee728b)
Start importing Assets/Assets/UI/Dark UI/New Icons/White Calculator.png using Guid(637e2bac5ed5f77469f74b9f33504f0d) Importer(815301076,1909f56bfc062723c751e8b465ee728b) [PhysX] Initialized MultithreadedTaskDispatcher with 12 workers.
[PhysX] Initialized MultithreadedTaskDispatcher with 12 workers.
 -> (artifact id: 'df30cf2b113d6a6e1e63df326685a826') in 0.013059 seconds
Number of updated asset objects reloaded before import = 0
Number of asset objects unloaded after import = 3
========================================================================
Received Import Request.
  Time since last request: 0.000018 seconds.
  path: Assets/Assets/UI/Violet Theme Ui/White Icons/White Calculator.png
  artifactKey: Guid(5fd6ea44dbbd9d046872ded11c5decf5) Importer(815301076,1909f56bfc062723c751e8b465ee728b)
Start importing Assets/Assets/UI/Violet Theme Ui/White Icons/White Calculator.png using Guid(5fd6ea44dbbd9d046872ded11c5decf5) Importer(815301076,1909f56bfc062723c751e8b465ee728b) [PhysX] Initialized MultithreadedTaskDispatcher with 12 workers.
[PhysX] Initialized MultithreadedTaskDispatcher with 12 workers.
 -> (artifact id: '6b00f19a5381ef47412662c055ea685e') in 0.029121 seconds
Number of updated asset objects reloaded before import = 0
Number of asset objects unloaded after import = 3
========================================================================
Received Import Request.
  Time since last request: 0.000023 seconds.
  path: Assets/Assets/UI/Dark UI/New Icons/White Camera 2.png
  artifactKey: Guid(f0877a1116c0ab642af83f17fd98f570) Importer(815301076,1909f56bfc062723c751e8b465ee728b)
Start importing Assets/Assets/UI/Dark UI/New Icons/White Camera 2.png using Guid(f0877a1116c0ab642af83f17fd98f570) Importer(815301076,1909f56bfc062723c751e8b465ee728b) [PhysX] Initialized MultithreadedTaskDispatcher with 12 workers.
[PhysX] Initialized MultithreadedTaskDispatcher with 12 workers.
 -> (artifact id: '0a6d08b753c57589e668a65dc62cb904') in 0.013848 seconds
Number of updated asset objects reloaded before import = 0
Number of asset objects unloaded after import = 3
========================================================================
Received Import Request.
  Time since last request: 0.000016 seconds.
  path: Assets/Assets/UI/Violet Theme Ui/White Icons/White Calendar 2.png
  artifactKey: Guid(84aae14d0ad80c7409ca2f25d810125d) Importer(815301076,1909f56bfc062723c751e8b465ee728b)
Start importing Assets/Assets/UI/Violet Theme Ui/White Icons/White Calendar 2.png using Guid(84aae14d0ad80c7409ca2f25d810125d) Importer(815301076,1909f56bfc062723c751e8b465ee728b) [PhysX] Initialized MultithreadedTaskDispatcher with 12 workers.
[PhysX] Initialized MultithreadedTaskDispatcher with 12 workers.
 -> (artifact id: '918965a597307b42a23a6d1ad91554ca') in 0.028825 seconds
Number of updated asset objects reloaded before import = 0
Number of asset objects unloaded after import = 4
========================================================================
Received Import Request.
  Time since last request: 0.000018 seconds.
  path: Assets/Assets/UI/Dark UI/New Icons/White Bug 2.png
  artifactKey: Guid(d456fe370b1dc30469820438c30781e0) Importer(815301076,1909f56bfc062723c751e8b465ee728b)
Start importing Assets/Assets/UI/Dark UI/New Icons/White Bug 2.png using Guid(d456fe370b1dc30469820438c30781e0) Importer(815301076,1909f56bfc062723c751e8b465ee728b) [PhysX] Initialized MultithreadedTaskDispatcher with 12 workers.
[PhysX] Initialized MultithreadedTaskDispatcher with 12 workers.
 -> (artifact id: '77646ef11439fc7953df10d3bdc374e4') in 0.008793 seconds
Number of updated asset objects reloaded before import = 0
Number of asset objects unloaded after import = 3
========================================================================
Received Import Request.
  Time since last request: 0.129254 seconds.
  path: Assets/Assets/UI/Violet Theme Ui/White Icons/White Cart.png
  artifactKey: Guid(cfdbd5242e19eb8438226557819869a0) Importer(815301076,1909f56bfc062723c751e8b465ee728b)
Start importing Assets/Assets/UI/Violet Theme Ui/White Icons/White Cart.png using Guid(cfdbd5242e19eb8438226557819869a0) Importer(815301076,1909f56bfc062723c751e8b465ee728b) [PhysX] Initialized MultithreadedTaskDispatcher with 12 workers.
[PhysX] Initialized MultithreadedTaskDispatcher with 12 workers.
 -> (artifact id: 'd48036a1a7b6c2310d4783fee6959c5c') in 0.013701 seconds
Number of updated asset objects reloaded before import = 0
Number of asset objects unloaded after import = 5
========================================================================
Received Import Request.
  Time since last request: 0.004867 seconds.
  path: Assets/Assets/UI/Dark UI/New Icons/White Castle 2.png
  artifactKey: Guid(8594eda5bcbfff046a1f1c4c793a03e5) Importer(815301076,1909f56bfc062723c751e8b465ee728b)
Start importing Assets/Assets/UI/Dark UI/New Icons/White Castle 2.png using Guid(8594eda5bcbfff046a1f1c4c793a03e5) Importer(815301076,1909f56bfc062723c751e8b465ee728b) [PhysX] Initialized MultithreadedTaskDispatcher with 12 workers.
[PhysX] Initialized MultithreadedTaskDispatcher with 12 workers.
 -> (artifact id: '4679bb654168ee30bebfd94721ace6ea') in 0.008398 seconds
Number of updated asset objects reloaded before import = 0
Number of asset objects unloaded after import = 3
========================================================================
Received Import Request.
  Time since last request: 0.000038 seconds.
  path: Assets/Assets/UI/Dark UI/New Icons/White Chat.png
  artifactKey: Guid(09ad577f037d7c74188dd1452bf40bda) Importer(815301076,1909f56bfc062723c751e8b465ee728b)
Start importing Assets/Assets/UI/Dark UI/New Icons/White Chat.png using Guid(09ad577f037d7c74188dd1452bf40bda) Importer(815301076,1909f56bfc062723c751e8b465ee728b) [PhysX] Initialized MultithreadedTaskDispatcher with 12 workers.
[PhysX] Initialized MultithreadedTaskDispatcher with 12 workers.
 -> (artifact id: 'f235e3ef1060b52424e2c4335a08f389') in 0.007825 seconds
Number of updated asset objects reloaded before import = 0
Number of asset objects unloaded after import = 3
========================================================================
Received Import Request.
  Time since last request: 0.000013 seconds.
  path: Assets/Assets/UI/Violet Theme Ui/White Icons/White Chat 4.png
  artifactKey: Guid(8002cbd2607a54c408d377e6bc2283a2) Importer(815301076,1909f56bfc062723c751e8b465ee728b)
Start importing Assets/Assets/UI/Violet Theme Ui/White Icons/White Chat 4.png using Guid(8002cbd2607a54c408d377e6bc2283a2) Importer(815301076,1909f56bfc062723c751e8b465ee728b) [PhysX] Initialized MultithreadedTaskDispatcher with 12 workers.
[PhysX] Initialized MultithreadedTaskDispatcher with 12 workers.
 -> (artifact id: '551624203ec6085e849caf2d6313ee4b') in 0.013704 seconds
Number of updated asset objects reloaded before import = 0
Number of asset objects unloaded after import = 4
========================================================================
Received Import Request.
  Time since last request: 0.000054 seconds.
  path: Assets/Assets/UI/Dark UI/New Icons/White Chat 4.png
  artifactKey: Guid(c72f41e83b785ec43adb5d5908fadf6f) Importer(815301076,1909f56bfc062723c751e8b465ee728b)
Start importing Assets/Assets/UI/Dark UI/New Icons/White Chat 4.png using Guid(c72f41e83b785ec43adb5d5908fadf6f) Importer(815301076,1909f56bfc062723c751e8b465ee728b) [PhysX] Initialized MultithreadedTaskDispatcher with 12 workers.
[PhysX] Initialized MultithreadedTaskDispatcher with 12 workers.
 -> (artifact id: '1d3ad75f36eec97a5ccf10607bb7d0bd') in 0.007766 seconds
Number of updated asset objects reloaded before import = 0
Number of asset objects unloaded after import = 3
========================================================================
Received Import Request.
  Time since last request: 0.038240 seconds.
  path: Assets/Assets/UI/Violet Theme Ui/White Icons/White Chat.png
  artifactKey: Guid(e0e00ede350534947bddc09603379697) Importer(815301076,1909f56bfc062723c751e8b465ee728b)
Start importing Assets/Assets/UI/Violet Theme Ui/White Icons/White Chat.png using Guid(e0e00ede350534947bddc09603379697) Importer(815301076,1909f56bfc062723c751e8b465ee728b) [PhysX] Initialized MultithreadedTaskDispatcher with 12 workers.
[PhysX] Initialized MultithreadedTaskDispatcher with 12 workers.
 -> (artifact id: '09bf0ae98646a335a75f60c42ee6aab4') in 0.007813 seconds
Number of updated asset objects reloaded before import = 0
Number of asset objects unloaded after import = 3
========================================================================
Received Import Request.
  Time since last request: 0.000014 seconds.
  path: Assets/Assets/UI/Dark UI/New Icons/White Clock.png
  artifactKey: Guid(7ec10866735f0ec4f88a6b20a16ad476) Importer(815301076,1909f56bfc062723c751e8b465ee728b)
Start importing Assets/Assets/UI/Dark UI/New Icons/White Clock.png using Guid(7ec10866735f0ec4f88a6b20a16ad476) Importer(815301076,1909f56bfc062723c751e8b465ee728b) [PhysX] Initialized MultithreadedTaskDispatcher with 12 workers.
[PhysX] Initialized MultithreadedTaskDispatcher with 12 workers.
 -> (artifact id: '50b54431b62ed38ae0d92930a0b7d52e') in 0.008643 seconds
Number of updated asset objects reloaded before import = 0
Number of asset objects unloaded after import = 3
========================================================================
Received Import Request.
  Time since last request: 0.000016 seconds.
  path: Assets/Assets/UI/Dark UI/New Icons/White Clip.png
  artifactKey: Guid(6e2182df84136f0489545da7cf08a727) Importer(815301076,1909f56bfc062723c751e8b465ee728b)
Start importing Assets/Assets/UI/Dark UI/New Icons/White Clip.png using Guid(6e2182df84136f0489545da7cf08a727) Importer(815301076,1909f56bfc062723c751e8b465ee728b) [PhysX] Initialized MultithreadedTaskDispatcher with 12 workers.
[PhysX] Initialized MultithreadedTaskDispatcher with 12 workers.
 -> (artifact id: '89d4b7f6162300338eb705b49bb1ba08') in 0.007770 seconds
Number of updated asset objects reloaded before import = 0
Number of asset objects unloaded after import = 3
========================================================================
Received Import Request.
  Time since last request: 0.000075 seconds.
  path: Assets/Assets/UI/Violet Theme Ui/White Icons/White Chest.png
  artifactKey: Guid(062478d802b535644af9b437b81a8bec) Importer(815301076,1909f56bfc062723c751e8b465ee728b)
Start importing Assets/Assets/UI/Violet Theme Ui/White Icons/White Chest.png using Guid(062478d802b535644af9b437b81a8bec) Importer(815301076,1909f56bfc062723c751e8b465ee728b) [PhysX] Initialized MultithreadedTaskDispatcher with 12 workers.
[PhysX] Initialized MultithreadedTaskDispatcher with 12 workers.
 -> (artifact id: 'ead3aa85a992113dd7a5b9ef179f6eab') in 0.015900 seconds
Number of updated asset objects reloaded before import = 0
Number of asset objects unloaded after import = 6
========================================================================
Received Import Request.
  Time since last request: 0.000014 seconds.
  path: Assets/Assets/UI/Dark UI/New Icons/White Choices.png
  artifactKey: Guid(cfcc9b2d60e4e634799b705f383d0863) Importer(815301076,1909f56bfc062723c751e8b465ee728b)
Start importing Assets/Assets/UI/Dark UI/New Icons/White Choices.png using Guid(cfcc9b2d60e4e634799b705f383d0863) Importer(815301076,1909f56bfc062723c751e8b465ee728b) [PhysX] Initialized MultithreadedTaskDispatcher with 12 workers.
[PhysX] Initialized MultithreadedTaskDispatcher with 12 workers.
 -> (artifact id: '2538580e69126061773414149386bdb0') in 0.008558 seconds
Number of updated asset objects reloaded before import = 0
Number of asset objects unloaded after import = 3
========================================================================
Received Import Request.
  Time since last request: 0.000018 seconds.
  path: Assets/Assets/UI/Dark UI/New Icons/White Close.png
  artifactKey: Guid(9054dc5711d27884a90b3ef076f6d3d4) Importer(815301076,1909f56bfc062723c751e8b465ee728b)
Start importing Assets/Assets/UI/Dark UI/New Icons/White Close.png using Guid(9054dc5711d27884a90b3ef076f6d3d4) Importer(815301076,1909f56bfc062723c751e8b465ee728b) [PhysX] Initialized MultithreadedTaskDispatcher with 12 workers.
[PhysX] Initialized MultithreadedTaskDispatcher with 12 workers.
 -> (artifact id: 'f18229056a8ad21072fd1104a12eea99') in 0.008407 seconds
Number of updated asset objects reloaded before import = 0
Number of asset objects unloaded after import = 3
========================================================================
Received Import Request.
  Time since last request: 0.271345 seconds.
  path: Assets/Assets/UI/Violet Theme Ui/White Icons/White Close 2.png
  artifactKey: Guid(578fc686cfcf7b848b77f202915a9e02) Importer(815301076,1909f56bfc062723c751e8b465ee728b)
Start importing Assets/Assets/UI/Violet Theme Ui/White Icons/White Close 2.png using Guid(578fc686cfcf7b848b77f202915a9e02) Importer(815301076,1909f56bfc062723c751e8b465ee728b) [PhysX] Initialized MultithreadedTaskDispatcher with 12 workers.
[PhysX] Initialized MultithreadedTaskDispatcher with 12 workers.
 -> (artifact id: '3777c2b4b878d64391ab14497bafe754') in 0.014904 seconds
Number of updated asset objects reloaded before import = 0
Number of asset objects unloaded after import = 3
========================================================================
Received Import Request.
  Time since last request: 0.000027 seconds.
  path: Assets/Assets/UI/Dark UI/New Icons/White Cloud 2.png
  artifactKey: Guid(26296941768b8ce45919770860a12d3a) Importer(815301076,1909f56bfc062723c751e8b465ee728b)
Start importing Assets/Assets/UI/Dark UI/New Icons/White Cloud 2.png using Guid(26296941768b8ce45919770860a12d3a) Importer(815301076,1909f56bfc062723c751e8b465ee728b) [PhysX] Initialized MultithreadedTaskDispatcher with 12 workers.
[PhysX] Initialized MultithreadedTaskDispatcher with 12 workers.
 -> (artifact id: '568901fb824068d7843662e83f21032e') in 0.018354 seconds
Number of updated asset objects reloaded before import = 0
Number of asset objects unloaded after import = 3
========================================================================
Received Import Request.
  Time since last request: 0.000024 seconds.
  path: Assets/Assets/UI/Violet Theme Ui/White Icons/White Compass.png
  artifactKey: Guid(12e105ba6efad2142bbc212df2701300) Importer(815301076,1909f56bfc062723c751e8b465ee728b)
Start importing Assets/Assets/UI/Violet Theme Ui/White Icons/White Compass.png using Guid(12e105ba6efad2142bbc212df2701300) Importer(815301076,1909f56bfc062723c751e8b465ee728b) [PhysX] Initialized MultithreadedTaskDispatcher with 12 workers.
[PhysX] Initialized MultithreadedTaskDispatcher with 12 workers.
 -> (artifact id: '763bbb08344d341510873d4648198972') in 0.015663 seconds
Number of updated asset objects reloaded before import = 0
Number of asset objects unloaded after import = 3
========================================================================
Received Import Request.
  Time since last request: 0.016435 seconds.
  path: Assets/Assets/UI/Dark UI/New Icons/White Connected Symbol.png
  artifactKey: Guid(d1afd07d3576cf14b8e83e2fa133b9ff) Importer(815301076,1909f56bfc062723c751e8b465ee728b)
Start importing Assets/Assets/UI/Dark UI/New Icons/White Connected Symbol.png using Guid(d1afd07d3576cf14b8e83e2fa133b9ff) Importer(815301076,1909f56bfc062723c751e8b465ee728b) [PhysX] Initialized MultithreadedTaskDispatcher with 12 workers.
[PhysX] Initialized MultithreadedTaskDispatcher with 12 workers.
 -> (artifact id: 'b161576678618085bce001801d7a8285') in 0.010694 seconds
Number of updated asset objects reloaded before import = 0
Number of asset objects unloaded after import = 3
========================================================================
Received Import Request.
  Time since last request: 0.000037 seconds.
  path: Assets/Assets/UI/Dark UI/New Icons/White Cross.png
  artifactKey: Guid(2f7e81f4616095a40b3309b8b577af15) Importer(815301076,1909f56bfc062723c751e8b465ee728b)
Start importing Assets/Assets/UI/Dark UI/New Icons/White Cross.png using Guid(2f7e81f4616095a40b3309b8b577af15) Importer(815301076,1909f56bfc062723c751e8b465ee728b) [PhysX] Initialized MultithreadedTaskDispatcher with 12 workers.
[PhysX] Initialized MultithreadedTaskDispatcher with 12 workers.
 -> (artifact id: '4e39137ab5925d5a5a2f819cec1df827') in 0.008292 seconds
Number of updated asset objects reloaded before import = 0
Number of asset objects unloaded after import = 3
========================================================================
Received Import Request.
  Time since last request: 0.000278 seconds.
  path: Assets/Assets/UI/Dark UI/New Icons/White Cross Arows.png
  artifactKey: Guid(033b53303ba57294d8c7ed106be23d97) Importer(815301076,1909f56bfc062723c751e8b465ee728b)
Start importing Assets/Assets/UI/Dark UI/New Icons/White Cross Arows.png using Guid(033b53303ba57294d8c7ed106be23d97) Importer(815301076,1909f56bfc062723c751e8b465ee728b) [PhysX] Initialized MultithreadedTaskDispatcher with 12 workers.
[PhysX] Initialized MultithreadedTaskDispatcher with 12 workers.
 -> (artifact id: 'b2e11c5829b2386a6937bd7921454052') in 0.007439 seconds
Number of updated asset objects reloaded before import = 0
Number of asset objects unloaded after import = 3
========================================================================
Received Import Request.
  Time since last request: 0.023721 seconds.
  path: Assets/Assets/UI/Dark UI/New Icons/White Cross Swords.png
  artifactKey: Guid(3913229a660ff0f4e842bbb278a76672) Importer(815301076,1909f56bfc062723c751e8b465ee728b)
Start importing Assets/Assets/UI/Dark UI/New Icons/White Cross Swords.png using Guid(3913229a660ff0f4e842bbb278a76672) Importer(815301076,1909f56bfc062723c751e8b465ee728b) [PhysX] Initialized MultithreadedTaskDispatcher with 12 workers.
[PhysX] Initialized MultithreadedTaskDispatcher with 12 workers.
 -> (artifact id: '2d8c827e28d53d7a148ca2fff5b3c6a5') in 0.008481 seconds
Number of updated asset objects reloaded before import = 0
Number of asset objects unloaded after import = 3
========================================================================
Received Import Request.
  Time since last request: 0.000034 seconds.
  path: Assets/Assets/UI/Dark UI/New Icons/White Crown 2.png
  artifactKey: Guid(4fad12f9cb197e342928d1584051b58b) Importer(815301076,1909f56bfc062723c751e8b465ee728b)
Start importing Assets/Assets/UI/Dark UI/New Icons/White Crown 2.png using Guid(4fad12f9cb197e342928d1584051b58b) Importer(815301076,1909f56bfc062723c751e8b465ee728b) [PhysX] Initialized MultithreadedTaskDispatcher with 12 workers.
[PhysX] Initialized MultithreadedTaskDispatcher with 12 workers.
 -> (artifact id: 'b50479a6c8deea0b3049d3fbc8baf0a6') in 0.010216 seconds
Number of updated asset objects reloaded before import = 0
Number of asset objects unloaded after import = 3
========================================================================
Received Import Request.
  Time since last request: 0.000017 seconds.
  path: Assets/Assets/UI/Dark UI/New Icons/White Cycle.png
  artifactKey: Guid(94c7e2ea147841740a2ddab55760dde4) Importer(815301076,1909f56bfc062723c751e8b465ee728b)
Start importing Assets/Assets/UI/Dark UI/New Icons/White Cycle.png using Guid(94c7e2ea147841740a2ddab55760dde4) Importer(815301076,1909f56bfc062723c751e8b465ee728b) [PhysX] Initialized MultithreadedTaskDispatcher with 12 workers.
[PhysX] Initialized MultithreadedTaskDispatcher with 12 workers.
 -> (artifact id: 'aa6a029bc82c55ecadc3dda8891e0b20') in 0.008310 seconds
Number of updated asset objects reloaded before import = 0
Number of asset objects unloaded after import = 3
========================================================================
Received Import Request.
  Time since last request: 0.000412 seconds.
  path: Assets/Assets/UI/Violet Theme Ui/White Icons/White Device Vibration.png
  artifactKey: Guid(14313135a6a46094cbdcab0e01c6e628) Importer(815301076,1909f56bfc062723c751e8b465ee728b)
Start importing Assets/Assets/UI/Violet Theme Ui/White Icons/White Device Vibration.png using Guid(14313135a6a46094cbdcab0e01c6e628) Importer(815301076,1909f56bfc062723c751e8b465ee728b) [PhysX] Initialized MultithreadedTaskDispatcher with 12 workers.
[PhysX] Initialized MultithreadedTaskDispatcher with 12 workers.
 -> (artifact id: 'ffd687f9bfad9b70d09af206f834c290') in 0.015209 seconds
Number of updated asset objects reloaded before import = 0
Number of asset objects unloaded after import = 5
========================================================================
Received Import Request.
  Time since last request: 0.000018 seconds.
  path: Assets/Assets/UI/Violet Theme Ui/White Icons/White Crown 2.png
  artifactKey: Guid(97a7a415fdd23b046a9d12ddb2e073c2) Importer(815301076,1909f56bfc062723c751e8b465ee728b)
Start importing Assets/Assets/UI/Violet Theme Ui/White Icons/White Crown 2.png using Guid(97a7a415fdd23b046a9d12ddb2e073c2) Importer(815301076,1909f56bfc062723c751e8b465ee728b) [PhysX] Initialized MultithreadedTaskDispatcher with 12 workers.
[PhysX] Initialized MultithreadedTaskDispatcher with 12 workers.
 -> (artifact id: '93c85c1c6457358b6112334a1058f7f6') in 0.008674 seconds
Number of updated asset objects reloaded before import = 0
Number of asset objects unloaded after import = 3
========================================================================
Received Import Request.
  Time since last request: 0.005315 seconds.
  path: Assets/Assets/UI/Dark UI/New Icons/White Dollar Sign.png
  artifactKey: Guid(ed58699d39fb18f45a75204c4c4e6abd) Importer(815301076,1909f56bfc062723c751e8b465ee728b)
Start importing Assets/Assets/UI/Dark UI/New Icons/White Dollar Sign.png using Guid(ed58699d39fb18f45a75204c4c4e6abd) Importer(815301076,1909f56bfc062723c751e8b465ee728b) [PhysX] Initialized MultithreadedTaskDispatcher with 12 workers.
[PhysX] Initialized MultithreadedTaskDispatcher with 12 workers.
 -> (artifact id: '7f12abbed50fd48d7a87df499fd53a5f') in 0.009539 seconds
Number of updated asset objects reloaded before import = 0
Number of asset objects unloaded after import = 3
========================================================================
Received Import Request.
  Time since last request: 0.000034 seconds.
  path: Assets/Assets/UI/Dark UI/New Icons/White DropDown.png
  artifactKey: Guid(a4ef5a9e4bbba9d489d341e91123f518) Importer(815301076,1909f56bfc062723c751e8b465ee728b)
Start importing Assets/Assets/UI/Dark UI/New Icons/White DropDown.png using Guid(a4ef5a9e4bbba9d489d341e91123f518) Importer(815301076,1909f56bfc062723c751e8b465ee728b) [PhysX] Initialized MultithreadedTaskDispatcher with 12 workers.
[PhysX] Initialized MultithreadedTaskDispatcher with 12 workers.
 -> (artifact id: '04ee8617377baa0382654253da6a79e3') in 0.009614 seconds
Number of updated asset objects reloaded before import = 0
Number of asset objects unloaded after import = 3
========================================================================
Received Import Request.
  Time since last request: 0.000026 seconds.
  path: Assets/Assets/UI/Violet Theme Ui/White Icons/White Down.png
  artifactKey: Guid(4cf23baf6b458c0439b33974c7e61bd0) Importer(815301076,1909f56bfc062723c751e8b465ee728b)
Start importing Assets/Assets/UI/Violet Theme Ui/White Icons/White Down.png using Guid(4cf23baf6b458c0439b33974c7e61bd0) Importer(815301076,1909f56bfc062723c751e8b465ee728b) [PhysX] Initialized MultithreadedTaskDispatcher with 12 workers.
[PhysX] Initialized MultithreadedTaskDispatcher with 12 workers.
 -> (artifact id: 'cc10dc043a3ace7304ef319bf49d623a') in 0.007993 seconds
Number of updated asset objects reloaded before import = 0
Number of asset objects unloaded after import = 3
========================================================================
Received Import Request.
  Time since last request: 0.273079 seconds.
  path: Assets/Assets/UI/Dark UI/New Icons/White Energy.png
  artifactKey: Guid(9b03d0e2a9247694d920c0e8d27668d6) Importer(815301076,1909f56bfc062723c751e8b465ee728b)
Start importing Assets/Assets/UI/Dark UI/New Icons/White Energy.png using Guid(9b03d0e2a9247694d920c0e8d27668d6) Importer(815301076,1909f56bfc062723c751e8b465ee728b) [PhysX] Initialized MultithreadedTaskDispatcher with 12 workers.
[PhysX] Initialized MultithreadedTaskDispatcher with 12 workers.
 -> (artifact id: '5d9602c96632458bfcb94e55984c7ae7') in 0.007737 seconds
Number of updated asset objects reloaded before import = 0
Number of asset objects unloaded after import = 3
========================================================================
Received Import Request.
  Time since last request: 0.000014 seconds.
  path: Assets/Assets/UI/Violet Theme Ui/White Icons/White Expand.png
  artifactKey: Guid(dcaf568f4227a954bb38a1f968381054) Importer(815301076,1909f56bfc062723c751e8b465ee728b)
Start importing Assets/Assets/UI/Violet Theme Ui/White Icons/White Expand.png using Guid(dcaf568f4227a954bb38a1f968381054) Importer(815301076,1909f56bfc062723c751e8b465ee728b) [PhysX] Initialized MultithreadedTaskDispatcher with 12 workers.
[PhysX] Initialized MultithreadedTaskDispatcher with 12 workers.
 -> (artifact id: '3be7566089d7675158a5056c1ebad6cf') in 0.015446 seconds
Number of updated asset objects reloaded before import = 0
Number of asset objects unloaded after import = 6
========================================================================
Received Import Request.
  Time since last request: 0.000102 seconds.
  path: Assets/Assets/UI/Dark UI/New Icons/White Fast Rewind.png
  artifactKey: Guid(26b3db638b7370c4fbf0c5963303663e) Importer(815301076,1909f56bfc062723c751e8b465ee728b)
Start importing Assets/Assets/UI/Dark UI/New Icons/White Fast Rewind.png using Guid(26b3db638b7370c4fbf0c5963303663e) Importer(815301076,1909f56bfc062723c751e8b465ee728b) [PhysX] Initialized MultithreadedTaskDispatcher with 12 workers.
[PhysX] Initialized MultithreadedTaskDispatcher with 12 workers.
 -> (artifact id: '0b6cd9908af9f8a033000592aed70f6a') in 0.008011 seconds
Number of updated asset objects reloaded before import = 0
Number of asset objects unloaded after import = 3
========================================================================
Received Import Request.
  Time since last request: 0.000014 seconds.
  path: Assets/Assets/UI/Violet Theme Ui/White Icons/White Explosion.png
  artifactKey: Guid(666a96168922fa0458e77d7b3ae8d605) Importer(815301076,1909f56bfc062723c751e8b465ee728b)
Start importing Assets/Assets/UI/Violet Theme Ui/White Icons/White Explosion.png using Guid(666a96168922fa0458e77d7b3ae8d605) Importer(815301076,1909f56bfc062723c751e8b465ee728b) [PhysX] Initialized MultithreadedTaskDispatcher with 12 workers.
[PhysX] Initialized MultithreadedTaskDispatcher with 12 workers.
 -> (artifact id: '44c09b9de66f046bdb931a696ae0b6fe') in 0.008583 seconds
Number of updated asset objects reloaded before import = 0
Number of asset objects unloaded after import = 3
========================================================================
Received Import Request.
  Time since last request: 0.000014 seconds.
  path: Assets/Assets/UI/Violet Theme Ui/White Icons/White Fan.png
  artifactKey: Guid(83c3b7682f149604e8ca948a8de4387e) Importer(815301076,1909f56bfc062723c751e8b465ee728b)
Start importing Assets/Assets/UI/Violet Theme Ui/White Icons/White Fan.png using Guid(83c3b7682f149604e8ca948a8de4387e) Importer(815301076,1909f56bfc062723c751e8b465ee728b) [PhysX] Initialized MultithreadedTaskDispatcher with 12 workers.
[PhysX] Initialized MultithreadedTaskDispatcher with 12 workers.
 -> (artifact id: 'f2ff7fa8a59ac9e9c73ffc0dcc1d5565') in 0.015825 seconds
Number of updated asset objects reloaded before import = 0
Number of asset objects unloaded after import = 6
========================================================================
Received Import Request.
  Time since last request: 0.000015 seconds.
  path: Assets/Assets/UI/Dark UI/New Icons/White Expand.png
  artifactKey: Guid(07230c17de668be488c33476fe450846) Importer(815301076,1909f56bfc062723c751e8b465ee728b)
Start importing Assets/Assets/UI/Dark UI/New Icons/White Expand.png using Guid(07230c17de668be488c33476fe450846) Importer(815301076,1909f56bfc062723c751e8b465ee728b) [PhysX] Initialized MultithreadedTaskDispatcher with 12 workers.
[PhysX] Initialized MultithreadedTaskDispatcher with 12 workers.
 -> (artifact id: '6ce100079d66eab29fa6cd2984bd25cb') in 0.007909 seconds
Number of updated asset objects reloaded before import = 0
Number of asset objects unloaded after import = 3
========================================================================
Received Import Request.
  Time since last request: 0.000015 seconds.
  path: Assets/Assets/UI/Violet Theme Ui/White Icons/White Female.png
  artifactKey: Guid(34bf72806fa81cb4a871018b3fa1f88c) Importer(815301076,1909f56bfc062723c751e8b465ee728b)
Start importing Assets/Assets/UI/Violet Theme Ui/White Icons/White Female.png using Guid(34bf72806fa81cb4a871018b3fa1f88c) Importer(815301076,1909f56bfc062723c751e8b465ee728b) [PhysX] Initialized MultithreadedTaskDispatcher with 12 workers.
[PhysX] Initialized MultithreadedTaskDispatcher with 12 workers.
 -> (artifact id: 'd1592bb6d0eaa1051b33107b71a1b1ae') in 0.008538 seconds
Number of updated asset objects reloaded before import = 0
Number of asset objects unloaded after import = 3
========================================================================
Received Import Request.
  Time since last request: 0.000035 seconds.
  path: Assets/Assets/UI/Violet Theme Ui/White Icons/White Files.png
  artifactKey: Guid(d9af747b46e353d4fba5fda3cba7b90e) Importer(815301076,1909f56bfc062723c751e8b465ee728b)
Start importing Assets/Assets/UI/Violet Theme Ui/White Icons/White Files.png using Guid(d9af747b46e353d4fba5fda3cba7b90e) Importer(815301076,1909f56bfc062723c751e8b465ee728b) [PhysX] Initialized MultithreadedTaskDispatcher with 12 workers.
[PhysX] Initialized MultithreadedTaskDispatcher with 12 workers.
 -> (artifact id: '26c9ef894dec8520ff3e686b11870010') in 0.011043 seconds
Number of updated asset objects reloaded before import = 0
Number of asset objects unloaded after import = 4
========================================================================
Received Import Request.
  Time since last request: 0.000103 seconds.
  path: Assets/Assets/UI/Dark UI/New Icons/White Female.png
  artifactKey: Guid(4bd8ae77366ad574d8cc527e83e746e6) Importer(815301076,1909f56bfc062723c751e8b465ee728b)
Start importing Assets/Assets/UI/Dark UI/New Icons/White Female.png using Guid(4bd8ae77366ad574d8cc527e83e746e6) Importer(815301076,1909f56bfc062723c751e8b465ee728b) [PhysX] Initialized MultithreadedTaskDispatcher with 12 workers.
[PhysX] Initialized MultithreadedTaskDispatcher with 12 workers.
 -> (artifact id: '2c6538ebd9c7afa087a5f489d6807e74') in 0.009606 seconds
Number of updated asset objects reloaded before import = 0
Number of asset objects unloaded after import = 3
========================================================================
Received Import Request.
  Time since last request: 0.016812 seconds.
  path: Assets/Assets/UI/Dark UI/New Icons/White Fire.png
  artifactKey: Guid(55a26f8ddf4bcd84ebac28cd0267311b) Importer(815301076,1909f56bfc062723c751e8b465ee728b)
Start importing Assets/Assets/UI/Dark UI/New Icons/White Fire.png using Guid(55a26f8ddf4bcd84ebac28cd0267311b) Importer(815301076,1909f56bfc062723c751e8b465ee728b) [PhysX] Initialized MultithreadedTaskDispatcher with 12 workers.
[PhysX] Initialized MultithreadedTaskDispatcher with 12 workers.
 -> (artifact id: '7d3a7b67f0534b4b6acc3d756e8133a1') in 0.009762 seconds
Number of updated asset objects reloaded before import = 0
Number of asset objects unloaded after import = 3
========================================================================
Received Import Request.
  Time since last request: 0.000211 seconds.
  path: Assets/Assets/UI/Dark UI/New Icons/White Flag.png
  artifactKey: Guid(96aed215dfd98764ca9995bb594b313a) Importer(815301076,1909f56bfc062723c751e8b465ee728b)
Start importing Assets/Assets/UI/Dark UI/New Icons/White Flag.png using Guid(96aed215dfd98764ca9995bb594b313a) Importer(815301076,1909f56bfc062723c751e8b465ee728b) [PhysX] Initialized MultithreadedTaskDispatcher with 12 workers.
[PhysX] Initialized MultithreadedTaskDispatcher with 12 workers.
 -> (artifact id: '4ffd2d86e50bd63f90c70add5793aae2') in 0.009044 seconds
Number of updated asset objects reloaded before import = 0
Number of asset objects unloaded after import = 3
========================================================================
Received Import Request.
  Time since last request: 0.000013 seconds.
  path: Assets/Assets/UI/Dark UI/New Icons/White Fish 2.png
  artifactKey: Guid(4ed054b89ed50074cbc9fc2e896ab9a5) Importer(815301076,1909f56bfc062723c751e8b465ee728b)
Start importing Assets/Assets/UI/Dark UI/New Icons/White Fish 2.png using Guid(4ed054b89ed50074cbc9fc2e896ab9a5) Importer(815301076,1909f56bfc062723c751e8b465ee728b) [PhysX] Initialized MultithreadedTaskDispatcher with 12 workers.
[PhysX] Initialized MultithreadedTaskDispatcher with 12 workers.
 -> (artifact id: '169a5069167312c333fcc92f9a3b7973') in 0.007435 seconds
Number of updated asset objects reloaded before import = 0
Number of asset objects unloaded after import = 3
========================================================================
Received Import Request.
  Time since last request: 0.000039 seconds.
  path: Assets/Assets/UI/Violet Theme Ui/White Icons/White Flag.png
  artifactKey: Guid(f39592a71622d61498f1e5d04f07a0c6) Importer(815301076,1909f56bfc062723c751e8b465ee728b)
Start importing Assets/Assets/UI/Violet Theme Ui/White Icons/White Flag.png using Guid(f39592a71622d61498f1e5d04f07a0c6) Importer(815301076,1909f56bfc062723c751e8b465ee728b) [PhysX] Initialized MultithreadedTaskDispatcher with 12 workers.
[PhysX] Initialized MultithreadedTaskDispatcher with 12 workers.
 -> (artifact id: '9d3d0d6688fc86962113e13ef0af1f78') in 0.009080 seconds
Number of updated asset objects reloaded before import = 0
Number of asset objects unloaded after import = 4
========================================================================
Received Import Request.
  Time since last request: 0.219740 seconds.
  path: Assets/Assets/UI/Dark UI/New Icons/White Folder.png
  artifactKey: Guid(cdb651cb1bd63fe42ba8ce7c3d2ab8e1) Importer(815301076,1909f56bfc062723c751e8b465ee728b)
Start importing Assets/Assets/UI/Dark UI/New Icons/White Folder.png using Guid(cdb651cb1bd63fe42ba8ce7c3d2ab8e1) Importer(815301076,1909f56bfc062723c751e8b465ee728b) [PhysX] Initialized MultithreadedTaskDispatcher with 12 workers.
[PhysX] Initialized MultithreadedTaskDispatcher with 12 workers.
 -> (artifact id: 'e9369ce98d2dce3f1dcef999ee78a98d') in 0.016880 seconds
Number of updated asset objects reloaded before import = 0
Number of asset objects unloaded after import = 3
========================================================================
Received Import Request.
  Time since last request: 0.000030 seconds.
  path: Assets/Assets/UI/Violet Theme Ui/White Icons/White Folder.png
  artifactKey: Guid(250148829f7c20542adb0bd6fdbebff1) Importer(815301076,1909f56bfc062723c751e8b465ee728b)
Start importing Assets/Assets/UI/Violet Theme Ui/White Icons/White Folder.png using Guid(250148829f7c20542adb0bd6fdbebff1) Importer(815301076,1909f56bfc062723c751e8b465ee728b) [PhysX] Initialized MultithreadedTaskDispatcher with 12 workers.
[PhysX] Initialized MultithreadedTaskDispatcher with 12 workers.
 -> (artifact id: '71bfe21369375d5f4c020f7ff220cfdf') in 0.020453 seconds
Number of updated asset objects reloaded before import = 0
Number of asset objects unloaded after import = 4
========================================================================
Received Import Request.
  Time since last request: 0.000022 seconds.
  path: Assets/Assets/UI/Violet Theme Ui/White Icons/White Forward 2.png
  artifactKey: Guid(a7c255899314dbd40a7d17a78c90c216) Importer(815301076,1909f56bfc062723c751e8b465ee728b)
Start importing Assets/Assets/UI/Violet Theme Ui/White Icons/White Forward 2.png using Guid(a7c255899314dbd40a7d17a78c90c216) Importer(815301076,1909f56bfc062723c751e8b465ee728b) [PhysX] Initialized MultithreadedTaskDispatcher with 12 workers.
[PhysX] Initialized MultithreadedTaskDispatcher with 12 workers.
 -> (artifact id: '2144ea077dabad2c86cbe1e39bab0d4e') in 0.014256 seconds
Number of updated asset objects reloaded before import = 0
Number of asset objects unloaded after import = 3
========================================================================
Received Import Request.
  Time since last request: 0.046022 seconds.
  path: Assets/Assets/UI/Dark UI/New Icons/White Gasoline.png
  artifactKey: Guid(f0d723fbdc0a7af4ea7265a14182085a) Importer(815301076,1909f56bfc062723c751e8b465ee728b)
Start importing Assets/Assets/UI/Dark UI/New Icons/White Gasoline.png using Guid(f0d723fbdc0a7af4ea7265a14182085a) Importer(815301076,1909f56bfc062723c751e8b465ee728b) [PhysX] Initialized MultithreadedTaskDispatcher with 12 workers.
[PhysX] Initialized MultithreadedTaskDispatcher with 12 workers.
 -> (artifact id: 'e9049a279cad6d7d687fcd8e0c2ce9a7') in 0.007789 seconds
Number of updated asset objects reloaded before import = 0
Number of asset objects unloaded after import = 3
========================================================================
Received Import Request.
  Time since last request: 0.000017 seconds.
  path: Assets/Assets/UI/Dark UI/New Icons/White Gem 2.png
  artifactKey: Guid(d51bf16180dfdf3418a9d16a2d857e6b) Importer(815301076,1909f56bfc062723c751e8b465ee728b)
Start importing Assets/Assets/UI/Dark UI/New Icons/White Gem 2.png using Guid(d51bf16180dfdf3418a9d16a2d857e6b) Importer(815301076,1909f56bfc062723c751e8b465ee728b) [PhysX] Initialized MultithreadedTaskDispatcher with 12 workers.
[PhysX] Initialized MultithreadedTaskDispatcher with 12 workers.
 -> (artifact id: '81dc282a95ae5dae5152bc7a981852c7') in 0.007931 seconds
Number of updated asset objects reloaded before import = 0
Number of asset objects unloaded after import = 3
========================================================================
Received Import Request.
  Time since last request: 0.000016 seconds.
  path: Assets/Assets/UI/Violet Theme Ui/White Icons/White Gear 1.png
  artifactKey: Guid(947a4a4150039314191f967d35886cf1) Importer(815301076,1909f56bfc062723c751e8b465ee728b)
Start importing Assets/Assets/UI/Violet Theme Ui/White Icons/White Gear 1.png using Guid(947a4a4150039314191f967d35886cf1) Importer(815301076,1909f56bfc062723c751e8b465ee728b) [PhysX] Initialized MultithreadedTaskDispatcher with 12 workers.
[PhysX] Initialized MultithreadedTaskDispatcher with 12 workers.
 -> (artifact id: '394406112184e0a9c42c8f93aa28cc49') in 0.008688 seconds
Number of updated asset objects reloaded before import = 0
Number of asset objects unloaded after import = 3
========================================================================
Received Import Request.
  Time since last request: 0.000018 seconds.
  path: Assets/Assets/UI/Violet Theme Ui/White Icons/White Gem 2.png
  artifactKey: Guid(37d7ae99dc83d1d4887fb685af0baea7) Importer(815301076,1909f56bfc062723c751e8b465ee728b)
Start importing Assets/Assets/UI/Violet Theme Ui/White Icons/White Gem 2.png using Guid(37d7ae99dc83d1d4887fb685af0baea7) Importer(815301076,1909f56bfc062723c751e8b465ee728b) [PhysX] Initialized MultithreadedTaskDispatcher with 12 workers.
[PhysX] Initialized MultithreadedTaskDispatcher with 12 workers.
 -> (artifact id: 'cb3a77f8dfb5dc9c0f919bb4cc257627') in 0.024735 seconds
Number of updated asset objects reloaded before import = 0
Number of asset objects unloaded after import = 10
========================================================================
Received Import Request.
  Time since last request: 0.003121 seconds.
  path: Assets/Assets/UI/Dark UI/New Icons/White Gift.png
  artifactKey: Guid(0a9348ff9de6b7c4db0399ea17e32017) Importer(815301076,1909f56bfc062723c751e8b465ee728b)
Start importing Assets/Assets/UI/Dark UI/New Icons/White Gift.png using Guid(0a9348ff9de6b7c4db0399ea17e32017) Importer(815301076,1909f56bfc062723c751e8b465ee728b) [PhysX] Initialized MultithreadedTaskDispatcher with 12 workers.
[PhysX] Initialized MultithreadedTaskDispatcher with 12 workers.
 -> (artifact id: '09fa40363569bd24564fcbd1b0faa00c') in 0.008718 seconds
Number of updated asset objects reloaded before import = 0
Number of asset objects unloaded after import = 3
========================================================================
Received Import Request.
  Time since last request: 0.000016 seconds.
  path: Assets/Assets/UI/Violet Theme Ui/White Icons/White Globe.png
  artifactKey: Guid(3719bdfb810404b40bb4d15e77f72778) Importer(815301076,1909f56bfc062723c751e8b465ee728b)
Start importing Assets/Assets/UI/Violet Theme Ui/White Icons/White Globe.png using Guid(3719bdfb810404b40bb4d15e77f72778) Importer(815301076,1909f56bfc062723c751e8b465ee728b) [PhysX] Initialized MultithreadedTaskDispatcher with 12 workers.
[PhysX] Initialized MultithreadedTaskDispatcher with 12 workers.
 -> (artifact id: '44bc9b79482ce44eae8013986f0738a9') in 0.007526 seconds
Number of updated asset objects reloaded before import = 0
Number of asset objects unloaded after import = 3
========================================================================
Received Import Request.
  Time since last request: 0.029446 seconds.
  path: Assets/Assets/UI/Dark UI/New Icons/White Google.png
  artifactKey: Guid(f13936c7942bc0a48a7ec9fe3a11880b) Importer(815301076,1909f56bfc062723c751e8b465ee728b)
Start importing Assets/Assets/UI/Dark UI/New Icons/White Google.png using Guid(f13936c7942bc0a48a7ec9fe3a11880b) Importer(815301076,1909f56bfc062723c751e8b465ee728b) [PhysX] Initialized MultithreadedTaskDispatcher with 12 workers.
[PhysX] Initialized MultithreadedTaskDispatcher with 12 workers.
 -> (artifact id: 'dd300985e232de850cc50b5b60050152') in 0.009456 seconds
Number of updated asset objects reloaded before import = 0
Number of asset objects unloaded after import = 3
========================================================================
Received Import Request.
  Time since last request: 0.000014 seconds.
  path: Assets/Assets/UI/Dark UI/New Icons/White Gun.png
  artifactKey: Guid(6f96056f07249b54c9829d5de7c61021) Importer(815301076,1909f56bfc062723c751e8b465ee728b)
Start importing Assets/Assets/UI/Dark UI/New Icons/White Gun.png using Guid(6f96056f07249b54c9829d5de7c61021) Importer(815301076,1909f56bfc062723c751e8b465ee728b) [PhysX] Initialized MultithreadedTaskDispatcher with 12 workers.
[PhysX] Initialized MultithreadedTaskDispatcher with 12 workers.
 -> (artifact id: '67ed3de16d9271d418a6cfc3bb691964') in 0.007924 seconds
Number of updated asset objects reloaded before import = 0
Number of asset objects unloaded after import = 3
========================================================================
Received Import Request.
  Time since last request: 0.000016 seconds.
  path: Assets/Assets/UI/Violet Theme Ui/White Icons/White Grenade.png
  artifactKey: Guid(13ac418459006ce48a3ce1fb7ca60c10) Importer(815301076,1909f56bfc062723c751e8b465ee728b)
Start importing Assets/Assets/UI/Violet Theme Ui/White Icons/White Grenade.png using Guid(13ac418459006ce48a3ce1fb7ca60c10) Importer(815301076,1909f56bfc062723c751e8b465ee728b) [PhysX] Initialized MultithreadedTaskDispatcher with 12 workers.
[PhysX] Initialized MultithreadedTaskDispatcher with 12 workers.
 -> (artifact id: '25a2ea48dc7ab60f14f97066c1802105') in 0.014066 seconds
Number of updated asset objects reloaded before import = 0
Number of asset objects unloaded after import = 5
========================================================================
Received Import Request.
  Time since last request: 0.194870 seconds.
  path: Assets/Assets/UI/Violet Theme Ui/White Icons/White Gun.png
  artifactKey: Guid(9ce1a11ff7aa36e4b9ad5dacd8c016f8) Importer(815301076,1909f56bfc062723c751e8b465ee728b)
Start importing Assets/Assets/UI/Violet Theme Ui/White Icons/White Gun.png using Guid(9ce1a11ff7aa36e4b9ad5dacd8c016f8) Importer(815301076,1909f56bfc062723c751e8b465ee728b) [PhysX] Initialized MultithreadedTaskDispatcher with 12 workers.
[PhysX] Initialized MultithreadedTaskDispatcher with 12 workers.
 -> (artifact id: 'c2cc54babd63bee29d8db0a293aa750b') in 0.008324 seconds
Number of updated asset objects reloaded before import = 0
Number of asset objects unloaded after import = 3
========================================================================
Received Import Request.
  Time since last request: 0.000056 seconds.
  path: Assets/Assets/UI/Dark UI/New Icons/White Headphones.png
  artifactKey: Guid(3278dea7cb9dbf447a45c05c1dd522ec) Importer(815301076,1909f56bfc062723c751e8b465ee728b)
Start importing Assets/Assets/UI/Dark UI/New Icons/White Headphones.png using Guid(3278dea7cb9dbf447a45c05c1dd522ec) Importer(815301076,1909f56bfc062723c751e8b465ee728b) [PhysX] Initialized MultithreadedTaskDispatcher with 12 workers.
[PhysX] Initialized MultithreadedTaskDispatcher with 12 workers.
 -> (artifact id: '78487c10ac0e4a9f9bfb9d5edff762b3') in 0.007756 seconds
Number of updated asset objects reloaded before import = 0
Number of asset objects unloaded after import = 3
========================================================================
Received Import Request.
  Time since last request: 0.000016 seconds.
  path: Assets/Assets/UI/Dark UI/New Icons/White Hammer 2.png
  artifactKey: Guid(e9eb87fd4962a704faf3ec8c2912c635) Importer(815301076,1909f56bfc062723c751e8b465ee728b)
Start importing Assets/Assets/UI/Dark UI/New Icons/White Hammer 2.png using Guid(e9eb87fd4962a704faf3ec8c2912c635) Importer(815301076,1909f56bfc062723c751e8b465ee728b) [PhysX] Initialized MultithreadedTaskDispatcher with 12 workers.
[PhysX] Initialized MultithreadedTaskDispatcher with 12 workers.
 -> (artifact id: 'dd872398890762063bcbf87db92bcbc2') in 0.008627 seconds
Number of updated asset objects reloaded before import = 0
Number of asset objects unloaded after import = 3
========================================================================
Received Import Request.
  Time since last request: 0.029832 seconds.
  path: Assets/Assets/UI/Dark UI/New Icons/White Heart 1.png
  artifactKey: Guid(d38c80a4703ca304c9480ccafd4cbae6) Importer(815301076,1909f56bfc062723c751e8b465ee728b)
Start importing Assets/Assets/UI/Dark UI/New Icons/White Heart 1.png using Guid(d38c80a4703ca304c9480ccafd4cbae6) Importer(815301076,1909f56bfc062723c751e8b465ee728b) [PhysX] Initialized MultithreadedTaskDispatcher with 12 workers.
[PhysX] Initialized MultithreadedTaskDispatcher with 12 workers.
 -> (artifact id: '7b66693f7c323abedf05bd36102eb5f6') in 0.010697 seconds
Number of updated asset objects reloaded before import = 0
Number of asset objects unloaded after import = 3
========================================================================
Received Import Request.
  Time since last request: 0.000019 seconds.
  path: Assets/Assets/UI/Dark UI/New Icons/White Helmet 2.png
  artifactKey: Guid(545e606a1b3e77d4999432262b993f7a) Importer(815301076,1909f56bfc062723c751e8b465ee728b)
Start importing Assets/Assets/UI/Dark UI/New Icons/White Helmet 2.png using Guid(545e606a1b3e77d4999432262b993f7a) Importer(815301076,1909f56bfc062723c751e8b465ee728b) [PhysX] Initialized MultithreadedTaskDispatcher with 12 workers.
[PhysX] Initialized MultithreadedTaskDispatcher with 12 workers.
 -> (artifact id: '91abfccb5ea2759754fa5ee9c13e7af5') in 0.010418 seconds
Number of updated asset objects reloaded before import = 0
Number of asset objects unloaded after import = 3
========================================================================
Received Import Request.
  Time since last request: 0.000016 seconds.
  path: Assets/Assets/UI/Dark UI/New Icons/White Heart 3.png
  artifactKey: Guid(96abe9144609545419e18f668c98e5b3) Importer(815301076,1909f56bfc062723c751e8b465ee728b)
Start importing Assets/Assets/UI/Dark UI/New Icons/White Heart 3.png using Guid(96abe9144609545419e18f668c98e5b3) Importer(815301076,1909f56bfc062723c751e8b465ee728b) [PhysX] Initialized MultithreadedTaskDispatcher with 12 workers.
[PhysX] Initialized MultithreadedTaskDispatcher with 12 workers.
 -> (artifact id: '2e9154f5b79fb9651609c624433c79cd') in 0.008820 seconds
Number of updated asset objects reloaded before import = 0
Number of asset objects unloaded after import = 3
========================================================================
Received Import Request.
  Time since last request: 0.034659 seconds.
  path: Assets/Assets/UI/Violet Theme Ui/White Icons/White Helmet 2.png
  artifactKey: Guid(e48adbf0233bd3748bf697c59dc0d44e) Importer(815301076,1909f56bfc062723c751e8b465ee728b)
Start importing Assets/Assets/UI/Violet Theme Ui/White Icons/White Helmet 2.png using Guid(e48adbf0233bd3748bf697c59dc0d44e) Importer(815301076,1909f56bfc062723c751e8b465ee728b) [PhysX] Initialized MultithreadedTaskDispatcher with 12 workers.
[PhysX] Initialized MultithreadedTaskDispatcher with 12 workers.
 -> (artifact id: '81913a0c0400e6d774e5410a2459e54e') in 0.011578 seconds
Number of updated asset objects reloaded before import = 0
Number of asset objects unloaded after import = 3
========================================================================
Received Import Request.
  Time since last request: 0.000020 seconds.
  path: Assets/Assets/UI/Dark UI/New Icons/White Home 3.png
  artifactKey: Guid(11d17bc300057b24fa03bc50f2f9d87a) Importer(815301076,1909f56bfc062723c751e8b465ee728b)
Start importing Assets/Assets/UI/Dark UI/New Icons/White Home 3.png using Guid(11d17bc300057b24fa03bc50f2f9d87a) Importer(815301076,1909f56bfc062723c751e8b465ee728b) [PhysX] Initialized MultithreadedTaskDispatcher with 12 workers.
[PhysX] Initialized MultithreadedTaskDispatcher with 12 workers.
 -> (artifact id: '622bcdf5843a47f94f025b50b542eb48') in 0.012714 seconds
Number of updated asset objects reloaded before import = 0
Number of asset objects unloaded after import = 3
========================================================================
Received Import Request.
  Time since last request: 0.000021 seconds.
  path: Assets/Assets/UI/Dark UI/New Icons/White Japanese Yen.png
  artifactKey: Guid(acb80885a9120e54a901e48f061e9d9e) Importer(815301076,1909f56bfc062723c751e8b465ee728b)
Start importing Assets/Assets/UI/Dark UI/New Icons/White Japanese Yen.png using Guid(acb80885a9120e54a901e48f061e9d9e) Importer(815301076,1909f56bfc062723c751e8b465ee728b) [PhysX] Initialized MultithreadedTaskDispatcher with 12 workers.
[PhysX] Initialized MultithreadedTaskDispatcher with 12 workers.
 -> (artifact id: 'f2605acf93a299ab2fbbf23fb576f09f') in 0.009675 seconds
Number of updated asset objects reloaded before import = 0
Number of asset objects unloaded after import = 3
========================================================================
Received Import Request.
  Time since last request: 0.000096 seconds.
  path: Assets/Assets/UI/Violet Theme Ui/White Icons/White Info 1.png
  artifactKey: Guid(458eadb5d498dba4f8a494ff07209f5a) Importer(815301076,1909f56bfc062723c751e8b465ee728b)
Start importing Assets/Assets/UI/Violet Theme Ui/White Icons/White Info 1.png using Guid(458eadb5d498dba4f8a494ff07209f5a) Importer(815301076,1909f56bfc062723c751e8b465ee728b) [PhysX] Initialized MultithreadedTaskDispatcher with 12 workers.
[PhysX] Initialized MultithreadedTaskDispatcher with 12 workers.
 -> (artifact id: 'a559fb738b6670488997f2a0b4b7056e') in 0.009290 seconds
Number of updated asset objects reloaded before import = 0
Number of asset objects unloaded after import = 3
========================================================================
Received Import Request.
  Time since last request: 0.000015 seconds.
  path: Assets/Assets/UI/Violet Theme Ui/White Icons/White Infinite Symbol.png
  artifactKey: Guid(0e70e078c52c4a34394c154f5f18c19b) Importer(815301076,1909f56bfc062723c751e8b465ee728b)
Start importing Assets/Assets/UI/Violet Theme Ui/White Icons/White Infinite Symbol.png using Guid(0e70e078c52c4a34394c154f5f18c19b) Importer(815301076,1909f56bfc062723c751e8b465ee728b) [PhysX] Initialized MultithreadedTaskDispatcher with 12 workers.
[PhysX] Initialized MultithreadedTaskDispatcher with 12 workers.
 -> (artifact id: '9f8ebb12999387f16dab2bebc2c5b76b') in 0.012091 seconds
Number of updated asset objects reloaded before import = 0
Number of asset objects unloaded after import = 3
========================================================================
Received Import Request.
  Time since last request: 0.000037 seconds.
  path: Assets/Assets/UI/Dark UI/New Icons/White Info 1.png
  artifactKey: Guid(883c9ddf3617dec428bc0fafdad03f92) Importer(815301076,1909f56bfc062723c751e8b465ee728b)
Start importing Assets/Assets/UI/Dark UI/New Icons/White Info 1.png using Guid(883c9ddf3617dec428bc0fafdad03f92) Importer(815301076,1909f56bfc062723c751e8b465ee728b) [PhysX] Initialized MultithreadedTaskDispatcher with 12 workers.
[PhysX] Initialized MultithreadedTaskDispatcher with 12 workers.
 -> (artifact id: '2045cefc8b0373b3f34f5b1d962561ef') in 0.009262 seconds
Number of updated asset objects reloaded before import = 0
Number of asset objects unloaded after import = 3
========================================================================
Received Import Request.
  Time since last request: 0.000028 seconds.
  path: Assets/Assets/UI/Dark UI/New Icons/White Home 2.png
  artifactKey: Guid(46da1ec1a579f104798ed66f5db796f1) Importer(815301076,1909f56bfc062723c751e8b465ee728b)
Start importing Assets/Assets/UI/Dark UI/New Icons/White Home 2.png using Guid(46da1ec1a579f104798ed66f5db796f1) Importer(815301076,1909f56bfc062723c751e8b465ee728b) [PhysX] Initialized MultithreadedTaskDispatcher with 12 workers.
[PhysX] Initialized MultithreadedTaskDispatcher with 12 workers.
 -> (artifact id: 'd61aefb52a070c0786d261173eef1b2c') in 0.009405 seconds
Number of updated asset objects reloaded before import = 0
Number of asset objects unloaded after import = 3
========================================================================
Received Import Request.
  Time since last request: 0.200659 seconds.
  path: Assets/Assets/UI/Dark UI/New Icons/White Key.png
  artifactKey: Guid(e3dc68783919341458e70e2a3ed5ebc1) Importer(815301076,1909f56bfc062723c751e8b465ee728b)
Start importing Assets/Assets/UI/Dark UI/New Icons/White Key.png using Guid(e3dc68783919341458e70e2a3ed5ebc1) Importer(815301076,1909f56bfc062723c751e8b465ee728b) [PhysX] Initialized MultithreadedTaskDispatcher with 12 workers.
[PhysX] Initialized MultithreadedTaskDispatcher with 12 workers.
 -> (artifact id: '1ef48833729973e48262dbfd78a198a1') in 0.012415 seconds
Number of updated asset objects reloaded before import = 0
Number of asset objects unloaded after import = 3
========================================================================
Received Import Request.
  Time since last request: 0.000017 seconds.
  path: Assets/Assets/UI/Violet Theme Ui/White Icons/White Knight.png
  artifactKey: Guid(af110be8027e357439d474cf14816c44) Importer(815301076,1909f56bfc062723c751e8b465ee728b)
Start importing Assets/Assets/UI/Violet Theme Ui/White Icons/White Knight.png using Guid(af110be8027e357439d474cf14816c44) Importer(815301076,1909f56bfc062723c751e8b465ee728b) [PhysX] Initialized MultithreadedTaskDispatcher with 12 workers.
[PhysX] Initialized MultithreadedTaskDispatcher with 12 workers.
 -> (artifact id: '8811d83d263b782a77f79e3be05f710e') in 0.021029 seconds
Number of updated asset objects reloaded before import = 0
Number of asset objects unloaded after import = 4
========================================================================
Received Import Request.
  Time since last request: 0.000014 seconds.
  path: Assets/Assets/UI/Dark UI/New Icons/White Layers Round.png
  artifactKey: Guid(3084343a249bfc843a73a93266c25310) Importer(815301076,1909f56bfc062723c751e8b465ee728b)
Start importing Assets/Assets/UI/Dark UI/New Icons/White Layers Round.png using Guid(3084343a249bfc843a73a93266c25310) Importer(815301076,1909f56bfc062723c751e8b465ee728b) [PhysX] Initialized MultithreadedTaskDispatcher with 12 workers.
[PhysX] Initialized MultithreadedTaskDispatcher with 12 workers.
 -> (artifact id: '203777aa071c9d2a2ab05f5d1d87f29d') in 0.009568 seconds
Number of updated asset objects reloaded before import = 0
Number of asset objects unloaded after import = 3
========================================================================
Received Import Request.
  Time since last request: 0.030582 seconds.
  path: Assets/Assets/UI/Violet Theme Ui/White Icons/White Left.png
  artifactKey: Guid(bdd455275ad5e0d4ca4bdae7242a35c5) Importer(815301076,1909f56bfc062723c751e8b465ee728b)
Start importing Assets/Assets/UI/Violet Theme Ui/White Icons/White Left.png using Guid(bdd455275ad5e0d4ca4bdae7242a35c5) Importer(815301076,1909f56bfc062723c751e8b465ee728b) [PhysX] Initialized MultithreadedTaskDispatcher with 12 workers.
[PhysX] Initialized MultithreadedTaskDispatcher with 12 workers.
 -> (artifact id: 'fddc7f5b224b4b95e70879189bf3e4e3') in 0.021630 seconds
Number of updated asset objects reloaded before import = 0
Number of asset objects unloaded after import = 3
========================================================================
Received Import Request.
  Time since last request: 0.000027 seconds.
  path: Assets/Assets/UI/Violet Theme Ui/White Icons/White Light.png
  artifactKey: Guid(bb9e6f3dfe556f944bd5b17e5bca4877) Importer(815301076,1909f56bfc062723c751e8b465ee728b)
Start importing Assets/Assets/UI/Violet Theme Ui/White Icons/White Light.png using Guid(bb9e6f3dfe556f944bd5b17e5bca4877) Importer(815301076,1909f56bfc062723c751e8b465ee728b) [PhysX] Initialized MultithreadedTaskDispatcher with 12 workers.
[PhysX] Initialized MultithreadedTaskDispatcher with 12 workers.
 -> (artifact id: '9f93ba7b3028004dbf29c267ac5dc35c') in 0.024752 seconds
Number of updated asset objects reloaded before import = 0
Number of asset objects unloaded after import = 5
========================================================================
Received Import Request.
  Time since last request: 0.004698 seconds.
  path: Assets/Assets/UI/Dark UI/New Icons/White Link.png
  artifactKey: Guid(c184c23d6a6a4284e966e60b5449887a) Importer(815301076,1909f56bfc062723c751e8b465ee728b)
Start importing Assets/Assets/UI/Dark UI/New Icons/White Link.png using Guid(c184c23d6a6a4284e966e60b5449887a) Importer(815301076,1909f56bfc062723c751e8b465ee728b) [PhysX] Initialized MultithreadedTaskDispatcher with 12 workers.
[PhysX] Initialized MultithreadedTaskDispatcher with 12 workers.
 -> (artifact id: '78b68f203e8b1076c26150cff61d4cfb') in 0.009316 seconds
Number of updated asset objects reloaded before import = 0
Number of asset objects unloaded after import = 3
========================================================================
Received Import Request.
  Time since last request: 0.000015 seconds.
  path: Assets/Assets/UI/Dark UI/New Icons/White Mace.png
  artifactKey: Guid(f3536f8c82e4c5748bb3ac49f3076a64) Importer(815301076,1909f56bfc062723c751e8b465ee728b)
Start importing Assets/Assets/UI/Dark UI/New Icons/White Mace.png using Guid(f3536f8c82e4c5748bb3ac49f3076a64) Importer(815301076,1909f56bfc062723c751e8b465ee728b) [PhysX] Initialized MultithreadedTaskDispatcher with 12 workers.
[PhysX] Initialized MultithreadedTaskDispatcher with 12 workers.
 -> (artifact id: '46049f8a3f748122cd6edf71cafc9618') in 0.009371 seconds
Number of updated asset objects reloaded before import = 0
Number of asset objects unloaded after import = 3
========================================================================
Received Import Request.
  Time since last request: 0.000016 seconds.
  path: Assets/Assets/UI/Dark UI/New Icons/White Media Folder.png
  artifactKey: Guid(61b813bc36c05e349afdff9f861c13db) Importer(815301076,1909f56bfc062723c751e8b465ee728b)
Start importing Assets/Assets/UI/Dark UI/New Icons/White Media Folder.png using Guid(61b813bc36c05e349afdff9f861c13db) Importer(815301076,1909f56bfc062723c751e8b465ee728b) [PhysX] Initialized MultithreadedTaskDispatcher with 12 workers.
[PhysX] Initialized MultithreadedTaskDispatcher with 12 workers.
 -> (artifact id: '5e0923a3cab727488b9d57b938a90df1') in 0.009214 seconds
Number of updated asset objects reloaded before import = 0
Number of asset objects unloaded after import = 3
========================================================================
Received Import Request.
  Time since last request: 0.000014 seconds.
  path: Assets/Assets/UI/Dark UI/New Icons/White Lock.png
  artifactKey: Guid(2195e314e582f924e919ee41f06894bb) Importer(815301076,1909f56bfc062723c751e8b465ee728b)
Start importing Assets/Assets/UI/Dark UI/New Icons/White Lock.png using Guid(2195e314e582f924e919ee41f06894bb) Importer(815301076,1909f56bfc062723c751e8b465ee728b) [PhysX] Initialized MultithreadedTaskDispatcher with 12 workers.
[PhysX] Initialized MultithreadedTaskDispatcher with 12 workers.
 -> (artifact id: '99535163769c2daf6677ccada67fb528') in 0.008883 seconds
Number of updated asset objects reloaded before import = 0
Number of asset objects unloaded after import = 3
========================================================================
Received Import Request.
  Time since last request: 0.000106 seconds.
  path: Assets/Assets/UI/Violet Theme Ui/White Icons/White Mask.png
  artifactKey: Guid(66696ccde8a43d84ca1148ccebc54c17) Importer(815301076,1909f56bfc062723c751e8b465ee728b)
Start importing Assets/Assets/UI/Violet Theme Ui/White Icons/White Mask.png using Guid(66696ccde8a43d84ca1148ccebc54c17) Importer(815301076,1909f56bfc062723c751e8b465ee728b) [PhysX] Initialized MultithreadedTaskDispatcher with 12 workers.
[PhysX] Initialized MultithreadedTaskDispatcher with 12 workers.
 -> (artifact id: '50a177f9a2339d9bdf2de10bb669f895') in 0.009640 seconds
Number of updated asset objects reloaded before import = 0
Number of asset objects unloaded after import = 3
========================================================================
Received Import Request.
  Time since last request: 0.000017 seconds.
  path: Assets/Assets/UI/Dark UI/New Icons/White Mask.png
  artifactKey: Guid(4bd722eab7fbfe149a44edd733c6da3a) Importer(815301076,1909f56bfc062723c751e8b465ee728b)
Start importing Assets/Assets/UI/Dark UI/New Icons/White Mask.png using Guid(4bd722eab7fbfe149a44edd733c6da3a) Importer(815301076,1909f56bfc062723c751e8b465ee728b) [PhysX] Initialized MultithreadedTaskDispatcher with 12 workers.
[PhysX] Initialized MultithreadedTaskDispatcher with 12 workers.
 -> (artifact id: 'f2b4a64d4451e801b99a5512bf1ef3d7') in 0.008388 seconds
Number of updated asset objects reloaded before import = 0
Number of asset objects unloaded after import = 3
========================================================================
Received Import Request.
  Time since last request: 0.000101 seconds.
  path: Assets/Assets/UI/Dark UI/New Icons/White Map.png
  artifactKey: Guid(d2fedebafbc90dd4687c05798b9e399f) Importer(815301076,1909f56bfc062723c751e8b465ee728b)
Start importing Assets/Assets/UI/Dark UI/New Icons/White Map.png using Guid(d2fedebafbc90dd4687c05798b9e399f) Importer(815301076,1909f56bfc062723c751e8b465ee728b) [PhysX] Initialized MultithreadedTaskDispatcher with 12 workers.
[PhysX] Initialized MultithreadedTaskDispatcher with 12 workers.
 -> (artifact id: '93603f1de1fdc42408e549d5bb881616') in 0.009187 seconds
Number of updated asset objects reloaded before import = 0
Number of asset objects unloaded after import = 3
========================================================================
Received Import Request.
  Time since last request: 0.000015 seconds.
  path: Assets/Assets/UI/Violet Theme Ui/White Icons/White Media Folder.png
  artifactKey: Guid(bf78ce1422e4ea34e836ecc1fee84291) Importer(815301076,1909f56bfc062723c751e8b465ee728b)
Start importing Assets/Assets/UI/Violet Theme Ui/White Icons/White Media Folder.png using Guid(bf78ce1422e4ea34e836ecc1fee84291) Importer(815301076,1909f56bfc062723c751e8b465ee728b) [PhysX] Initialized MultithreadedTaskDispatcher with 12 workers.
[PhysX] Initialized MultithreadedTaskDispatcher with 12 workers.
 -> (artifact id: 'db1a927e20d6d269d3fc774c0223abe1') in 0.009071 seconds
Number of updated asset objects reloaded before import = 0
Number of asset objects unloaded after import = 3
========================================================================
Received Import Request.
  Time since last request: 0.000013 seconds.
  path: Assets/Assets/UI/Violet Theme Ui/White Icons/White Menu 2.png
  artifactKey: Guid(2c1995397cae9e54d8b0ea22c4adfbd1) Importer(815301076,1909f56bfc062723c751e8b465ee728b)
Start importing Assets/Assets/UI/Violet Theme Ui/White Icons/White Menu 2.png using Guid(2c1995397cae9e54d8b0ea22c4adfbd1) Importer(815301076,1909f56bfc062723c751e8b465ee728b) [PhysX] Initialized MultithreadedTaskDispatcher with 12 workers.
[PhysX] Initialized MultithreadedTaskDispatcher with 12 workers.
 -> (artifact id: 'c3f688e9ff04409eca17c29fea8039bb') in 0.014025 seconds
Number of updated asset objects reloaded before import = 0
Number of asset objects unloaded after import = 6
========================================================================
Received Import Request.
  Time since last request: 0.228048 seconds.
  path: Assets/Assets/UI/Dark UI/New Icons/White Menu 3.png
  artifactKey: Guid(773d54018f715d74a8a79de354bac817) Importer(815301076,1909f56bfc062723c751e8b465ee728b)
Start importing Assets/Assets/UI/Dark UI/New Icons/White Menu 3.png using Guid(773d54018f715d74a8a79de354bac817) Importer(815301076,1909f56bfc062723c751e8b465ee728b) [PhysX] Initialized MultithreadedTaskDispatcher with 12 workers.
[PhysX] Initialized MultithreadedTaskDispatcher with 12 workers.
 -> (artifact id: '0ba04ea0819b35f47093f56f85045984') in 0.019265 seconds
Number of updated asset objects reloaded before import = 0
Number of asset objects unloaded after import = 3
========================================================================
Received Import Request.
  Time since last request: 0.000031 seconds.
  path: Assets/Assets/UI/Dark UI/New Icons/White Message 2.png
  artifactKey: Guid(2ed76750890eee843ac757621dba82e0) Importer(815301076,1909f56bfc062723c751e8b465ee728b)
Start importing Assets/Assets/UI/Dark UI/New Icons/White Message 2.png using Guid(2ed76750890eee843ac757621dba82e0) Importer(815301076,1909f56bfc062723c751e8b465ee728b) [PhysX] Initialized MultithreadedTaskDispatcher with 12 workers.
[PhysX] Initialized MultithreadedTaskDispatcher with 12 workers.
 -> (artifact id: 'a62c14332b66ede267509fe59bca585f') in 0.018610 seconds
Number of updated asset objects reloaded before import = 0
Number of asset objects unloaded after import = 3
========================================================================
Received Import Request.
  Time since last request: 0.000030 seconds.
  path: Assets/Assets/UI/Violet Theme Ui/White Icons/White Minus 2.png
  artifactKey: Guid(5471116528f32a34fa7ffbc8cf3a6fab) Importer(815301076,1909f56bfc062723c751e8b465ee728b)
Start importing Assets/Assets/UI/Violet Theme Ui/White Icons/White Minus 2.png using Guid(5471116528f32a34fa7ffbc8cf3a6fab) Importer(815301076,1909f56bfc062723c751e8b465ee728b) [PhysX] Initialized MultithreadedTaskDispatcher with 12 workers.
[PhysX] Initialized MultithreadedTaskDispatcher with 12 workers.
 -> (artifact id: '33250e1349adead8ce927bdc1554c365') in 0.016207 seconds
Number of updated asset objects reloaded before import = 0
Number of asset objects unloaded after import = 3
========================================================================
Received Import Request.
  Time since last request: 0.000038 seconds.
  path: Assets/Assets/UI/Violet Theme Ui/White Icons/White Minus.png
  artifactKey: Guid(27eb7f3519e41f54a9f3b4a0c2f790ac) Importer(815301076,1909f56bfc062723c751e8b465ee728b)
Start importing Assets/Assets/UI/Violet Theme Ui/White Icons/White Minus.png using Guid(27eb7f3519e41f54a9f3b4a0c2f790ac) Importer(815301076,1909f56bfc062723c751e8b465ee728b) [PhysX] Initialized MultithreadedTaskDispatcher with 12 workers.
[PhysX] Initialized MultithreadedTaskDispatcher with 12 workers.
 -> (artifact id: '5735b970d49460517a442403615fd2e3') in 0.008240 seconds
Number of updated asset objects reloaded before import = 0
Number of asset objects unloaded after import = 3
========================================================================
Received Import Request.
  Time since last request: 0.016575 seconds.
  path: Assets/Assets/UI/Dark UI/New Icons/White Moon.png
  artifactKey: Guid(32a3cee07dd454e45b7c596f4dc1e62e) Importer(815301076,1909f56bfc062723c751e8b465ee728b)
Start importing Assets/Assets/UI/Dark UI/New Icons/White Moon.png using Guid(32a3cee07dd454e45b7c596f4dc1e62e) Importer(815301076,1909f56bfc062723c751e8b465ee728b) [PhysX] Initialized MultithreadedTaskDispatcher with 12 workers.
[PhysX] Initialized MultithreadedTaskDispatcher with 12 workers.
 -> (artifact id: '0b05285f4258e3e63fa829ac4f62a356') in 0.008608 seconds
Number of updated asset objects reloaded before import = 0
Number of asset objects unloaded after import = 3
========================================================================
Received Import Request.
  Time since last request: 0.000017 seconds.
  path: Assets/Assets/UI/Dark UI/New Icons/White Move Left.png
  artifactKey: Guid(b2fbf3e3089c73b4cb1ce543b975f49c) Importer(815301076,1909f56bfc062723c751e8b465ee728b)
Start importing Assets/Assets/UI/Dark UI/New Icons/White Move Left.png using Guid(b2fbf3e3089c73b4cb1ce543b975f49c) Importer(815301076,1909f56bfc062723c751e8b465ee728b) [PhysX] Initialized MultithreadedTaskDispatcher with 12 workers.
[PhysX] Initialized MultithreadedTaskDispatcher with 12 workers.
 -> (artifact id: 'fae47c7ae15406b8b2a936abba4aa132') in 0.007612 seconds
Number of updated asset objects reloaded before import = 0
Number of asset objects unloaded after import = 3
========================================================================
Received Import Request.
  Time since last request: 0.000017 seconds.
  path: Assets/Assets/UI/Violet Theme Ui/White Icons/White Move LeftRight.png
  artifactKey: Guid(2e885d607179f424baafbef88f29e8cb) Importer(815301076,1909f56bfc062723c751e8b465ee728b)
Start importing Assets/Assets/UI/Violet Theme Ui/White Icons/White Move LeftRight.png using Guid(2e885d607179f424baafbef88f29e8cb) Importer(815301076,1909f56bfc062723c751e8b465ee728b) [PhysX] Initialized MultithreadedTaskDispatcher with 12 workers.
[PhysX] Initialized MultithreadedTaskDispatcher with 12 workers.
 -> (artifact id: '7aa24e8a567f465e60df1e1bd3b13e71') in 0.010121 seconds
Number of updated asset objects reloaded before import = 0
Number of asset objects unloaded after import = 4
========================================================================
Received Import Request.
  Time since last request: 0.026028 seconds.
  path: Assets/Assets/UI/Dark UI/New Icons/White Move Right.png
  artifactKey: Guid(010e7d5e0141d2f43baad877efda2e88) Importer(815301076,1909f56bfc062723c751e8b465ee728b)
Start importing Assets/Assets/UI/Dark UI/New Icons/White Move Right.png using Guid(010e7d5e0141d2f43baad877efda2e88) Importer(815301076,1909f56bfc062723c751e8b465ee728b) [PhysX] Initialized MultithreadedTaskDispatcher with 12 workers.
[PhysX] Initialized MultithreadedTaskDispatcher with 12 workers.
 -> (artifact id: 'ab58648ffed1f1c510467e85bb89b2c1') in 0.007613 seconds
Number of updated asset objects reloaded before import = 0
Number of asset objects unloaded after import = 3
========================================================================
Received Import Request.
  Time since last request: 0.000016 seconds.
  path: Assets/Assets/UI/Violet Theme Ui/White Icons/White Move UpDown.png
  artifactKey: Guid(5ae8b65f9470c4d4d883d30c7009223d) Importer(815301076,1909f56bfc062723c751e8b465ee728b)
Start importing Assets/Assets/UI/Violet Theme Ui/White Icons/White Move UpDown.png using Guid(5ae8b65f9470c4d4d883d30c7009223d) Importer(815301076,1909f56bfc062723c751e8b465ee728b) [PhysX] Initialized MultithreadedTaskDispatcher with 12 workers.
[PhysX] Initialized MultithreadedTaskDispatcher with 12 workers.
 -> (artifact id: '4b07e69d9a65a38427615c482c128c84') in 0.009331 seconds
Number of updated asset objects reloaded before import = 0
Number of asset objects unloaded after import = 4
========================================================================
Received Import Request.
  Time since last request: 0.000013 seconds.
  path: Assets/Assets/UI/Violet Theme Ui/Panels/White Panel Style 2 Green.png
  artifactKey: Guid(76051ae65406d234aad7799de589f22d) Importer(815301076,1909f56bfc062723c751e8b465ee728b)
Start importing Assets/Assets/UI/Violet Theme Ui/Panels/White Panel Style 2 Green.png using Guid(76051ae65406d234aad7799de589f22d) Importer(815301076,1909f56bfc062723c751e8b465ee728b) [PhysX] Initialized MultithreadedTaskDispatcher with 12 workers.
[PhysX] Initialized MultithreadedTaskDispatcher with 12 workers.
 -> (artifact id: 'f39596f43c4f28f9d6aa37d5137b9d1d') in 0.020992 seconds
Number of updated asset objects reloaded before import = 0
Number of asset objects unloaded after import = 3
========================================================================
Received Import Request.
  Time since last request: 0.000016 seconds.
  path: Assets/Assets/UI/Violet Theme Ui/White Icons/White Music Note.png
  artifactKey: Guid(aafe206e453ce574c8cd57550e98da0c) Importer(815301076,1909f56bfc062723c751e8b465ee728b)
Start importing Assets/Assets/UI/Violet Theme Ui/White Icons/White Music Note.png using Guid(aafe206e453ce574c8cd57550e98da0c) Importer(815301076,1909f56bfc062723c751e8b465ee728b) [PhysX] Initialized MultithreadedTaskDispatcher with 12 workers.
[PhysX] Initialized MultithreadedTaskDispatcher with 12 workers.
 -> (artifact id: 'b4616468bf309bfcca3fb106ea528e78') in 0.010053 seconds
Number of updated asset objects reloaded before import = 0
Number of asset objects unloaded after import = 3
========================================================================
Received Import Request.
  Time since last request: 0.000035 seconds.
  path: Assets/Assets/UI/Violet Theme Ui/Panels/White Panel Style 2 Pink.png
  artifactKey: Guid(2c39a557c7779ae42950c7dd2918d6de) Importer(815301076,1909f56bfc062723c751e8b465ee728b)
Start importing Assets/Assets/UI/Violet Theme Ui/Panels/White Panel Style 2 Pink.png using Guid(2c39a557c7779ae42950c7dd2918d6de) Importer(815301076,1909f56bfc062723c751e8b465ee728b) [PhysX] Initialized MultithreadedTaskDispatcher with 12 workers.
[PhysX] Initialized MultithreadedTaskDispatcher with 12 workers.
 -> (artifact id: 'cac22a38da69786fe91b86f8634c4a6b') in 0.013689 seconds
Number of updated asset objects reloaded before import = 0
Number of asset objects unloaded after import = 3
========================================================================
Received Import Request.
  Time since last request: 0.000037 seconds.
  path: Assets/Assets/UI/Dark UI/New Icons/White Move UpDown.png
  artifactKey: Guid(12eec56a0c2b4c34ab3390af05886ded) Importer(815301076,1909f56bfc062723c751e8b465ee728b)
Start importing Assets/Assets/UI/Dark UI/New Icons/White Move UpDown.png using Guid(12eec56a0c2b4c34ab3390af05886ded) Importer(815301076,1909f56bfc062723c751e8b465ee728b) [PhysX] Initialized MultithreadedTaskDispatcher with 12 workers.
[PhysX] Initialized MultithreadedTaskDispatcher with 12 workers.
 -> (artifact id: 'df29f16bedeb2fcaba52269ad9f9c177') in 0.008135 seconds
Number of updated asset objects reloaded before import = 0
Number of asset objects unloaded after import = 3
========================================================================
Received Import Request.
  Time since last request: 0.000041 seconds.
  path: Assets/Assets/UI/Dark UI/New Icons/White Music Off.png
  artifactKey: Guid(cabad5b87dec1fd4e8749fa9f8936e63) Importer(815301076,1909f56bfc062723c751e8b465ee728b)
Start importing Assets/Assets/UI/Dark UI/New Icons/White Music Off.png using Guid(cabad5b87dec1fd4e8749fa9f8936e63) Importer(815301076,1909f56bfc062723c751e8b465ee728b) [PhysX] Initialized MultithreadedTaskDispatcher with 12 workers.
[PhysX] Initialized MultithreadedTaskDispatcher with 12 workers.
 -> (artifact id: 'c32aeed53a7fa5f49332cefbb0a50469') in 0.010829 seconds
Number of updated asset objects reloaded before import = 0
Number of asset objects unloaded after import = 3
========================================================================
Received Import Request.
  Time since last request: 0.000036 seconds.
  path: Assets/Assets/UI/Dark UI/New Icons/White Music Note.png
  artifactKey: Guid(343ccedab88230f4596d167280dc7d5f) Importer(815301076,1909f56bfc062723c751e8b465ee728b)
Start importing Assets/Assets/UI/Dark UI/New Icons/White Music Note.png using Guid(343ccedab88230f4596d167280dc7d5f) Importer(815301076,1909f56bfc062723c751e8b465ee728b) [PhysX] Initialized MultithreadedTaskDispatcher with 12 workers.
[PhysX] Initialized MultithreadedTaskDispatcher with 12 workers.
 -> (artifact id: '9530699adcc18003ef4a2ba770b7851f') in 0.008800 seconds
Number of updated asset objects reloaded before import = 0
Number of asset objects unloaded after import = 3
========================================================================
Received Import Request.
  Time since last request: 0.000046 seconds.
  path: Assets/Assets/UI/Violet Theme Ui/Panels/White Panel Purple.png
  artifactKey: Guid(046b9039adc12db45b896ea728e15e15) Importer(815301076,1909f56bfc062723c751e8b465ee728b)
Start importing Assets/Assets/UI/Violet Theme Ui/Panels/White Panel Purple.png using Guid(046b9039adc12db45b896ea728e15e15) Importer(815301076,1909f56bfc062723c751e8b465ee728b) [PhysX] Initialized MultithreadedTaskDispatcher with 12 workers.
[PhysX] Initialized MultithreadedTaskDispatcher with 12 workers.
 -> (artifact id: '48baefc467bf1d7667016a2d4aab3922') in 0.014390 seconds
Number of updated asset objects reloaded before import = 0
Number of asset objects unloaded after import = 3
========================================================================
Received Import Request.
  Time since last request: 0.000044 seconds.
  path: Assets/Assets/UI/Violet Theme Ui/White Icons/White News.png
  artifactKey: Guid(3deca45802d7e1c43b54739e4b755278) Importer(815301076,1909f56bfc062723c751e8b465ee728b)
Start importing Assets/Assets/UI/Violet Theme Ui/White Icons/White News.png using Guid(3deca45802d7e1c43b54739e4b755278) Importer(815301076,1909f56bfc062723c751e8b465ee728b) [PhysX] Initialized MultithreadedTaskDispatcher with 12 workers.
[PhysX] Initialized MultithreadedTaskDispatcher with 12 workers.
 -> (artifact id: '2daf75c512ceed309f4d610820b13f4d') in 0.010534 seconds
Number of updated asset objects reloaded before import = 0
Number of asset objects unloaded after import = 3
========================================================================
Received Import Request.
  Time since last request: 0.000071 seconds.
  path: Assets/Assets/UI/Violet Theme Ui/White Icons/White Number Sign.png
  artifactKey: Guid(8d4e5c67b99afd5449e950322516ba1c) Importer(815301076,1909f56bfc062723c751e8b465ee728b)
Start importing Assets/Assets/UI/Violet Theme Ui/White Icons/White Number Sign.png using Guid(8d4e5c67b99afd5449e950322516ba1c) Importer(815301076,1909f56bfc062723c751e8b465ee728b) [PhysX] Initialized MultithreadedTaskDispatcher with 12 workers.
[PhysX] Initialized MultithreadedTaskDispatcher with 12 workers.
 -> (artifact id: 'd4f81f56d80925558af9fb7143faf7b9') in 0.009186 seconds
Number of updated asset objects reloaded before import = 0
Number of asset objects unloaded after import = 3
========================================================================
Received Import Request.
  Time since last request: 0.203547 seconds.
  path: Assets/Assets/UI/Violet Theme Ui/Panels/White Panel Style 2 purple.png
  artifactKey: Guid(c5442373b3b85274aab549187ebb01b5) Importer(815301076,1909f56bfc062723c751e8b465ee728b)
Start importing Assets/Assets/UI/Violet Theme Ui/Panels/White Panel Style 2 purple.png using Guid(c5442373b3b85274aab549187ebb01b5) Importer(815301076,1909f56bfc062723c751e8b465ee728b) [PhysX] Initialized MultithreadedTaskDispatcher with 12 workers.
[PhysX] Initialized MultithreadedTaskDispatcher with 12 workers.
 -> (artifact id: '51dfdc26d56d884d50fb462a064ffc80') in 0.022770 seconds
Number of updated asset objects reloaded before import = 0
Number of asset objects unloaded after import = 3
========================================================================
Received Import Request.
  Time since last request: 0.000067 seconds.
  path: Assets/Assets/UI/Violet Theme Ui/White Icons/White Party Pop.png
  artifactKey: Guid(1b02e53e456c7b748b2d80a944d048d1) Importer(815301076,1909f56bfc062723c751e8b465ee728b)
Start importing Assets/Assets/UI/Violet Theme Ui/White Icons/White Party Pop.png using Guid(1b02e53e456c7b748b2d80a944d048d1) Importer(815301076,1909f56bfc062723c751e8b465ee728b) [PhysX] Initialized MultithreadedTaskDispatcher with 12 workers.
[PhysX] Initialized MultithreadedTaskDispatcher with 12 workers.
 -> (artifact id: 'e38513278aec6b55ad07ffcd6d0b6bac') in 0.023808 seconds
Number of updated asset objects reloaded before import = 0
Number of asset objects unloaded after import = 8
========================================================================
Received Import Request.
  Time since last request: 0.026042 seconds.
  path: Assets/Assets/UI/Dark UI/New Icons/White Pause.png
  artifactKey: Guid(695ec439c313f054d89b5b577b8d8310) Importer(815301076,1909f56bfc062723c751e8b465ee728b)
Start importing Assets/Assets/UI/Dark UI/New Icons/White Pause.png using Guid(695ec439c313f054d89b5b577b8d8310) Importer(815301076,1909f56bfc062723c751e8b465ee728b) [PhysX] Initialized MultithreadedTaskDispatcher with 12 workers.
[PhysX] Initialized MultithreadedTaskDispatcher with 12 workers.
 -> (artifact id: '1cb5736f498569b2f94d2e0ad0bb2dd6') in 0.011562 seconds
Number of updated asset objects reloaded before import = 0
Number of asset objects unloaded after import = 3
========================================================================
Received Import Request.
  Time since last request: 0.000062 seconds.
  path: Assets/Assets/UI/Violet Theme Ui/White Icons/White Paws.png
  artifactKey: Guid(84405b5e66bad994594325963d83e9b5) Importer(815301076,1909f56bfc062723c751e8b465ee728b)
Start importing Assets/Assets/UI/Violet Theme Ui/White Icons/White Paws.png using Guid(84405b5e66bad994594325963d83e9b5) Importer(815301076,1909f56bfc062723c751e8b465ee728b) [PhysX] Initialized MultithreadedTaskDispatcher with 12 workers.
[PhysX] Initialized MultithreadedTaskDispatcher with 12 workers.
 -> (artifact id: 'a3259ad082bb9c79b6425d42e73af377') in 0.024746 seconds
Number of updated asset objects reloaded before import = 0
Number of asset objects unloaded after import = 7
========================================================================
Received Import Request.
  Time since last request: 0.014864 seconds.
  path: Assets/Assets/UI/Dark UI/New Icons/White Pen.png
  artifactKey: Guid(8f7b8cbf3f3080943b74eca26c930727) Importer(815301076,1909f56bfc062723c751e8b465ee728b)
Start importing Assets/Assets/UI/Dark UI/New Icons/White Pen.png using Guid(8f7b8cbf3f3080943b74eca26c930727) Importer(815301076,1909f56bfc062723c751e8b465ee728b) [PhysX] Initialized MultithreadedTaskDispatcher with 12 workers.
[PhysX] Initialized MultithreadedTaskDispatcher with 12 workers.
 -> (artifact id: '0d8cee8161afaab5aa99ab6a8805b24a') in 0.010630 seconds
Number of updated asset objects reloaded before import = 0
Number of asset objects unloaded after import = 3
========================================================================
Received Import Request.
  Time since last request: 0.000077 seconds.
  path: Assets/Assets/UI/Violet Theme Ui/White Icons/White Pen 3.png
  artifactKey: Guid(1d01e07c768243c47856aba5511eee63) Importer(815301076,1909f56bfc062723c751e8b465ee728b)
Start importing Assets/Assets/UI/Violet Theme Ui/White Icons/White Pen 3.png using Guid(1d01e07c768243c47856aba5511eee63) Importer(815301076,1909f56bfc062723c751e8b465ee728b) [PhysX] Initialized MultithreadedTaskDispatcher with 12 workers.
[PhysX] Initialized MultithreadedTaskDispatcher with 12 workers.
 -> (artifact id: 'db78aa9a1145d7b61603ee906f545340') in 0.014074 seconds
Number of updated asset objects reloaded before import = 0
Number of asset objects unloaded after import = 4
========================================================================
Received Import Request.
  Time since last request: 0.025800 seconds.
  path: Assets/Assets/UI/Violet Theme Ui/White Icons/White Percent.png
  artifactKey: Guid(08bf6b6609f89a94991487020b4bb1fc) Importer(815301076,1909f56bfc062723c751e8b465ee728b)
Start importing Assets/Assets/UI/Violet Theme Ui/White Icons/White Percent.png using Guid(08bf6b6609f89a94991487020b4bb1fc) Importer(815301076,1909f56bfc062723c751e8b465ee728b) [PhysX] Initialized MultithreadedTaskDispatcher with 12 workers.
[PhysX] Initialized MultithreadedTaskDispatcher with 12 workers.
 -> (artifact id: 'af54ae18441f5940a2298f11d22137b0') in 0.008322 seconds
Number of updated asset objects reloaded before import = 0
Number of asset objects unloaded after import = 3
========================================================================
Received Import Request.
  Time since last request: 0.000019 seconds.
  path: Assets/Assets/UI/Dark UI/New Icons/White Pie Chart.png
  artifactKey: Guid(36bb148c6f5777247965a52be667ffbd) Importer(815301076,1909f56bfc062723c751e8b465ee728b)
Start importing Assets/Assets/UI/Dark UI/New Icons/White Pie Chart.png using Guid(36bb148c6f5777247965a52be667ffbd) Importer(815301076,1909f56bfc062723c751e8b465ee728b) [PhysX] Initialized MultithreadedTaskDispatcher with 12 workers.
[PhysX] Initialized MultithreadedTaskDispatcher with 12 workers.
 -> (artifact id: '90cbd0d6feaf3867e2eae0bf1f895ce3') in 0.008099 seconds
Number of updated asset objects reloaded before import = 0
Number of asset objects unloaded after import = 3
========================================================================
Received Import Request.
  Time since last request: 0.000029 seconds.
  path: Assets/Assets/UI/Violet Theme Ui/White Icons/White Person.png
  artifactKey: Guid(b94c2941b5eb1574fa303bc0b7568929) Importer(815301076,1909f56bfc062723c751e8b465ee728b)
Start importing Assets/Assets/UI/Violet Theme Ui/White Icons/White Person.png using Guid(b94c2941b5eb1574fa303bc0b7568929) Importer(815301076,1909f56bfc062723c751e8b465ee728b) [PhysX] Initialized MultithreadedTaskDispatcher with 12 workers.
[PhysX] Initialized MultithreadedTaskDispatcher with 12 workers.
 -> (artifact id: '661126169cf50eab57b331631482a859') in 0.008485 seconds
Number of updated asset objects reloaded before import = 0
Number of asset objects unloaded after import = 3
========================================================================
Received Import Request.
  Time since last request: 0.000029 seconds.
  path: Assets/Assets/UI/Violet Theme Ui/White Icons/White Person 2.png
  artifactKey: Guid(f89f2f103f2d86a4e84ec602cb32cb14) Importer(815301076,1909f56bfc062723c751e8b465ee728b)
Start importing Assets/Assets/UI/Violet Theme Ui/White Icons/White Person 2.png using Guid(f89f2f103f2d86a4e84ec602cb32cb14) Importer(815301076,1909f56bfc062723c751e8b465ee728b) [PhysX] Initialized MultithreadedTaskDispatcher with 12 workers.
[PhysX] Initialized MultithreadedTaskDispatcher with 12 workers.
 -> (artifact id: '6e1967a412620ab996323968ccda684c') in 0.012709 seconds
Number of updated asset objects reloaded before import = 0
Number of asset objects unloaded after import = 4
========================================================================
Received Import Request.
  Time since last request: 1.059903 seconds.
  path: Assets/Assets/UI/Dark UI/New Icons/White Piggy Bank.png
  artifactKey: Guid(b5af7239969d5484a852faf7ec27fe23) Importer(815301076,1909f56bfc062723c751e8b465ee728b)
Start importing Assets/Assets/UI/Dark UI/New Icons/White Piggy Bank.png using Guid(b5af7239969d5484a852faf7ec27fe23) Importer(815301076,1909f56bfc062723c751e8b465ee728b) [PhysX] Initialized MultithreadedTaskDispatcher with 12 workers.
[PhysX] Initialized MultithreadedTaskDispatcher with 12 workers.
 -> (artifact id: 'e3e563fbad53040ccb7cce62d35ce6df') in 0.014574 seconds
Number of updated asset objects reloaded before import = 0
Number of asset objects unloaded after import = 3
========================================================================
Received Import Request.
  Time since last request: 0.000025 seconds.
  path: Assets/Assets/UI/Dark UI/New Icons/White Pin.png
  artifactKey: Guid(d149e5f97965a0e4eb6e9798dc13c8e7) Importer(815301076,1909f56bfc062723c751e8b465ee728b)
Start importing Assets/Assets/UI/Dark UI/New Icons/White Pin.png using Guid(d149e5f97965a0e4eb6e9798dc13c8e7) Importer(815301076,1909f56bfc062723c751e8b465ee728b) [PhysX] Initialized MultithreadedTaskDispatcher with 12 workers.
[PhysX] Initialized MultithreadedTaskDispatcher with 12 workers.
 -> (artifact id: 'f5879153768a68c481075c5c6750ad38') in 0.017039 seconds
Number of updated asset objects reloaded before import = 0
Number of asset objects unloaded after import = 3
========================================================================
Received Import Request.
  Time since last request: 0.071490 seconds.
  path: Assets/Assets/UI/Dark UI/New Icons/White Pinterest.png
  artifactKey: Guid(66fb799d68d2c4c4f864665850b78d19) Importer(815301076,1909f56bfc062723c751e8b465ee728b)
Start importing Assets/Assets/UI/Dark UI/New Icons/White Pinterest.png using Guid(66fb799d68d2c4c4f864665850b78d19) Importer(815301076,1909f56bfc062723c751e8b465ee728b) [PhysX] Initialized MultithreadedTaskDispatcher with 12 workers.
[PhysX] Initialized MultithreadedTaskDispatcher with 12 workers.
 -> (artifact id: '780e6471a7796c7d0dd9d9ca78b274d8') in 0.008964 seconds
Number of updated asset objects reloaded before import = 0
Number of asset objects unloaded after import = 3
========================================================================
Received Import Request.
  Time since last request: 0.000037 seconds.
  path: Assets/Assets/UI/Dark UI/New Icons/White Play.png
  artifactKey: Guid(82cc141cf0a983044b70b85573c5314d) Importer(815301076,1909f56bfc062723c751e8b465ee728b)
Start importing Assets/Assets/UI/Dark UI/New Icons/White Play.png using Guid(82cc141cf0a983044b70b85573c5314d) Importer(815301076,1909f56bfc062723c751e8b465ee728b) [PhysX] Initialized MultithreadedTaskDispatcher with 12 workers.
[PhysX] Initialized MultithreadedTaskDispatcher with 12 workers.
 -> (artifact id: '24652e98ee0a13e0c91707709879fe67') in 0.007534 seconds
Number of updated asset objects reloaded before import = 0
Number of asset objects unloaded after import = 3
========================================================================
Received Import Request.
  Time since last request: 0.000038 seconds.
  path: Assets/Assets/UI/Violet Theme Ui/White Icons/White Planet.png
  artifactKey: Guid(a6ee27f83200c8c42b308dd9b14ab21a) Importer(815301076,1909f56bfc062723c751e8b465ee728b)
Start importing Assets/Assets/UI/Violet Theme Ui/White Icons/White Planet.png using Guid(a6ee27f83200c8c42b308dd9b14ab21a) Importer(815301076,1909f56bfc062723c751e8b465ee728b) [PhysX] Initialized MultithreadedTaskDispatcher with 12 workers.
[PhysX] Initialized MultithreadedTaskDispatcher with 12 workers.
 -> (artifact id: '8edc8ba2079a56df20502a0cb82ef901') in 0.015675 seconds
Number of updated asset objects reloaded before import = 0
Number of asset objects unloaded after import = 5
========================================================================
Received Import Request.
  Time since last request: 0.000076 seconds.
  path: Assets/Assets/UI/Violet Theme Ui/White Icons/White Plug.png
  artifactKey: Guid(91e58547bbd294447bccbda4fe308456) Importer(815301076,1909f56bfc062723c751e8b465ee728b)
Start importing Assets/Assets/UI/Violet Theme Ui/White Icons/White Plug.png using Guid(91e58547bbd294447bccbda4fe308456) Importer(815301076,1909f56bfc062723c751e8b465ee728b) [PhysX] Initialized MultithreadedTaskDispatcher with 12 workers.
[PhysX] Initialized MultithreadedTaskDispatcher with 12 workers.
 -> (artifact id: '0b823d9b25db929429d4567cce42ca6e') in 0.017712 seconds
Number of updated asset objects reloaded before import = 0
Number of asset objects unloaded after import = 6
========================================================================
Received Import Request.
  Time since last request: 0.068180 seconds.
  path: Assets/Assets/UI/Violet Theme Ui/White Icons/White Plus.png
  artifactKey: Guid(374ff4fc6c97e7844ad6fb1abf9653ce) Importer(815301076,1909f56bfc062723c751e8b465ee728b)
Start importing Assets/Assets/UI/Violet Theme Ui/White Icons/White Plus.png using Guid(374ff4fc6c97e7844ad6fb1abf9653ce) Importer(815301076,1909f56bfc062723c751e8b465ee728b) [PhysX] Initialized MultithreadedTaskDispatcher with 12 workers.
[PhysX] Initialized MultithreadedTaskDispatcher with 12 workers.
 -> (artifact id: 'e9cb40b4bd9e946cafc954f47c37afc3') in 0.008347 seconds
Number of updated asset objects reloaded before import = 0
Number of asset objects unloaded after import = 3
========================================================================
Received Import Request.
  Time since last request: 0.000017 seconds.
  path: Assets/Assets/UI/Dark UI/New Icons/White Pop Corn.png
  artifactKey: Guid(d07e2d6c154530b4e94b2e3d99e44a64) Importer(815301076,1909f56bfc062723c751e8b465ee728b)
Start importing Assets/Assets/UI/Dark UI/New Icons/White Pop Corn.png using Guid(d07e2d6c154530b4e94b2e3d99e44a64) Importer(815301076,1909f56bfc062723c751e8b465ee728b) [PhysX] Initialized MultithreadedTaskDispatcher with 12 workers.
[PhysX] Initialized MultithreadedTaskDispatcher with 12 workers.
 -> (artifact id: '9c765ef6c1a7489259c3e4f8d4e4c3b4') in 0.008005 seconds
Number of updated asset objects reloaded before import = 0
Number of asset objects unloaded after import = 3
========================================================================
Received Import Request.
  Time since last request: 0.000019 seconds.
  path: Assets/Assets/UI/Violet Theme Ui/White Icons/White Potion 1.png
  artifactKey: Guid(0f4822a250166e94aaf8a8daaaa7c170) Importer(815301076,1909f56bfc062723c751e8b465ee728b)
Start importing Assets/Assets/UI/Violet Theme Ui/White Icons/White Potion 1.png using Guid(0f4822a250166e94aaf8a8daaaa7c170) Importer(815301076,1909f56bfc062723c751e8b465ee728b) [PhysX] Initialized MultithreadedTaskDispatcher with 12 workers.
[PhysX] Initialized MultithreadedTaskDispatcher with 12 workers.
 -> (artifact id: 'c4979dc51fb2af52793b60a8b4ad62e8') in 0.012839 seconds
Number of updated asset objects reloaded before import = 0
Number of asset objects unloaded after import = 4
========================================================================
Received Import Request.
  Time since last request: 0.014710 seconds.
  path: Assets/Assets/UI/Dark UI/New Icons/White Potion 2.png
  artifactKey: Guid(da84f20f8bcee2e43956fcd33ce9674a) Importer(815301076,1909f56bfc062723c751e8b465ee728b)
Start importing Assets/Assets/UI/Dark UI/New Icons/White Potion 2.png using Guid(da84f20f8bcee2e43956fcd33ce9674a) Importer(815301076,1909f56bfc062723c751e8b465ee728b) [PhysX] Initialized MultithreadedTaskDispatcher with 12 workers.
[PhysX] Initialized MultithreadedTaskDispatcher with 12 workers.
 -> (artifact id: '6e2b2c05cc5bcf56367d6824d46e620a') in 0.009714 seconds
Number of updated asset objects reloaded before import = 0
Number of asset objects unloaded after import = 3
========================================================================
Received Import Request.
  Time since last request: 0.000017 seconds.
  path: Assets/Assets/UI/Violet Theme Ui/White Icons/White Pound.png
  artifactKey: Guid(0805dfba64a913842add645b2e12f8ac) Importer(815301076,1909f56bfc062723c751e8b465ee728b)
Start importing Assets/Assets/UI/Violet Theme Ui/White Icons/White Pound.png using Guid(0805dfba64a913842add645b2e12f8ac) Importer(815301076,1909f56bfc062723c751e8b465ee728b) [PhysX] Initialized MultithreadedTaskDispatcher with 12 workers.
[PhysX] Initialized MultithreadedTaskDispatcher with 12 workers.
 -> (artifact id: 'f7f033dda2d706167a213aee8e0bc314') in 0.007999 seconds
Number of updated asset objects reloaded before import = 0
Number of asset objects unloaded after import = 3
========================================================================
Received Import Request.
  Time since last request: 0.000019 seconds.
  path: Assets/Assets/UI/Violet Theme Ui/White Icons/White Power Button.png
  artifactKey: Guid(e3f607666c913c045844df458b85726a) Importer(815301076,1909f56bfc062723c751e8b465ee728b)
Start importing Assets/Assets/UI/Violet Theme Ui/White Icons/White Power Button.png using Guid(e3f607666c913c045844df458b85726a) Importer(815301076,1909f56bfc062723c751e8b465ee728b) [PhysX] Initialized MultithreadedTaskDispatcher with 12 workers.
[PhysX] Initialized MultithreadedTaskDispatcher with 12 workers.
 -> (artifact id: '23455ac73be83ddbac2d90babc34da41') in 0.010582 seconds
Number of updated asset objects reloaded before import = 0
Number of asset objects unloaded after import = 4
========================================================================
Received Import Request.
  Time since last request: 0.000019 seconds.
  path: Assets/Assets/UI/Violet Theme Ui/White Icons/White Pouch.png
  artifactKey: Guid(a1f5b2c5d86661d4bb35db1d0f68df00) Importer(815301076,1909f56bfc062723c751e8b465ee728b)
Start importing Assets/Assets/UI/Violet Theme Ui/White Icons/White Pouch.png using Guid(a1f5b2c5d86661d4bb35db1d0f68df00) Importer(815301076,1909f56bfc062723c751e8b465ee728b) [PhysX] Initialized MultithreadedTaskDispatcher with 12 workers.
[PhysX] Initialized MultithreadedTaskDispatcher with 12 workers.
 -> (artifact id: '709786af617564d4996f3b828415bc94') in 0.011345 seconds
Number of updated asset objects reloaded before import = 0
Number of asset objects unloaded after import = 4
========================================================================
Received Import Request.
  Time since last request: 0.049380 seconds.
  path: Assets/Assets/UI/Dark UI/New Icons/White Power Up 2.png
  artifactKey: Guid(18e7d3ae1d658eb488e528eba8f5dbb3) Importer(815301076,1909f56bfc062723c751e8b465ee728b)
Start importing Assets/Assets/UI/Dark UI/New Icons/White Power Up 2.png using Guid(18e7d3ae1d658eb488e528eba8f5dbb3) Importer(815301076,1909f56bfc062723c751e8b465ee728b) [PhysX] Initialized MultithreadedTaskDispatcher with 12 workers.
[PhysX] Initialized MultithreadedTaskDispatcher with 12 workers.
 -> (artifact id: '5505ae08d33bd12a5fdba14c983e0adf') in 0.007900 seconds
Number of updated asset objects reloaded before import = 0
Number of asset objects unloaded after import = 3
========================================================================
Received Import Request.
  Time since last request: 0.000016 seconds.
  path: Assets/Assets/UI/Violet Theme Ui/White Icons/White Print.png
  artifactKey: Guid(53c4b0bab27e7184ea6990a9bc358c02) Importer(815301076,1909f56bfc062723c751e8b465ee728b)
Start importing Assets/Assets/UI/Violet Theme Ui/White Icons/White Print.png using Guid(53c4b0bab27e7184ea6990a9bc358c02) Importer(815301076,1909f56bfc062723c751e8b465ee728b) [PhysX] Initialized MultithreadedTaskDispatcher with 12 workers.
[PhysX] Initialized MultithreadedTaskDispatcher with 12 workers.
 -> (artifact id: '6dd21b209b4ebc355248e7fdf48c1784') in 0.013374 seconds
Number of updated asset objects reloaded before import = 0
Number of asset objects unloaded after import = 5
========================================================================
Received Import Request.
  Time since last request: 0.098515 seconds.
  path: Assets/Assets/UI/Violet Theme Ui/White Icons/White Pumpkin.png
  artifactKey: Guid(8f5885b39f3ad374f836c723ce642ce8) Importer(815301076,1909f56bfc062723c751e8b465ee728b)
Start importing Assets/Assets/UI/Violet Theme Ui/White Icons/White Pumpkin.png using Guid(8f5885b39f3ad374f836c723ce642ce8) Importer(815301076,1909f56bfc062723c751e8b465ee728b) [PhysX] Initialized MultithreadedTaskDispatcher with 12 workers.
[PhysX] Initialized MultithreadedTaskDispatcher with 12 workers.
 -> (artifact id: '5b09eb35f79410d3223212c632016b84') in 0.014338 seconds
Number of updated asset objects reloaded before import = 0
Number of asset objects unloaded after import = 3
========================================================================
Received Import Request.
  Time since last request: 0.000024 seconds.
  path: Assets/Assets/UI/Violet Theme Ui/White Icons/White Questions 1.png
  artifactKey: Guid(e37004e4fdae53043a3a1f5c71bccc4c) Importer(815301076,1909f56bfc062723c751e8b465ee728b)
Start importing Assets/Assets/UI/Violet Theme Ui/White Icons/White Questions 1.png using Guid(e37004e4fdae53043a3a1f5c71bccc4c) Importer(815301076,1909f56bfc062723c751e8b465ee728b) [PhysX] Initialized MultithreadedTaskDispatcher with 12 workers.
[PhysX] Initialized MultithreadedTaskDispatcher with 12 workers.
 -> (artifact id: '2ad1dfb3423e1f321f8d0a8e510dad6d') in 0.015761 seconds
Number of updated asset objects reloaded before import = 0
Number of asset objects unloaded after import = 3
========================================================================
Received Import Request.
  Time since last request: 0.078349 seconds.
  path: Assets/Assets/UI/Dark UI/New Icons/White Quiver.png
  artifactKey: Guid(4fc864b338388bb4e9ac8685388b15cd) Importer(815301076,1909f56bfc062723c751e8b465ee728b)
Start importing Assets/Assets/UI/Dark UI/New Icons/White Quiver.png using Guid(4fc864b338388bb4e9ac8685388b15cd) Importer(815301076,1909f56bfc062723c751e8b465ee728b) [PhysX] Initialized MultithreadedTaskDispatcher with 12 workers.
[PhysX] Initialized MultithreadedTaskDispatcher with 12 workers.
 -> (artifact id: '9dc559f8c3af1045dad77db78a3dc7a5') in 0.013104 seconds
Number of updated asset objects reloaded before import = 0
Number of asset objects unloaded after import = 3
========================================================================
Received Import Request.
  Time since last request: 0.000017 seconds.
  path: Assets/Assets/UI/Violet Theme Ui/White Icons/White Return.png
  artifactKey: Guid(e762de87d1306ea4080247cc6ca79b41) Importer(815301076,1909f56bfc062723c751e8b465ee728b)
Start importing Assets/Assets/UI/Violet Theme Ui/White Icons/White Return.png using Guid(e762de87d1306ea4080247cc6ca79b41) Importer(815301076,1909f56bfc062723c751e8b465ee728b) [PhysX] Initialized MultithreadedTaskDispatcher with 12 workers.
[PhysX] Initialized MultithreadedTaskDispatcher with 12 workers.
 -> (artifact id: '5b232c6f4a9db41e726d9c9c3bd21664') in 0.009955 seconds
Number of updated asset objects reloaded before import = 0
Number of asset objects unloaded after import = 3
========================================================================
Received Import Request.
  Time since last request: 0.000016 seconds.
  path: Assets/Assets/UI/Violet Theme Ui/White Icons/White Ranking.png
  artifactKey: Guid(2d80ca6083f79244da972b17fdd5ec52) Importer(815301076,1909f56bfc062723c751e8b465ee728b)
Start importing Assets/Assets/UI/Violet Theme Ui/White Icons/White Ranking.png using Guid(2d80ca6083f79244da972b17fdd5ec52) Importer(815301076,1909f56bfc062723c751e8b465ee728b) [PhysX] Initialized MultithreadedTaskDispatcher with 12 workers.
[PhysX] Initialized MultithreadedTaskDispatcher with 12 workers.
 -> (artifact id: '02d633a0359cc1c7add18a6da4db2bf1') in 0.009144 seconds
Number of updated asset objects reloaded before import = 0
Number of asset objects unloaded after import = 3
========================================================================
Received Import Request.
  Time since last request: 0.000058 seconds.
  path: Assets/Assets/UI/Violet Theme Ui/White Icons/White Return 2.png
  artifactKey: Guid(c1cc38a044718ba4ba4bfa2e1538b4d8) Importer(815301076,1909f56bfc062723c751e8b465ee728b)
Start importing Assets/Assets/UI/Violet Theme Ui/White Icons/White Return 2.png using Guid(c1cc38a044718ba4ba4bfa2e1538b4d8) Importer(815301076,1909f56bfc062723c751e8b465ee728b) [PhysX] Initialized MultithreadedTaskDispatcher with 12 workers.
[PhysX] Initialized MultithreadedTaskDispatcher with 12 workers.
 -> (artifact id: 'd87255de2a90ad6a02b1aae979bf782e') in 0.009515 seconds
Number of updated asset objects reloaded before import = 0
Number of asset objects unloaded after import = 3
========================================================================
Received Import Request.
  Time since last request: 0.052652 seconds.
  path: Assets/Assets/UI/Dark UI/New Icons/White Ribbon 2.png
  artifactKey: Guid(f46d0f8f82c9f794696f908a7f70fc5d) Importer(815301076,1909f56bfc062723c751e8b465ee728b)
Start importing Assets/Assets/UI/Dark UI/New Icons/White Ribbon 2.png using Guid(f46d0f8f82c9f794696f908a7f70fc5d) Importer(815301076,1909f56bfc062723c751e8b465ee728b) [PhysX] Initialized MultithreadedTaskDispatcher with 12 workers.
[PhysX] Initialized MultithreadedTaskDispatcher with 12 workers.
 -> (artifact id: '7fab8769925801bae2eb86e36d0f841e') in 0.009535 seconds
Number of updated asset objects reloaded before import = 0
Number of asset objects unloaded after import = 3
========================================================================
Received Import Request.
  Time since last request: 0.000062 seconds.
  path: Assets/Assets/UI/Violet Theme Ui/White Icons/White Ribbon 4.png
  artifactKey: Guid(2602867125c52164ca50bd624010b64b) Importer(815301076,1909f56bfc062723c751e8b465ee728b)
Start importing Assets/Assets/UI/Violet Theme Ui/White Icons/White Ribbon 4.png using Guid(2602867125c52164ca50bd624010b64b) Importer(815301076,1909f56bfc062723c751e8b465ee728b) [PhysX] Initialized MultithreadedTaskDispatcher with 12 workers.
[PhysX] Initialized MultithreadedTaskDispatcher with 12 workers.
 -> (artifact id: 'd5a2fade41fad460e0eb7874e44140e8') in 0.019211 seconds
Number of updated asset objects reloaded before import = 0
Number of asset objects unloaded after import = 5
========================================================================
Received Import Request.
  Time since last request: 0.023487 seconds.
  path: Assets/Assets/UI/Violet Theme Ui/White Icons/White Ribbon.png
  artifactKey: Guid(f9ac506055f197c4ab77a5fea2301e0e) Importer(815301076,1909f56bfc062723c751e8b465ee728b)
Start importing Assets/Assets/UI/Violet Theme Ui/White Icons/White Ribbon.png using Guid(f9ac506055f197c4ab77a5fea2301e0e) Importer(815301076,1909f56bfc062723c751e8b465ee728b) [PhysX] Initialized MultithreadedTaskDispatcher with 12 workers.
[PhysX] Initialized MultithreadedTaskDispatcher with 12 workers.
 -> (artifact id: '179f11ef6d3197eb00e5640f72e12f18') in 0.027545 seconds
Number of updated asset objects reloaded before import = 0
Number of asset objects unloaded after import = 5
========================================================================
Received Import Request.
  Time since last request: 0.000027 seconds.
  path: Assets/Assets/UI/Dark UI/New Icons/White Rubble.png
  artifactKey: Guid(cd92e079b5f9d7a4d805b7f947939ff2) Importer(815301076,1909f56bfc062723c751e8b465ee728b)
Start importing Assets/Assets/UI/Dark UI/New Icons/White Rubble.png using Guid(cd92e079b5f9d7a4d805b7f947939ff2) Importer(815301076,1909f56bfc062723c751e8b465ee728b) [PhysX] Initialized MultithreadedTaskDispatcher with 12 workers.
[PhysX] Initialized MultithreadedTaskDispatcher with 12 workers.
 -> (artifact id: 'b5cadae25773b0df39d9eb8fbe79d49a') in 0.009107 seconds
Number of updated asset objects reloaded before import = 0
Number of asset objects unloaded after import = 3
========================================================================
Received Import Request.
  Time since last request: 0.076234 seconds.
  path: Assets/Assets/UI/Violet Theme Ui/White Icons/White Sad 1.png
  artifactKey: Guid(568350414cfbb984bb3baec6a1d2e48a) Importer(815301076,1909f56bfc062723c751e8b465ee728b)
Start importing Assets/Assets/UI/Violet Theme Ui/White Icons/White Sad 1.png using Guid(568350414cfbb984bb3baec6a1d2e48a) Importer(815301076,1909f56bfc062723c751e8b465ee728b) [PhysX] Initialized MultithreadedTaskDispatcher with 12 workers.
[PhysX] Initialized MultithreadedTaskDispatcher with 12 workers.
 -> (artifact id: 'cdb10d0379fc803b2e5ac3843b971c95') in 0.008583 seconds
Number of updated asset objects reloaded before import = 0
Number of asset objects unloaded after import = 3
========================================================================
Received Import Request.
  Time since last request: 0.000016 seconds.
  path: Assets/Assets/UI/Violet Theme Ui/White Icons/White ScrewDriver.png
  artifactKey: Guid(37d42bdd4ef2cf646834aec0bdc1609b) Importer(815301076,1909f56bfc062723c751e8b465ee728b)
Start importing Assets/Assets/UI/Violet Theme Ui/White Icons/White ScrewDriver.png using Guid(37d42bdd4ef2cf646834aec0bdc1609b) Importer(815301076,1909f56bfc062723c751e8b465ee728b) [PhysX] Initialized MultithreadedTaskDispatcher with 12 workers.
[PhysX] Initialized MultithreadedTaskDispatcher with 12 workers.
 -> (artifact id: '7fa9970dcf55ca1afc174b3003f936fd') in 0.011964 seconds
Number of updated asset objects reloaded before import = 0
Number of asset objects unloaded after import = 3
========================================================================
Received Import Request.
  Time since last request: 0.000015 seconds.
  path: Assets/Assets/UI/Dark UI/New Icons/White Sad 3.png
  artifactKey: Guid(48351bd260dcd50468420a587df7bc18) Importer(815301076,1909f56bfc062723c751e8b465ee728b)
Start importing Assets/Assets/UI/Dark UI/New Icons/White Sad 3.png using Guid(48351bd260dcd50468420a587df7bc18) Importer(815301076,1909f56bfc062723c751e8b465ee728b) [PhysX] Initialized MultithreadedTaskDispatcher with 12 workers.
[PhysX] Initialized MultithreadedTaskDispatcher with 12 workers.
 -> (artifact id: '78eb8561c05700e72e6c67862c3497b0') in 0.013141 seconds
Number of updated asset objects reloaded before import = 0
Number of asset objects unloaded after import = 3
========================================================================
Received Import Request.
  Time since last request: 0.000083 seconds.
  path: Assets/Assets/UI/Dark UI/New Icons/White ScrewDriver.png
  artifactKey: Guid(25c0d8702947c8949b6593f764399b5a) Importer(815301076,1909f56bfc062723c751e8b465ee728b)
Start importing Assets/Assets/UI/Dark UI/New Icons/White ScrewDriver.png using Guid(25c0d8702947c8949b6593f764399b5a) Importer(815301076,1909f56bfc062723c751e8b465ee728b) [PhysX] Initialized MultithreadedTaskDispatcher with 12 workers.
[PhysX] Initialized MultithreadedTaskDispatcher with 12 workers.
 -> (artifact id: 'f3cd79c56e9268a71da3a7ff48e46c5b') in 0.009653 seconds
Number of updated asset objects reloaded before import = 0
Number of asset objects unloaded after import = 3
========================================================================
Received Import Request.
  Time since last request: 0.052913 seconds.
  path: Assets/Assets/UI/Dark UI/New Icons/White Select.png
  artifactKey: Guid(6c5836c8c1310914b85347abf9a4dc63) Importer(815301076,1909f56bfc062723c751e8b465ee728b)
Start importing Assets/Assets/UI/Dark UI/New Icons/White Select.png using Guid(6c5836c8c1310914b85347abf9a4dc63) Importer(815301076,1909f56bfc062723c751e8b465ee728b) [PhysX] Initialized MultithreadedTaskDispatcher with 12 workers.
[PhysX] Initialized MultithreadedTaskDispatcher with 12 workers.
 -> (artifact id: 'a16320222e0bc7c6d5b5c3c292847346') in 0.009784 seconds
Number of updated asset objects reloaded before import = 0
Number of asset objects unloaded after import = 3
========================================================================
Received Import Request.
  Time since last request: 0.000017 seconds.
  path: Assets/Assets/UI/Violet Theme Ui/White Icons/White Select 3.png
  artifactKey: Guid(bba1829bfb698e5498c4c891bb8cf9a4) Importer(815301076,1909f56bfc062723c751e8b465ee728b)
Start importing Assets/Assets/UI/Violet Theme Ui/White Icons/White Select 3.png using Guid(bba1829bfb698e5498c4c891bb8cf9a4) Importer(815301076,1909f56bfc062723c751e8b465ee728b) [PhysX] Initialized MultithreadedTaskDispatcher with 12 workers.
[PhysX] Initialized MultithreadedTaskDispatcher with 12 workers.
 -> (artifact id: '8803dbca2ce26175773578e0ec57e7d2') in 0.025939 seconds
Number of updated asset objects reloaded before import = 0
Number of asset objects unloaded after import = 11
========================================================================
Received Import Request.
  Time since last request: 0.066044 seconds.
  path: Assets/Assets/UI/Violet Theme Ui/White Icons/White Select.png
  artifactKey: Guid(ec6d4013dd0c2c341b85e1f37aecaf15) Importer(815301076,1909f56bfc062723c751e8b465ee728b)
Start importing Assets/Assets/UI/Violet Theme Ui/White Icons/White Select.png using Guid(ec6d4013dd0c2c341b85e1f37aecaf15) Importer(815301076,1909f56bfc062723c751e8b465ee728b) [PhysX] Initialized MultithreadedTaskDispatcher with 12 workers.
[PhysX] Initialized MultithreadedTaskDispatcher with 12 workers.
 -> (artifact id: 'ae16d1063036b454b2d16ea5d00788cc') in 0.013879 seconds
Number of updated asset objects reloaded before import = 0
Number of asset objects unloaded after import = 5
========================================================================
Received Import Request.
  Time since last request: 0.000014 seconds.
  path: Assets/Assets/UI/Violet Theme Ui/White Icons/White Site On.png
  artifactKey: Guid(b91b68e88242f584d937d37a18407e46) Importer(815301076,1909f56bfc062723c751e8b465ee728b)
Start importing Assets/Assets/UI/Violet Theme Ui/White Icons/White Site On.png using Guid(b91b68e88242f584d937d37a18407e46) Importer(815301076,1909f56bfc062723c751e8b465ee728b) [PhysX] Initialized MultithreadedTaskDispatcher with 12 workers.
[PhysX] Initialized MultithreadedTaskDispatcher with 12 workers.
 -> (artifact id: 'f4f61823122632e4c6769a56126e86d3') in 0.009851 seconds
Number of updated asset objects reloaded before import = 0
Number of asset objects unloaded after import = 3
========================================================================
Received Import Request.
  Time since last request: 0.000077 seconds.
  path: Assets/Assets/UI/Violet Theme Ui/White Icons/White Shop 1.png
  artifactKey: Guid(0f80d17af4c953147b98d8f230285228) Importer(815301076,1909f56bfc062723c751e8b465ee728b)
Start importing Assets/Assets/UI/Violet Theme Ui/White Icons/White Shop 1.png using Guid(0f80d17af4c953147b98d8f230285228) Importer(815301076,1909f56bfc062723c751e8b465ee728b) [PhysX] Initialized MultithreadedTaskDispatcher with 12 workers.
[PhysX] Initialized MultithreadedTaskDispatcher with 12 workers.
 -> (artifact id: '779481ca05a7586dafa08ada3ef39d13') in 0.014680 seconds
Number of updated asset objects reloaded before import = 0
Number of asset objects unloaded after import = 4
========================================================================
Received Import Request.
  Time since last request: 0.000018 seconds.
  path: Assets/Assets/UI/Violet Theme Ui/White Icons/White Shield 2.png
  artifactKey: Guid(0d29c61fca93e1a46bd413d23ee58a24) Importer(815301076,1909f56bfc062723c751e8b465ee728b)
Start importing Assets/Assets/UI/Violet Theme Ui/White Icons/White Shield 2.png using Guid(0d29c61fca93e1a46bd413d23ee58a24) Importer(815301076,1909f56bfc062723c751e8b465ee728b) [PhysX] Initialized MultithreadedTaskDispatcher with 12 workers.
[PhysX] Initialized MultithreadedTaskDispatcher with 12 workers.
 -> (artifact id: '7e92b94d5700db0be75e53809b5ac0c0') in 0.009860 seconds
Number of updated asset objects reloaded before import = 0
Number of asset objects unloaded after import = 3
========================================================================
Received Import Request.
  Time since last request: 0.009662 seconds.
  path: Assets/Assets/UI/Dark UI/New Icons/White Skull 2.png
  artifactKey: Guid(9c2a11d25a21a814e9e081ddfd36e556) Importer(815301076,1909f56bfc062723c751e8b465ee728b)
Start importing Assets/Assets/UI/Dark UI/New Icons/White Skull 2.png using Guid(9c2a11d25a21a814e9e081ddfd36e556) Importer(815301076,1909f56bfc062723c751e8b465ee728b) [PhysX] Initialized MultithreadedTaskDispatcher with 12 workers.
[PhysX] Initialized MultithreadedTaskDispatcher with 12 workers.
 -> (artifact id: '04a6b0cb36437a764e30f6a760d57b91') in 0.010169 seconds
Number of updated asset objects reloaded before import = 0
Number of asset objects unloaded after import = 3
========================================================================
Received Import Request.
  Time since last request: 0.000020 seconds.
  path: Assets/Assets/UI/Violet Theme Ui/White Icons/White Sleep.png
  artifactKey: Guid(21971abefc33c5640808902ba497b6d7) Importer(815301076,1909f56bfc062723c751e8b465ee728b)
Start importing Assets/Assets/UI/Violet Theme Ui/White Icons/White Sleep.png using Guid(21971abefc33c5640808902ba497b6d7) Importer(815301076,1909f56bfc062723c751e8b465ee728b) [PhysX] Initialized MultithreadedTaskDispatcher with 12 workers.
[PhysX] Initialized MultithreadedTaskDispatcher with 12 workers.
 -> (artifact id: 'ed21c73143179fac126c3a66dc74041f') in 0.016062 seconds
Number of updated asset objects reloaded before import = 0
Number of asset objects unloaded after import = 5
========================================================================
Received Import Request.
  Time since last request: 0.000027 seconds.
  path: Assets/Assets/UI/Dark UI/New Icons/White Sleep.png
  artifactKey: Guid(ad96db1bead64f54eb2761357817ba3f) Importer(815301076,1909f56bfc062723c751e8b465ee728b)
Start importing Assets/Assets/UI/Dark UI/New Icons/White Sleep.png using Guid(ad96db1bead64f54eb2761357817ba3f) Importer(815301076,1909f56bfc062723c751e8b465ee728b) [PhysX] Initialized MultithreadedTaskDispatcher with 12 workers.
[PhysX] Initialized MultithreadedTaskDispatcher with 12 workers.
 -> (artifact id: '33d05ec7af8e225f409f0c56f26b973e') in 0.010843 seconds
Number of updated asset objects reloaded before import = 0
Number of asset objects unloaded after import = 3
========================================================================
Received Import Request.
  Time since last request: 0.011349 seconds.
  path: Assets/Assets/UI/Dark UI/New Icons/White Slider 2.png
  artifactKey: Guid(e9915a0ce44e3ce4595b2349fdfe1ecd) Importer(815301076,1909f56bfc062723c751e8b465ee728b)
Start importing Assets/Assets/UI/Dark UI/New Icons/White Slider 2.png using Guid(e9915a0ce44e3ce4595b2349fdfe1ecd) Importer(815301076,1909f56bfc062723c751e8b465ee728b) [PhysX] Initialized MultithreadedTaskDispatcher with 12 workers.
[PhysX] Initialized MultithreadedTaskDispatcher with 12 workers.
 -> (artifact id: '13c4d7611cc913ed86c3c1417d9ab811') in 0.009623 seconds
Number of updated asset objects reloaded before import = 0
Number of asset objects unloaded after import = 3
========================================================================
Received Import Request.
  Time since last request: 0.061979 seconds.
  path: Assets/Assets/UI/Dark UI/New Icons/White Smiley.png
  artifactKey: Guid(bd0eb31f565efa9478845672908fb5c6) Importer(815301076,1909f56bfc062723c751e8b465ee728b)
Start importing Assets/Assets/UI/Dark UI/New Icons/White Smiley.png using Guid(bd0eb31f565efa9478845672908fb5c6) Importer(815301076,1909f56bfc062723c751e8b465ee728b) [PhysX] Initialized MultithreadedTaskDispatcher with 12 workers.
[PhysX] Initialized MultithreadedTaskDispatcher with 12 workers.
 -> (artifact id: 'd10a960c10e4acad4f705785daa36cfc') in 0.009123 seconds
Number of updated asset objects reloaded before import = 0
Number of asset objects unloaded after import = 3
========================================================================
Received Import Request.
  Time since last request: 0.000031 seconds.
  path: Assets/Assets/UI/Dark UI/New Icons/White Snow.png
  artifactKey: Guid(431965f51ef5de645a338af6c71e81bc) Importer(815301076,1909f56bfc062723c751e8b465ee728b)
Start importing Assets/Assets/UI/Dark UI/New Icons/White Snow.png using Guid(431965f51ef5de645a338af6c71e81bc) Importer(815301076,1909f56bfc062723c751e8b465ee728b) [PhysX] Initialized MultithreadedTaskDispatcher with 12 workers.
[PhysX] Initialized MultithreadedTaskDispatcher with 12 workers.
 -> (artifact id: '160c3d85e570f18c467948812718d047') in 0.009507 seconds
Number of updated asset objects reloaded before import = 0
Number of asset objects unloaded after import = 3
========================================================================
Received Import Request.
  Time since last request: 0.107493 seconds.
  path: Assets/Assets/UI/Violet Theme Ui/White Icons/White Snow Globe 1.png
  artifactKey: Guid(bfc488603c718a44184796c3aa002628) Importer(815301076,1909f56bfc062723c751e8b465ee728b)
Start importing Assets/Assets/UI/Violet Theme Ui/White Icons/White Snow Globe 1.png using Guid(bfc488603c718a44184796c3aa002628) Importer(815301076,1909f56bfc062723c751e8b465ee728b) [PhysX] Initialized MultithreadedTaskDispatcher with 12 workers.
[PhysX] Initialized MultithreadedTaskDispatcher with 12 workers.
 -> (artifact id: '676e2c17651b7940d7e29b1e147238e0') in 0.014950 seconds
Number of updated asset objects reloaded before import = 0
Number of asset objects unloaded after import = 4
========================================================================
Received Import Request.
  Time since last request: 0.000017 seconds.
  path: Assets/Assets/UI/Violet Theme Ui/White Icons/White Snow.png
  artifactKey: Guid(4ca4131db50a5f042aab2fb63aa1a2c4) Importer(815301076,1909f56bfc062723c751e8b465ee728b)
Start importing Assets/Assets/UI/Violet Theme Ui/White Icons/White Snow.png using Guid(4ca4131db50a5f042aab2fb63aa1a2c4) Importer(815301076,1909f56bfc062723c751e8b465ee728b) [PhysX] Initialized MultithreadedTaskDispatcher with 12 workers.
[PhysX] Initialized MultithreadedTaskDispatcher with 12 workers.
 -> (artifact id: 'e599eee612390ee18333cc02e5e6d34b') in 0.010369 seconds
Number of updated asset objects reloaded before import = 0
Number of asset objects unloaded after import = 3
========================================================================
Received Import Request.
  Time since last request: 0.000036 seconds.
  path: Assets/Assets/UI/Dark UI/New Icons/White Sound Icom.png
  artifactKey: Guid(2896697aee29fec4eae8809b364feeb0) Importer(815301076,1909f56bfc062723c751e8b465ee728b)
Start importing Assets/Assets/UI/Dark UI/New Icons/White Sound Icom.png using Guid(2896697aee29fec4eae8809b364feeb0) Importer(815301076,1909f56bfc062723c751e8b465ee728b) [PhysX] Initialized MultithreadedTaskDispatcher with 12 workers.
[PhysX] Initialized MultithreadedTaskDispatcher with 12 workers.
 -> (artifact id: '3272b29911f91bc9080127808e6698ae') in 0.008786 seconds
Number of updated asset objects reloaded before import = 0
Number of asset objects unloaded after import = 3
========================================================================
Received Import Request.
  Time since last request: 0.027130 seconds.
  path: Assets/Assets/UI/Violet Theme Ui/White Icons/White Sound Icom.png
  artifactKey: Guid(a8ae8b26d38521f4d901e390c5bd5a87) Importer(815301076,1909f56bfc062723c751e8b465ee728b)
Start importing Assets/Assets/UI/Violet Theme Ui/White Icons/White Sound Icom.png using Guid(a8ae8b26d38521f4d901e390c5bd5a87) Importer(815301076,1909f56bfc062723c751e8b465ee728b) [PhysX] Initialized MultithreadedTaskDispatcher with 12 workers.
[PhysX] Initialized MultithreadedTaskDispatcher with 12 workers.
 -> (artifact id: '8c63ffbf066ea9b78eb521e2dbe88844') in 0.012383 seconds
Number of updated asset objects reloaded before import = 0
Number of asset objects unloaded after import = 3
========================================================================
Received Import Request.
  Time since last request: 0.000019 seconds.
  path: Assets/Assets/UI/Dark UI/New Icons/White Sound On.png
  artifactKey: Guid(fd30afab859581246b9ba7593ee3c10c) Importer(815301076,1909f56bfc062723c751e8b465ee728b)
Start importing Assets/Assets/UI/Dark UI/New Icons/White Sound On.png using Guid(fd30afab859581246b9ba7593ee3c10c) Importer(815301076,1909f56bfc062723c751e8b465ee728b) [PhysX] Initialized MultithreadedTaskDispatcher with 12 workers.
[PhysX] Initialized MultithreadedTaskDispatcher with 12 workers.
 -> (artifact id: '65f27d53b4b4a5aeddf63c59f6d3eaec') in 0.011911 seconds
Number of updated asset objects reloaded before import = 0
Number of asset objects unloaded after import = 3
========================================================================
Received Import Request.
  Time since last request: 0.000054 seconds.
  path: Assets/Assets/UI/Violet Theme Ui/White Icons/White Sound On.png
  artifactKey: Guid(e66426b52acd2a948999e48ec901d97b) Importer(815301076,1909f56bfc062723c751e8b465ee728b)
Start importing Assets/Assets/UI/Violet Theme Ui/White Icons/White Sound On.png using Guid(e66426b52acd2a948999e48ec901d97b) Importer(815301076,1909f56bfc062723c751e8b465ee728b) [PhysX] Initialized MultithreadedTaskDispatcher with 12 workers.
[PhysX] Initialized MultithreadedTaskDispatcher with 12 workers.
 -> (artifact id: '88b942e893ef54cbb6eb03dab606f079') in 0.013365 seconds
Number of updated asset objects reloaded before import = 0
Number of asset objects unloaded after import = 5
========================================================================
Received Import Request.
  Time since last request: 0.048670 seconds.
  path: Assets/Assets/UI/Dark UI/New Icons/White Speed.png
  artifactKey: Guid(f8b09dc77316b2a47b70781598722ed2) Importer(815301076,1909f56bfc062723c751e8b465ee728b)
Start importing Assets/Assets/UI/Dark UI/New Icons/White Speed.png using Guid(f8b09dc77316b2a47b70781598722ed2) Importer(815301076,1909f56bfc062723c751e8b465ee728b) [PhysX] Initialized MultithreadedTaskDispatcher with 12 workers.
[PhysX] Initialized MultithreadedTaskDispatcher with 12 workers.
 -> (artifact id: '297cb37df33da558eb7c6cc8633c7faf') in 0.010573 seconds
Number of updated asset objects reloaded before import = 0
Number of asset objects unloaded after import = 3
========================================================================
Received Import Request.
  Time since last request: 0.000036 seconds.
  path: Assets/Assets/UI/Violet Theme Ui/White Icons/White Speed Boost 2.png
  artifactKey: Guid(7651633fd56d228438ee6b73775d4a6f) Importer(815301076,1909f56bfc062723c751e8b465ee728b)
Start importing Assets/Assets/UI/Violet Theme Ui/White Icons/White Speed Boost 2.png using Guid(7651633fd56d228438ee6b73775d4a6f) Importer(815301076,1909f56bfc062723c751e8b465ee728b) [PhysX] Initialized MultithreadedTaskDispatcher with 12 workers.
[PhysX] Initialized MultithreadedTaskDispatcher with 12 workers.
 -> (artifact id: '744f93f0dfd707fbe12ea926b957023c') in 0.016609 seconds
Number of updated asset objects reloaded before import = 0
Number of asset objects unloaded after import = 6
========================================================================
Received Import Request.
  Time since last request: 0.000025 seconds.
  path: Assets/Assets/UI/Violet Theme Ui/White Icons/White Star.png
  artifactKey: Guid(5823f577f85850f4ead3867ad470e293) Importer(815301076,1909f56bfc062723c751e8b465ee728b)
Start importing Assets/Assets/UI/Violet Theme Ui/White Icons/White Star.png using Guid(5823f577f85850f4ead3867ad470e293) Importer(815301076,1909f56bfc062723c751e8b465ee728b) [PhysX] Initialized MultithreadedTaskDispatcher with 12 workers.
[PhysX] Initialized MultithreadedTaskDispatcher with 12 workers.
 -> (artifact id: 'ec7c2f1805cf5182321ce971cd736b4d') in 0.009383 seconds
Number of updated asset objects reloaded before import = 0
Number of asset objects unloaded after import = 3
========================================================================
Received Import Request.
  Time since last request: 0.000027 seconds.
  path: Assets/Assets/UI/Dark UI/New Icons/White Star Hollow.png
  artifactKey: Guid(ae66b3efeee4f39428cfdcfa0699c733) Importer(815301076,1909f56bfc062723c751e8b465ee728b)
Start importing Assets/Assets/UI/Dark UI/New Icons/White Star Hollow.png using Guid(ae66b3efeee4f39428cfdcfa0699c733) Importer(815301076,1909f56bfc062723c751e8b465ee728b) [PhysX] Initialized MultithreadedTaskDispatcher with 12 workers.
[PhysX] Initialized MultithreadedTaskDispatcher with 12 workers.
 -> (artifact id: '8d6083b46447abdc099380f391be99ed') in 0.010567 seconds
Number of updated asset objects reloaded before import = 0
Number of asset objects unloaded after import = 3
========================================================================
Received Import Request.
  Time since last request: 0.018327 seconds.
  path: Assets/Assets/UI/Dark UI/New Icons/White Strength Up.png
  artifactKey: Guid(395fe610317dbca4e9b7f2cd4c50a82d) Importer(815301076,1909f56bfc062723c751e8b465ee728b)
Start importing Assets/Assets/UI/Dark UI/New Icons/White Strength Up.png using Guid(395fe610317dbca4e9b7f2cd4c50a82d) Importer(815301076,1909f56bfc062723c751e8b465ee728b) [PhysX] Initialized MultithreadedTaskDispatcher with 12 workers.
[PhysX] Initialized MultithreadedTaskDispatcher with 12 workers.
 -> (artifact id: 'c8c0d2706eb303feca37252f35c93b1f') in 0.009268 seconds
Number of updated asset objects reloaded before import = 0
Number of asset objects unloaded after import = 3
========================================================================
Received Import Request.
  Time since last request: 0.000057 seconds.
  path: Assets/Assets/UI/Violet Theme Ui/White Icons/White Subtract.png
  artifactKey: Guid(6d72efe67c73da241866fe5f803b9ee4) Importer(815301076,1909f56bfc062723c751e8b465ee728b)
Start importing Assets/Assets/UI/Violet Theme Ui/White Icons/White Subtract.png using Guid(6d72efe67c73da241866fe5f803b9ee4) Importer(815301076,1909f56bfc062723c751e8b465ee728b) [PhysX] Initialized MultithreadedTaskDispatcher with 12 workers.
[PhysX] Initialized MultithreadedTaskDispatcher with 12 workers.
 -> (artifact id: '0f6babfe41e1a12f5afa22bca1806f3b') in 0.010672 seconds
Number of updated asset objects reloaded before import = 0
Number of asset objects unloaded after import = 3
========================================================================
Received Import Request.
  Time since last request: 0.021463 seconds.
  path: Assets/Assets/UI/Dark UI/New Icons/White Swords.png
  artifactKey: Guid(e0b1f63a802391f40a7a7ca4c6997795) Importer(815301076,1909f56bfc062723c751e8b465ee728b)
Start importing Assets/Assets/UI/Dark UI/New Icons/White Swords.png using Guid(e0b1f63a802391f40a7a7ca4c6997795) Importer(815301076,1909f56bfc062723c751e8b465ee728b) [PhysX] Initialized MultithreadedTaskDispatcher with 12 workers.
[PhysX] Initialized MultithreadedTaskDispatcher with 12 workers.
 -> (artifact id: 'e66ff5b57f185107477fbb6092614586') in 0.008643 seconds
Number of updated asset objects reloaded before import = 0
Number of asset objects unloaded after import = 3
========================================================================
Received Import Request.
  Time since last request: 0.030225 seconds.
  path: Assets/Assets/UI/Dark UI/New Icons/White Symbol 1.png
  artifactKey: Guid(34c4a9cc9e76a5745b43407c7a3675c8) Importer(815301076,1909f56bfc062723c751e8b465ee728b)
Start importing Assets/Assets/UI/Dark UI/New Icons/White Symbol 1.png using Guid(34c4a9cc9e76a5745b43407c7a3675c8) Importer(815301076,1909f56bfc062723c751e8b465ee728b) [PhysX] Initialized MultithreadedTaskDispatcher with 12 workers.
[PhysX] Initialized MultithreadedTaskDispatcher with 12 workers.
 -> (artifact id: '57d172c488b107a0c259874e4a4f072c') in 0.013773 seconds
Number of updated asset objects reloaded before import = 0
Number of asset objects unloaded after import = 3
========================================================================
Received Import Request.
  Time since last request: 0.000017 seconds.
  path: Assets/Assets/UI/Violet Theme Ui/White Icons/White Symbol 2.png
  artifactKey: Guid(ede36b97067ea2147aec9549ba7d7082) Importer(815301076,1909f56bfc062723c751e8b465ee728b)
Start importing Assets/Assets/UI/Violet Theme Ui/White Icons/White Symbol 2.png using Guid(ede36b97067ea2147aec9549ba7d7082) Importer(815301076,1909f56bfc062723c751e8b465ee728b) [PhysX] Initialized MultithreadedTaskDispatcher with 12 workers.
[PhysX] Initialized MultithreadedTaskDispatcher with 12 workers.
 -> (artifact id: '30f5dc2171f1f7a808beb62d7a6ed48b') in 0.010574 seconds
Number of updated asset objects reloaded before import = 0
Number of asset objects unloaded after import = 4
========================================================================
Received Import Request.
  Time since last request: 0.000040 seconds.
  path: Assets/Assets/UI/Dark UI/New Icons/White Symbol 4.png
  artifactKey: Guid(229c08d16be113f47bfa26671bb46545) Importer(815301076,1909f56bfc062723c751e8b465ee728b)
Start importing Assets/Assets/UI/Dark UI/New Icons/White Symbol 4.png using Guid(229c08d16be113f47bfa26671bb46545) Importer(815301076,1909f56bfc062723c751e8b465ee728b) [PhysX] Initialized MultithreadedTaskDispatcher with 12 workers.
[PhysX] Initialized MultithreadedTaskDispatcher with 12 workers.
 -> (artifact id: '995a81553eebddcadd6eea353bd98794') in 0.009466 seconds
Number of updated asset objects reloaded before import = 0
Number of asset objects unloaded after import = 3
========================================================================
Received Import Request.
  Time since last request: 0.014216 seconds.
  path: Assets/Assets/UI/Dark UI/New Icons/White Symbol 5.png
  artifactKey: Guid(016bcbae36b8a454ca4efbe53261fb4d) Importer(815301076,1909f56bfc062723c751e8b465ee728b)
Start importing Assets/Assets/UI/Dark UI/New Icons/White Symbol 5.png using Guid(016bcbae36b8a454ca4efbe53261fb4d) Importer(815301076,1909f56bfc062723c751e8b465ee728b) [PhysX] Initialized MultithreadedTaskDispatcher with 12 workers.
[PhysX] Initialized MultithreadedTaskDispatcher with 12 workers.
 -> (artifact id: '844c20edec3588688a3461d2675680d6') in 0.007794 seconds
Number of updated asset objects reloaded before import = 0
Number of asset objects unloaded after import = 3
========================================================================
Received Import Request.
  Time since last request: 0.000017 seconds.
  path: Assets/Assets/UI/Dark UI/New Icons/White Symbol 7.png
  artifactKey: Guid(84e0a6e338d7eb644b4f7326c6ca582f) Importer(815301076,1909f56bfc062723c751e8b465ee728b)
Start importing Assets/Assets/UI/Dark UI/New Icons/White Symbol 7.png using Guid(84e0a6e338d7eb644b4f7326c6ca582f) Importer(815301076,1909f56bfc062723c751e8b465ee728b) [PhysX] Initialized MultithreadedTaskDispatcher with 12 workers.
[PhysX] Initialized MultithreadedTaskDispatcher with 12 workers.
 -> (artifact id: '213e949f9166c2f320eb186371a16a74') in 0.008919 seconds
Number of updated asset objects reloaded before import = 0
Number of asset objects unloaded after import = 3
========================================================================
Received Import Request.
  Time since last request: 0.000015 seconds.
  path: Assets/Assets/UI/Violet Theme Ui/White Icons/White Symbol 11.png
  artifactKey: Guid(37256ad7d37e4ae46a102315b3144ef6) Importer(815301076,1909f56bfc062723c751e8b465ee728b)
Start importing Assets/Assets/UI/Violet Theme Ui/White Icons/White Symbol 11.png using Guid(37256ad7d37e4ae46a102315b3144ef6) Importer(815301076,1909f56bfc062723c751e8b465ee728b) [PhysX] Initialized MultithreadedTaskDispatcher with 12 workers.
[PhysX] Initialized MultithreadedTaskDispatcher with 12 workers.
 -> (artifact id: 'db79b082fc3a4995a132344b8ec2ca34') in 0.013505 seconds
Number of updated asset objects reloaded before import = 0
Number of asset objects unloaded after import = 5
========================================================================
Received Import Request.
  Time since last request: 0.000028 seconds.
  path: Assets/Assets/UI/Dark UI/New Icons/White Symbol 12.png
  artifactKey: Guid(8b966e6a0f0c58a4895972f2da2eb54b) Importer(815301076,1909f56bfc062723c751e8b465ee728b)
Start importing Assets/Assets/UI/Dark UI/New Icons/White Symbol 12.png using Guid(8b966e6a0f0c58a4895972f2da2eb54b) Importer(815301076,1909f56bfc062723c751e8b465ee728b) [PhysX] Initialized MultithreadedTaskDispatcher with 12 workers.
[PhysX] Initialized MultithreadedTaskDispatcher with 12 workers.
 -> (artifact id: '16d44146cd30113e11016f84a05dff42') in 0.007946 seconds
Number of updated asset objects reloaded before import = 0
Number of asset objects unloaded after import = 3
========================================================================
Received Import Request.
  Time since last request: 0.000020 seconds.
  path: Assets/Assets/UI/Dark UI/New Icons/White Symbol 9.png
  artifactKey: Guid(0b0434795b3fa3341945e39015fbaa28) Importer(815301076,1909f56bfc062723c751e8b465ee728b)
Start importing Assets/Assets/UI/Dark UI/New Icons/White Symbol 9.png using Guid(0b0434795b3fa3341945e39015fbaa28) Importer(815301076,1909f56bfc062723c751e8b465ee728b) [PhysX] Initialized MultithreadedTaskDispatcher with 12 workers.
[PhysX] Initialized MultithreadedTaskDispatcher with 12 workers.
 -> (artifact id: '8ec3cf9c83c4e73cfe39e37ba4c6ec77') in 0.008061 seconds
Number of updated asset objects reloaded before import = 0
Number of asset objects unloaded after import = 3
========================================================================
Received Import Request.
  Time since last request: 0.000024 seconds.
  path: Assets/Assets/UI/Dark UI/New Icons/White Symbol 8.png
  artifactKey: Guid(8ec243e0c1e485d48b333585719665f5) Importer(815301076,1909f56bfc062723c751e8b465ee728b)
Start importing Assets/Assets/UI/Dark UI/New Icons/White Symbol 8.png using Guid(8ec243e0c1e485d48b333585719665f5) Importer(815301076,1909f56bfc062723c751e8b465ee728b) [PhysX] Initialized MultithreadedTaskDispatcher with 12 workers.
[PhysX] Initialized MultithreadedTaskDispatcher with 12 workers.
 -> (artifact id: '2e0809d1efd03bb6a78c2378126858c6') in 0.007853 seconds
Number of updated asset objects reloaded before import = 0
Number of asset objects unloaded after import = 3
========================================================================
Received Import Request.
  Time since last request: 0.000015 seconds.
  path: Assets/Assets/UI/Dark UI/New Icons/White Symbol 14.png
  artifactKey: Guid(53cc92633a87d6241ba0a506c3aa2194) Importer(815301076,1909f56bfc062723c751e8b465ee728b)
Start importing Assets/Assets/UI/Dark UI/New Icons/White Symbol 14.png using Guid(53cc92633a87d6241ba0a506c3aa2194) Importer(815301076,1909f56bfc062723c751e8b465ee728b) [PhysX] Initialized MultithreadedTaskDispatcher with 12 workers.
[PhysX] Initialized MultithreadedTaskDispatcher with 12 workers.
 -> (artifact id: 'da4c3365aa4834dd0a12895a2c5da65d') in 0.008197 seconds
Number of updated asset objects reloaded before import = 0
Number of asset objects unloaded after import = 3
========================================================================
Received Import Request.
  Time since last request: 0.000014 seconds.
  path: Assets/Assets/UI/Dark UI/New Icons/White Symbol 20.png
  artifactKey: Guid(5cafefe993d2abd4fbe6a12eb84696e0) Importer(815301076,1909f56bfc062723c751e8b465ee728b)
Start importing Assets/Assets/UI/Dark UI/New Icons/White Symbol 20.png using Guid(5cafefe993d2abd4fbe6a12eb84696e0) Importer(815301076,1909f56bfc062723c751e8b465ee728b) [PhysX] Initialized MultithreadedTaskDispatcher with 12 workers.
[PhysX] Initialized MultithreadedTaskDispatcher with 12 workers.
 -> (artifact id: 'bcb201ba749131fd4ffeac96f9f2692a') in 0.008375 seconds
Number of updated asset objects reloaded before import = 0
Number of asset objects unloaded after import = 3
========================================================================
Received Import Request.
  Time since last request: 0.000033 seconds.
  path: Assets/Assets/UI/Violet Theme Ui/White Icons/White Symbol 19.png
  artifactKey: Guid(167988578d0633f4f8b7fc6345816a3a) Importer(815301076,1909f56bfc062723c751e8b465ee728b)
Start importing Assets/Assets/UI/Violet Theme Ui/White Icons/White Symbol 19.png using Guid(167988578d0633f4f8b7fc6345816a3a) Importer(815301076,1909f56bfc062723c751e8b465ee728b) [PhysX] Initialized MultithreadedTaskDispatcher with 12 workers.
[PhysX] Initialized MultithreadedTaskDispatcher with 12 workers.
 -> (artifact id: '46589b39267b844ca74e8a15e3ff3b09') in 0.009782 seconds
Number of updated asset objects reloaded before import = 0
Number of asset objects unloaded after import = 3
========================================================================
Received Import Request.
  Time since last request: 0.000037 seconds.
  path: Assets/Assets/UI/Violet Theme Ui/White Icons/White Symbol 17.png
  artifactKey: Guid(f0cb0fc05a7b5424b9d51976686d1201) Importer(815301076,1909f56bfc062723c751e8b465ee728b)
Start importing Assets/Assets/UI/Violet Theme Ui/White Icons/White Symbol 17.png using Guid(f0cb0fc05a7b5424b9d51976686d1201) Importer(815301076,1909f56bfc062723c751e8b465ee728b) [PhysX] Initialized MultithreadedTaskDispatcher with 12 workers.
[PhysX] Initialized MultithreadedTaskDispatcher with 12 workers.
 -> (artifact id: 'a24abaf0533c03bf6a2ae0f8c0d18e7e') in 0.007574 seconds
Number of updated asset objects reloaded before import = 0
Number of asset objects unloaded after import = 3
========================================================================
Received Import Request.
  Time since last request: 0.000015 seconds.
  path: Assets/Assets/UI/Violet Theme Ui/White Icons/White Symbol 20.png
  artifactKey: Guid(fb705997d70372343b2a5b3e604e8969) Importer(815301076,1909f56bfc062723c751e8b465ee728b)
Start importing Assets/Assets/UI/Violet Theme Ui/White Icons/White Symbol 20.png using Guid(fb705997d70372343b2a5b3e604e8969) Importer(815301076,1909f56bfc062723c751e8b465ee728b) [PhysX] Initialized MultithreadedTaskDispatcher with 12 workers.
[PhysX] Initialized MultithreadedTaskDispatcher with 12 workers.
 -> (artifact id: '4d68db9868e0a73ce87cee3598a53a3e') in 0.009918 seconds
Number of updated asset objects reloaded before import = 0
Number of asset objects unloaded after import = 4
========================================================================
Received Import Request.
  Time since last request: 0.000014 seconds.
  path: Assets/Assets/UI/Dark UI/New Icons/White Symbol 15.png
  artifactKey: Guid(3c5bc544db6f8534b98aedea8f606a5c) Importer(815301076,1909f56bfc062723c751e8b465ee728b)
Start importing Assets/Assets/UI/Dark UI/New Icons/White Symbol 15.png using Guid(3c5bc544db6f8534b98aedea8f606a5c) Importer(815301076,1909f56bfc062723c751e8b465ee728b) [PhysX] Initialized MultithreadedTaskDispatcher with 12 workers.
[PhysX] Initialized MultithreadedTaskDispatcher with 12 workers.
 -> (artifact id: 'd5fcac391904a86af7334a5a3b4b6316') in 0.007795 seconds
Number of updated asset objects reloaded before import = 0
Number of asset objects unloaded after import = 3
========================================================================
Received Import Request.
  Time since last request: 0.000014 seconds.
  path: Assets/Assets/UI/Violet Theme Ui/White Icons/White Tag.png
  artifactKey: Guid(f056a0a4b34d15a4c85cca06bd747380) Importer(815301076,1909f56bfc062723c751e8b465ee728b)
Start importing Assets/Assets/UI/Violet Theme Ui/White Icons/White Tag.png using Guid(f056a0a4b34d15a4c85cca06bd747380) Importer(815301076,1909f56bfc062723c751e8b465ee728b) [PhysX] Initialized MultithreadedTaskDispatcher with 12 workers.
[PhysX] Initialized MultithreadedTaskDispatcher with 12 workers.
 -> (artifact id: '792223ba91755c72cc135f9218eda70e') in 0.009946 seconds
Number of updated asset objects reloaded before import = 0
Number of asset objects unloaded after import = 3
========================================================================
Received Import Request.
  Time since last request: 0.000016 seconds.
  path: Assets/Assets/UI/Violet Theme Ui/White Icons/White Telecom.png
  artifactKey: Guid(c033b51e4377ff4458b4a84db08c1d82) Importer(815301076,1909f56bfc062723c751e8b465ee728b)
Start importing Assets/Assets/UI/Violet Theme Ui/White Icons/White Telecom.png using Guid(c033b51e4377ff4458b4a84db08c1d82) Importer(815301076,1909f56bfc062723c751e8b465ee728b) [PhysX] Initialized MultithreadedTaskDispatcher with 12 workers.
[PhysX] Initialized MultithreadedTaskDispatcher with 12 workers.
 -> (artifact id: '5c6c3100f1e24620087e0031a706e956') in 0.008960 seconds
Number of updated asset objects reloaded before import = 0
Number of asset objects unloaded after import = 3
========================================================================
Received Import Request.
  Time since last request: 0.000028 seconds.
  path: Assets/Assets/UI/Dark UI/New Icons/White Symbol 18.png
  artifactKey: Guid(d82329b5d9f370d4e814fe7e8c02ec35) Importer(815301076,1909f56bfc062723c751e8b465ee728b)
Start importing Assets/Assets/UI/Dark UI/New Icons/White Symbol 18.png using Guid(d82329b5d9f370d4e814fe7e8c02ec35) Importer(815301076,1909f56bfc062723c751e8b465ee728b) [PhysX] Initialized MultithreadedTaskDispatcher with 12 workers.
[PhysX] Initialized MultithreadedTaskDispatcher with 12 workers.
 -> (artifact id: 'edfa3b3a0fdf5e5fa01f44a16dbbfbcb') in 0.010108 seconds
Number of updated asset objects reloaded before import = 0
Number of asset objects unloaded after import = 3
========================================================================
Received Import Request.
  Time since last request: 0.000017 seconds.
  path: Assets/Assets/UI/Dark UI/New Icons/White Symbol 19.png
  artifactKey: Guid(42d324cf88b799a49b30d25353398f7a) Importer(815301076,1909f56bfc062723c751e8b465ee728b)
Start importing Assets/Assets/UI/Dark UI/New Icons/White Symbol 19.png using Guid(42d324cf88b799a49b30d25353398f7a) Importer(815301076,1909f56bfc062723c751e8b465ee728b) [PhysX] Initialized MultithreadedTaskDispatcher with 12 workers.
[PhysX] Initialized MultithreadedTaskDispatcher with 12 workers.
 -> (artifact id: '409bcddc00fcd2cbe768aeee0c0a0173') in 0.010604 seconds
Number of updated asset objects reloaded before import = 0
Number of asset objects unloaded after import = 3
========================================================================
Received Import Request.
  Time since last request: 0.006799 seconds.
  path: Assets/Assets/UI/Violet Theme Ui/White Icons/White Television.png
  artifactKey: Guid(a8bb48d78e8b47a4e9bd319f0170fa25) Importer(815301076,1909f56bfc062723c751e8b465ee728b)
Start importing Assets/Assets/UI/Violet Theme Ui/White Icons/White Television.png using Guid(a8bb48d78e8b47a4e9bd319f0170fa25) Importer(815301076,1909f56bfc062723c751e8b465ee728b) [PhysX] Initialized MultithreadedTaskDispatcher with 12 workers.
[PhysX] Initialized MultithreadedTaskDispatcher with 12 workers.
 -> (artifact id: '8b6eb592c542398be5bb33674ca3a6f1') in 0.009527 seconds
Number of updated asset objects reloaded before import = 0
Number of asset objects unloaded after import = 3
========================================================================
Received Import Request.
  Time since last request: 0.000047 seconds.
  path: Assets/Assets/UI/Dark UI/New Icons/White Ticket 2.png
  artifactKey: Guid(46a1e48473feb5d469a09014dbdcd77c) Importer(815301076,1909f56bfc062723c751e8b465ee728b)
Start importing Assets/Assets/UI/Dark UI/New Icons/White Ticket 2.png using Guid(46a1e48473feb5d469a09014dbdcd77c) Importer(815301076,1909f56bfc062723c751e8b465ee728b) [PhysX] Initialized MultithreadedTaskDispatcher with 12 workers.
[PhysX] Initialized MultithreadedTaskDispatcher with 12 workers.
 -> (artifact id: '21600b7e005249addc6911f1fc892550') in 0.009326 seconds
Number of updated asset objects reloaded before import = 0
Number of asset objects unloaded after import = 3
========================================================================
Received Import Request.
  Time since last request: 0.000118 seconds.
  path: Assets/Assets/UI/Dark UI/New Icons/White Trophy.png
  artifactKey: Guid(e2adbf29c766b42468aa462579f209c1) Importer(815301076,1909f56bfc062723c751e8b465ee728b)
Start importing Assets/Assets/UI/Dark UI/New Icons/White Trophy.png using Guid(e2adbf29c766b42468aa462579f209c1) Importer(815301076,1909f56bfc062723c751e8b465ee728b) [PhysX] Initialized MultithreadedTaskDispatcher with 12 workers.
[PhysX] Initialized MultithreadedTaskDispatcher with 12 workers.
 -> (artifact id: '6a4d9ad6d635635138ff6967fa727df1') in 0.008460 seconds
Number of updated asset objects reloaded before import = 0
Number of asset objects unloaded after import = 3
========================================================================
Received Import Request.
  Time since last request: 0.000044 seconds.
  path: Assets/Assets/UI/Dark UI/New Icons/White Tree.png
  artifactKey: Guid(9285ad0079fda0a40aee812caa2302ce) Importer(815301076,1909f56bfc062723c751e8b465ee728b)
Start importing Assets/Assets/UI/Dark UI/New Icons/White Tree.png using Guid(9285ad0079fda0a40aee812caa2302ce) Importer(815301076,1909f56bfc062723c751e8b465ee728b) [PhysX] Initialized MultithreadedTaskDispatcher with 12 workers.
[PhysX] Initialized MultithreadedTaskDispatcher with 12 workers.
 -> (artifact id: 'f8b683a6e0e1abb4e9e55514eac4834c') in 0.008309 seconds
Number of updated asset objects reloaded before import = 0
Number of asset objects unloaded after import = 3
========================================================================
Received Import Request.
  Time since last request: 0.000016 seconds.
  path: Assets/Assets/UI/Dark UI/New Icons/White ThumbUp.png
  artifactKey: Guid(411d27a3e567bfd45a0459692ff62892) Importer(815301076,1909f56bfc062723c751e8b465ee728b)
Start importing Assets/Assets/UI/Dark UI/New Icons/White ThumbUp.png using Guid(411d27a3e567bfd45a0459692ff62892) Importer(815301076,1909f56bfc062723c751e8b465ee728b) [PhysX] Initialized MultithreadedTaskDispatcher with 12 workers.
[PhysX] Initialized MultithreadedTaskDispatcher with 12 workers.
 -> (artifact id: 'f1d3c9134ee99bee5a8e0e37166e4714') in 0.009006 seconds
Number of updated asset objects reloaded before import = 0
Number of asset objects unloaded after import = 3
========================================================================
Received Import Request.
  Time since last request: 0.000017 seconds.
  path: Assets/Assets/UI/Violet Theme Ui/White Icons/White Timer 2.png
  artifactKey: Guid(0dd9750f26cf0434baf1516e7c266401) Importer(815301076,1909f56bfc062723c751e8b465ee728b)
Start importing Assets/Assets/UI/Violet Theme Ui/White Icons/White Timer 2.png using Guid(0dd9750f26cf0434baf1516e7c266401) Importer(815301076,1909f56bfc062723c751e8b465ee728b) [PhysX] Initialized MultithreadedTaskDispatcher with 12 workers.
[PhysX] Initialized MultithreadedTaskDispatcher with 12 workers.
 -> (artifact id: 'd2820ac7aef3b26aaf1d0c523ced9947') in 0.015652 seconds
Number of updated asset objects reloaded before import = 0
Number of asset objects unloaded after import = 6
========================================================================
Received Import Request.
  Time since last request: 0.000018 seconds.
  path: Assets/Assets/UI/Violet Theme Ui/White Icons/White Time.png
  artifactKey: Guid(8afc5bdb2d29b2b498a6072ad34ae74f) Importer(815301076,1909f56bfc062723c751e8b465ee728b)
Start importing Assets/Assets/UI/Violet Theme Ui/White Icons/White Time.png using Guid(8afc5bdb2d29b2b498a6072ad34ae74f) Importer(815301076,1909f56bfc062723c751e8b465ee728b) [PhysX] Initialized MultithreadedTaskDispatcher with 12 workers.
[PhysX] Initialized MultithreadedTaskDispatcher with 12 workers.
 -> (artifact id: '5bf6b1cf39d215327974aa2184babaf0') in 0.008401 seconds
Number of updated asset objects reloaded before import = 0
Number of asset objects unloaded after import = 3
========================================================================
Received Import Request.
  Time since last request: 0.000016 seconds.
  path: Assets/Assets/UI/Dark UI/New Icons/White Time.png
  artifactKey: Guid(a40a3560ea6b3394ca8c94f5bcebb3ef) Importer(815301076,1909f56bfc062723c751e8b465ee728b)
Start importing Assets/Assets/UI/Dark UI/New Icons/White Time.png using Guid(a40a3560ea6b3394ca8c94f5bcebb3ef) Importer(815301076,1909f56bfc062723c751e8b465ee728b) [PhysX] Initialized MultithreadedTaskDispatcher with 12 workers.
[PhysX] Initialized MultithreadedTaskDispatcher with 12 workers.
 -> (artifact id: '0a83d6da09d347dc5353ba169536580f') in 0.008036 seconds
Number of updated asset objects reloaded before import = 0
Number of asset objects unloaded after import = 3
========================================================================
Received Import Request.
  Time since last request: 0.000018 seconds.
  path: Assets/Assets/UI/Violet Theme Ui/White Icons/White Video.png
  artifactKey: Guid(783da321c6b8e694a96faf212e2e9aeb) Importer(815301076,1909f56bfc062723c751e8b465ee728b)
Start importing Assets/Assets/UI/Violet Theme Ui/White Icons/White Video.png using Guid(783da321c6b8e694a96faf212e2e9aeb) Importer(815301076,1909f56bfc062723c751e8b465ee728b) [PhysX] Initialized MultithreadedTaskDispatcher with 12 workers.
[PhysX] Initialized MultithreadedTaskDispatcher with 12 workers.
 -> (artifact id: 'c80d0135a04f67096b2a14288e23e30c') in 0.009713 seconds
Number of updated asset objects reloaded before import = 0
Number of asset objects unloaded after import = 4
========================================================================
Received Import Request.
  Time since last request: 0.000021 seconds.
  path: Assets/Assets/UI/Dark UI/New Icons/White Warning 2.png
  artifactKey: Guid(0774bcb7613f85e4b8fcdbd60eff9319) Importer(815301076,1909f56bfc062723c751e8b465ee728b)
Start importing Assets/Assets/UI/Dark UI/New Icons/White Warning 2.png using Guid(0774bcb7613f85e4b8fcdbd60eff9319) Importer(815301076,1909f56bfc062723c751e8b465ee728b) [PhysX] Initialized MultithreadedTaskDispatcher with 12 workers.
[PhysX] Initialized MultithreadedTaskDispatcher with 12 workers.
 -> (artifact id: 'c35b4acad5147e62b4df5f910c7dc437') in 0.008752 seconds
Number of updated asset objects reloaded before import = 0
Number of asset objects unloaded after import = 3
========================================================================
Received Import Request.
  Time since last request: 0.000049 seconds.
  path: Assets/Assets/UI/Dark UI/New Icons/White Voice Off.png
  artifactKey: Guid(954f69545cb874a43b504dc69345a8fe) Importer(815301076,1909f56bfc062723c751e8b465ee728b)
Start importing Assets/Assets/UI/Dark UI/New Icons/White Voice Off.png using Guid(954f69545cb874a43b504dc69345a8fe) Importer(815301076,1909f56bfc062723c751e8b465ee728b) [PhysX] Initialized MultithreadedTaskDispatcher with 12 workers.
[PhysX] Initialized MultithreadedTaskDispatcher with 12 workers.
 -> (artifact id: 'b91ab370a9a3e1097355fea85cbb8aa5') in 0.008619 seconds
Number of updated asset objects reloaded before import = 0
Number of asset objects unloaded after import = 3
========================================================================
Received Import Request.
  Time since last request: 0.000015 seconds.
  path: Assets/Assets/UI/Violet Theme Ui/White Icons/White Warning 2.png
  artifactKey: Guid(08418683700dc1349a59ba1c9bb4ac9a) Importer(815301076,1909f56bfc062723c751e8b465ee728b)
Start importing Assets/Assets/UI/Violet Theme Ui/White Icons/White Warning 2.png using Guid(08418683700dc1349a59ba1c9bb4ac9a) Importer(815301076,1909f56bfc062723c751e8b465ee728b) [PhysX] Initialized MultithreadedTaskDispatcher with 12 workers.
[PhysX] Initialized MultithreadedTaskDispatcher with 12 workers.
 -> (artifact id: 'c0cfffdc0e53cf336677be16703b460a') in 0.007969 seconds
Number of updated asset objects reloaded before import = 0
Number of asset objects unloaded after import = 3
========================================================================
Received Import Request.
  Time since last request: 0.000017 seconds.
  path: Assets/Assets/UI/Violet Theme Ui/White Icons/White Wand.png
  artifactKey: Guid(47f4c9a1d571e2145bebbbc207d9195b) Importer(815301076,1909f56bfc062723c751e8b465ee728b)
Start importing Assets/Assets/UI/Violet Theme Ui/White Icons/White Wand.png using Guid(47f4c9a1d571e2145bebbbc207d9195b) Importer(815301076,1909f56bfc062723c751e8b465ee728b) [PhysX] Initialized MultithreadedTaskDispatcher with 12 workers.
[PhysX] Initialized MultithreadedTaskDispatcher with 12 workers.
 -> (artifact id: 'f4f5e5ded2d2660c63c2eaa97c5cc72c') in 0.012725 seconds
Number of updated asset objects reloaded before import = 0
Number of asset objects unloaded after import = 4
========================================================================
Received Import Request.
  Time since last request: 0.000014 seconds.
  path: Assets/Assets/UI/Violet Theme Ui/White Icons/White Voice On.png
  artifactKey: Guid(d3c4a50e04e1bd34ca7d2081edfc64a0) Importer(815301076,1909f56bfc062723c751e8b465ee728b)
Start importing Assets/Assets/UI/Violet Theme Ui/White Icons/White Voice On.png using Guid(d3c4a50e04e1bd34ca7d2081edfc64a0) Importer(815301076,1909f56bfc062723c751e8b465ee728b) [PhysX] Initialized MultithreadedTaskDispatcher with 12 workers.
[PhysX] Initialized MultithreadedTaskDispatcher with 12 workers.
 -> (artifact id: '0f569c264fd1c50a2d07c01efce9e01d') in 0.009334 seconds
Number of updated asset objects reloaded before import = 0
Number of asset objects unloaded after import = 4
========================================================================
Received Import Request.
  Time since last request: 0.000014 seconds.
  path: Assets/Assets/UI/Dark UI/New Icons/White Wand 2.png
  artifactKey: Guid(4f750aed725dbab45a8fd4c00af41df0) Importer(815301076,1909f56bfc062723c751e8b465ee728b)
Start importing Assets/Assets/UI/Dark UI/New Icons/White Wand 2.png using Guid(4f750aed725dbab45a8fd4c00af41df0) Importer(815301076,1909f56bfc062723c751e8b465ee728b) [PhysX] Initialized MultithreadedTaskDispatcher with 12 workers.
[PhysX] Initialized MultithreadedTaskDispatcher with 12 workers.
 -> (artifact id: '54a650e95301902c84e58c058257c4c5') in 0.007514 seconds
Number of updated asset objects reloaded before import = 0
Number of asset objects unloaded after import = 3
========================================================================
Received Import Request.
  Time since last request: 0.000013 seconds.
  path: Assets/Assets/UI/Violet Theme Ui/White Icons/White Twitter.png
  artifactKey: Guid(c7414491d01abe14aa617ae2f3dc221f) Importer(815301076,1909f56bfc062723c751e8b465ee728b)
Start importing Assets/Assets/UI/Violet Theme Ui/White Icons/White Twitter.png using Guid(c7414491d01abe14aa617ae2f3dc221f) Importer(815301076,1909f56bfc062723c751e8b465ee728b) [PhysX] Initialized MultithreadedTaskDispatcher with 12 workers.
[PhysX] Initialized MultithreadedTaskDispatcher with 12 workers.
 -> (artifact id: 'dc0e893217f97127334ea59700d8dbe4') in 0.007728 seconds
Number of updated asset objects reloaded before import = 0
Number of asset objects unloaded after import = 3
========================================================================
Received Import Request.
  Time since last request: 0.020243 seconds.
  path: Assets/Assets/UI/Dark UI/New Icons/White Weight.png
  artifactKey: Guid(9ad82a29e4224b94ca03348de459ebff) Importer(815301076,1909f56bfc062723c751e8b465ee728b)
Start importing Assets/Assets/UI/Dark UI/New Icons/White Weight.png using Guid(9ad82a29e4224b94ca03348de459ebff) Importer(815301076,1909f56bfc062723c751e8b465ee728b) [PhysX] Initialized MultithreadedTaskDispatcher with 12 workers.
[PhysX] Initialized MultithreadedTaskDispatcher with 12 workers.
 -> (artifact id: 'd91b9eb9e1356011956feca6c5a3bd04') in 0.007482 seconds
Number of updated asset objects reloaded before import = 0
Number of asset objects unloaded after import = 3
========================================================================
Received Import Request.
  Time since last request: 0.000015 seconds.
  path: Assets/Assets/UI/Dark UI/New Icons/White Wifi On.png
  artifactKey: Guid(1c3eb93d6c5639844a7e1587d15720d2) Importer(815301076,1909f56bfc062723c751e8b465ee728b)
Start importing Assets/Assets/UI/Dark UI/New Icons/White Wifi On.png using Guid(1c3eb93d6c5639844a7e1587d15720d2) Importer(815301076,1909f56bfc062723c751e8b465ee728b) [PhysX] Initialized MultithreadedTaskDispatcher with 12 workers.
[PhysX] Initialized MultithreadedTaskDispatcher with 12 workers.
 -> (artifact id: '50c562849f1fee56671b79b693c5ed89') in 0.008305 seconds
Number of updated asset objects reloaded before import = 0
Number of asset objects unloaded after import = 3
========================================================================
Received Import Request.
  Time since last request: 0.000014 seconds.
  path: Assets/Assets/UI/Violet Theme Ui/White Icons/White YingYang.png
  artifactKey: Guid(3585059cc46f8174f8c58c88fdf616d7) Importer(815301076,1909f56bfc062723c751e8b465ee728b)
Start importing Assets/Assets/UI/Violet Theme Ui/White Icons/White YingYang.png using Guid(3585059cc46f8174f8c58c88fdf616d7) Importer(815301076,1909f56bfc062723c751e8b465ee728b) [PhysX] Initialized MultithreadedTaskDispatcher with 12 workers.
[PhysX] Initialized MultithreadedTaskDispatcher with 12 workers.
 -> (artifact id: 'e0381142a0dda9b7996521b7df227a07') in 0.008085 seconds
Number of updated asset objects reloaded before import = 0
Number of asset objects unloaded after import = 3
========================================================================
Received Import Request.
  Time since last request: 0.000016 seconds.
  path: Assets/Assets/UI/Dark UI/New Icons/White Youtube.png
  artifactKey: Guid(5c5a084c87720e1498c8e9d571d8d51a) Importer(815301076,1909f56bfc062723c751e8b465ee728b)
Start importing Assets/Assets/UI/Dark UI/New Icons/White Youtube.png using Guid(5c5a084c87720e1498c8e9d571d8d51a) Importer(815301076,1909f56bfc062723c751e8b465ee728b) [PhysX] Initialized MultithreadedTaskDispatcher with 12 workers.
[PhysX] Initialized MultithreadedTaskDispatcher with 12 workers.
 -> (artifact id: 'c2224439b275d995b6425de316460a9f') in 0.008238 seconds
Number of updated asset objects reloaded before import = 0
Number of asset objects unloaded after import = 3
========================================================================
Received Import Request.
  Time since last request: 0.000014 seconds.
  path: Assets/Assets/UI/Dark UI/Free/World.png
  artifactKey: Guid(cb0be92a1645a7c48a26aa4a8ebdb7d8) Importer(815301076,1909f56bfc062723c751e8b465ee728b)
Start importing Assets/Assets/UI/Dark UI/Free/World.png using Guid(cb0be92a1645a7c48a26aa4a8ebdb7d8) Importer(815301076,1909f56bfc062723c751e8b465ee728b) [PhysX] Initialized MultithreadedTaskDispatcher with 12 workers.
[PhysX] Initialized MultithreadedTaskDispatcher with 12 workers.
 -> (artifact id: '32ba60c5fe626bc9909587ab708437de') in 0.008142 seconds
Number of updated asset objects reloaded before import = 0
Number of asset objects unloaded after import = 3
========================================================================
Received Import Request.
  Time since last request: 0.000013 seconds.
  path: Assets/Assets/UI/GameInputControllerIconsFree/keyboard-white/y.png
  artifactKey: Guid(a890fd693d2251f4e8e67189293067c6) Importer(815301076,1909f56bfc062723c751e8b465ee728b)
Start importing Assets/Assets/UI/GameInputControllerIconsFree/keyboard-white/y.png using Guid(a890fd693d2251f4e8e67189293067c6) Importer(815301076,1909f56bfc062723c751e8b465ee728b) [PhysX] Initialized MultithreadedTaskDispatcher with 12 workers.
[PhysX] Initialized MultithreadedTaskDispatcher with 12 workers.
 -> (artifact id: 'bbe98c5ba997fb1c5ce3425c3c008d22') in 0.007905 seconds
Number of updated asset objects reloaded before import = 0
Number of asset objects unloaded after import = 3
========================================================================
Received Import Request.
  Time since last request: 0.000048 seconds.
  path: Assets/Assets/UI/Violet Theme Ui/White Icons/White Witch Hat.png
  artifactKey: Guid(43956d00e12bb3941a8aaca2f2d11f75) Importer(815301076,1909f56bfc062723c751e8b465ee728b)
Start importing Assets/Assets/UI/Violet Theme Ui/White Icons/White Witch Hat.png using Guid(43956d00e12bb3941a8aaca2f2d11f75) Importer(815301076,1909f56bfc062723c751e8b465ee728b) [PhysX] Initialized MultithreadedTaskDispatcher with 12 workers.
[PhysX] Initialized MultithreadedTaskDispatcher with 12 workers.
 -> (artifact id: 'df126c462a8c5811c488ae79877b2200') in 0.010912 seconds
Number of updated asset objects reloaded before import = 0
Number of asset objects unloaded after import = 4
========================================================================
Received Import Request.
  Time since last request: 0.000019 seconds.
  path: Assets/Assets/UI/Violet Theme Ui/White Icons/White Youtube.png
  artifactKey: Guid(e02fdde545669024b9b3fc1bd89b0b1b) Importer(815301076,1909f56bfc062723c751e8b465ee728b)
Start importing Assets/Assets/UI/Violet Theme Ui/White Icons/White Youtube.png using Guid(e02fdde545669024b9b3fc1bd89b0b1b) Importer(815301076,1909f56bfc062723c751e8b465ee728b) [PhysX] Initialized MultithreadedTaskDispatcher with 12 workers.
[PhysX] Initialized MultithreadedTaskDispatcher with 12 workers.
 -> (artifact id: '2f32f1462cb68edcdc3af40ba48bf4cd') in 0.009180 seconds
Number of updated asset objects reloaded before import = 0
Number of asset objects unloaded after import = 3
========================================================================
Received Import Request.
  Time since last request: 0.000017 seconds.
  path: Assets/Assets/UI/Dark UI/New Icons/White Zoom Out.png
  artifactKey: Guid(aa9b1a590446deb40ba6412c2f2719ae) Importer(815301076,1909f56bfc062723c751e8b465ee728b)
Start importing Assets/Assets/UI/Dark UI/New Icons/White Zoom Out.png using Guid(aa9b1a590446deb40ba6412c2f2719ae) Importer(815301076,1909f56bfc062723c751e8b465ee728b) [PhysX] Initialized MultithreadedTaskDispatcher with 12 workers.
[PhysX] Initialized MultithreadedTaskDispatcher with 12 workers.
 -> (artifact id: '829d0f5618029f35e0fddfa8a742cd90') in 0.009722 seconds
Number of updated asset objects reloaded before import = 0
Number of asset objects unloaded after import = 3
========================================================================
Received Import Request.
  Time since last request: 0.000016 seconds.
  path: Assets/Assets/UI/Violet Theme Ui/White Icons/White Wifi On.png
  artifactKey: Guid(82e5a4d9b6b108d49b57d7ba82a0bcec) Importer(815301076,1909f56bfc062723c751e8b465ee728b)
Start importing Assets/Assets/UI/Violet Theme Ui/White Icons/White Wifi On.png using Guid(82e5a4d9b6b108d49b57d7ba82a0bcec) Importer(815301076,1909f56bfc062723c751e8b465ee728b) [PhysX] Initialized MultithreadedTaskDispatcher with 12 workers.
[PhysX] Initialized MultithreadedTaskDispatcher with 12 workers.
 -> (artifact id: '069da7c97e6a645df4e6749bc1633e77') in 0.013592 seconds
Number of updated asset objects reloaded before import = 0
Number of asset objects unloaded after import = 5
========================================================================
Received Import Request.
  Time since last request: 0.000092 seconds.
  path: Assets/Assets/UI/Dark UI/New Icons/White Wind.png
  artifactKey: Guid(18c2b2835adc9af449c20657c11ad67d) Importer(815301076,1909f56bfc062723c751e8b465ee728b)
Start importing Assets/Assets/UI/Dark UI/New Icons/White Wind.png using Guid(18c2b2835adc9af449c20657c11ad67d) Importer(815301076,1909f56bfc062723c751e8b465ee728b) [PhysX] Initialized MultithreadedTaskDispatcher with 12 workers.
[PhysX] Initialized MultithreadedTaskDispatcher with 12 workers.
 -> (artifact id: 'e846166ced272070267bab9f8c4aad78') in 0.008077 seconds
Number of updated asset objects reloaded before import = 0
Number of asset objects unloaded after import = 3
========================================================================
Received Import Request.
  Time since last request: 0.000034 seconds.
  path: Assets/Assets/UI/UI Elements/Black/2x/yes-tic.png
  artifactKey: Guid(3b3abbae82067eb43b4fc298c5eb99cc) Importer(815301076,1909f56bfc062723c751e8b465ee728b)
Start importing Assets/Assets/UI/UI Elements/Black/2x/yes-tic.png using Guid(3b3abbae82067eb43b4fc298c5eb99cc) Importer(815301076,1909f56bfc062723c751e8b465ee728b) [PhysX] Initialized MultithreadedTaskDispatcher with 12 workers.
[PhysX] Initialized MultithreadedTaskDispatcher with 12 workers.
 -> (artifact id: 'f7d413a3aba41d4c9a74ea7d8bc9abe2') in 0.008385 seconds
Number of updated asset objects reloaded before import = 0
Number of asset objects unloaded after import = 3
========================================================================
Received Import Request.
  Time since last request: 10.440852 seconds.
  path: Assets/Assets/UI/Dark UI/Free/Sound.png
  artifactKey: Guid(a0993af277162934b9f02610f6f941f2) Importer(815301076,1909f56bfc062723c751e8b465ee728b)
Start importing Assets/Assets/UI/Dark UI/Free/Sound.png using Guid(a0993af277162934b9f02610f6f941f2) Importer(815301076,1909f56bfc062723c751e8b465ee728b) [PhysX] Initialized MultithreadedTaskDispatcher with 12 workers.
[PhysX] Initialized MultithreadedTaskDispatcher with 12 workers.
 -> (artifact id: 'ac0fa4ffe842d54880509cd620cb36a6') in 0.016025 seconds
Number of updated asset objects reloaded before import = 0
Number of asset objects unloaded after import = 3
========================================================================
Received Import Request.
  Time since last request: 0.000024 seconds.
  path: Assets/Assets/UI/UI Elements/Black/2x/south-west arrow.png
  artifactKey: Guid(6c60b5a73c62a2040aef57df65ade5a2) Importer(815301076,1909f56bfc062723c751e8b465ee728b)
Start importing Assets/Assets/UI/UI Elements/Black/2x/south-west arrow.png using Guid(6c60b5a73c62a2040aef57df65ade5a2) Importer(815301076,1909f56bfc062723c751e8b465ee728b) [PhysX] Initialized MultithreadedTaskDispatcher with 12 workers.
[PhysX] Initialized MultithreadedTaskDispatcher with 12 workers.
 -> (artifact id: '3f7dd056d34f13512bf91367504e52f4') in 0.019985 seconds
Number of updated asset objects reloaded before import = 0
Number of asset objects unloaded after import = 3
========================================================================
Received Import Request.
  Time since last request: 0.065946 seconds.
  path: Assets/Assets/UI/UI Elements/White/2x/sign2.png
  artifactKey: Guid(ce290ade0c4f8d146aaeef139b5bd62d) Importer(815301076,1909f56bfc062723c751e8b465ee728b)
Start importing Assets/Assets/UI/UI Elements/White/2x/sign2.png using Guid(ce290ade0c4f8d146aaeef139b5bd62d) Importer(815301076,1909f56bfc062723c751e8b465ee728b) [PhysX] Initialized MultithreadedTaskDispatcher with 12 workers.
[PhysX] Initialized MultithreadedTaskDispatcher with 12 workers.
 -> (artifact id: '86ffe29d060ed50b6752e5ff7584c54d') in 0.014395 seconds
Number of updated asset objects reloaded before import = 0
Number of asset objects unloaded after import = 3
========================================================================
Received Import Request.
  Time since last request: 0.000022 seconds.
  path: Assets/Assets/UI/Violet Theme Ui/Colored Icons/Silver Lock.png
  artifactKey: Guid(d36270e47d36e304a9d89c1fc73428e9) Importer(815301076,1909f56bfc062723c751e8b465ee728b)
Start importing Assets/Assets/UI/Violet Theme Ui/Colored Icons/Silver Lock.png using Guid(d36270e47d36e304a9d89c1fc73428e9) Importer(815301076,1909f56bfc062723c751e8b465ee728b) [PhysX] Initialized MultithreadedTaskDispatcher with 12 workers.
[PhysX] Initialized MultithreadedTaskDispatcher with 12 workers.
 -> (artifact id: '9e402f88c4624818cb24f62fce71c27e') in 0.017749 seconds
Number of updated asset objects reloaded before import = 0
Number of asset objects unloaded after import = 3
========================================================================
Received Import Request.
  Time since last request: 0.430172 seconds.
  path: Assets/Assets/UI/Violet Theme Ui/Colored Icons/shield blue.png
  artifactKey: Guid(888bc6c3bee4a644894eb075d8d389f5) Importer(815301076,1909f56bfc062723c751e8b465ee728b)
Start importing Assets/Assets/UI/Violet Theme Ui/Colored Icons/shield blue.png using Guid(888bc6c3bee4a644894eb075d8d389f5) Importer(815301076,1909f56bfc062723c751e8b465ee728b) [PhysX] Initialized MultithreadedTaskDispatcher with 12 workers.
[PhysX] Initialized MultithreadedTaskDispatcher with 12 workers.
 -> (artifact id: '47339f31323944594d2d05b2741298fa') in 0.016312 seconds
Number of updated asset objects reloaded before import = 0
Number of asset objects unloaded after import = 3
========================================================================
Received Import Request.
  Time since last request: 0.000027 seconds.
  path: Assets/Assets/UI/UI Elements/Black/1x/sign1.png
  artifactKey: Guid(6c2f508c2c8885b48a9633a0775ae4a0) Importer(815301076,1909f56bfc062723c751e8b465ee728b)
Start importing Assets/Assets/UI/UI Elements/Black/1x/sign1.png using Guid(6c2f508c2c8885b48a9633a0775ae4a0) Importer(815301076,1909f56bfc062723c751e8b465ee728b) [PhysX] Initialized MultithreadedTaskDispatcher with 12 workers.
[PhysX] Initialized MultithreadedTaskDispatcher with 12 workers.
 -> (artifact id: '3a0b5a86f1f521a55fa5ca072829cbd8') in 0.016791 seconds
Number of updated asset objects reloaded before import = 0
Number of asset objects unloaded after import = 3
Editor requested this worker to shutdown with reason: Scaling down because of idle timeout
TcpMessagingSession - receive error: operation aborted. errorcode: 125, details: Operation aborted.
AssetImportWorker is now disconnected from the server
Process exiting
