Unity Editor version:    2022.3.31f1 (4ede2d13e8b4)
Branch:                  2022.3/staging
Build type:              Release
Batch mode:              YES
System name:             Linux
Distro version:          #1 SMP PREEMPT_DYNAMIC Fri, 10 Jan 2025 00:39:41 +0000
Kernel version:          6.12.9-arch1-1
Architecture:            x86_64
Available memory:        15910 MB
Using pre-set license
Pro License: YES

(process:20025): Gtk-WARNING **: 11:58:32.936: Locale not supported by C library.
	Using the fallback 'C' locale.

(Unity:20025): Gtk-CRITICAL **: 11:58:33.006: gtk_window_set_default_icon: assertion 'GDK_IS_PIXBUF (icon)' failed

(Unity:20025): GLib-GObject-CRITICAL **: 11:58:33.006: g_object_unref: assertion 'G_IS_OBJECT (object)' failed
Desktop is 2560 x 1080 @ 60 Hz
Initialize udev device monitor.

COMMAND LINE ARGUMENTS:
Unity
-adb2
-batchMode
-noUpm
-name
AssetImportWorker3
-projectPath
/home/deny/UnityProjects/WaveCraft
-logFile
Logs/AssetImportWorker3.log
-srvPort
45091
Successfully changed project path to: /home/deny/UnityProjects/WaveCraft
/home/deny/UnityProjects/WaveCraft
[UnityMemory] Configuration Parameters - Can be set up in boot.config
    "memorysetup-bucket-allocator-granularity=16"
    "memorysetup-bucket-allocator-bucket-count=8"
    "memorysetup-bucket-allocator-block-size=33554432"
    "memorysetup-bucket-allocator-block-count=8"
    "memorysetup-main-allocator-block-size=16777216"
    "memorysetup-thread-allocator-block-size=16777216"
    "memorysetup-gfx-main-allocator-block-size=16777216"
    "memorysetup-gfx-thread-allocator-block-size=16777216"
    "memorysetup-cache-allocator-block-size=4194304"
    "memorysetup-typetree-allocator-block-size=2097152"
    "memorysetup-profiler-bucket-allocator-granularity=16"
    "memorysetup-profiler-bucket-allocator-bucket-count=8"
    "memorysetup-profiler-bucket-allocator-block-size=33554432"
    "memorysetup-profiler-bucket-allocator-block-count=8"
    "memorysetup-profiler-allocator-block-size=16777216"
    "memorysetup-profiler-editor-allocator-block-size=1048576"
    "memorysetup-temp-allocator-size-main=16777216"
    "memorysetup-job-temp-allocator-block-size=2097152"
    "memorysetup-job-temp-allocator-block-size-background=1048576"
    "memorysetup-job-temp-allocator-reduction-small-platforms=262144"
    "memorysetup-allocator-temp-initial-block-size-main=262144"
    "memorysetup-allocator-temp-initial-block-size-worker=262144"
    "memorysetup-temp-allocator-size-background-worker=32768"
    "memorysetup-temp-allocator-size-job-worker=262144"
    "memorysetup-temp-allocator-size-preload-manager=33554432"
    "memorysetup-temp-allocator-size-nav-mesh-worker=65536"
    "memorysetup-temp-allocator-size-audio-worker=65536"
    "memorysetup-temp-allocator-size-cloud-worker=32768"
    "memorysetup-temp-allocator-size-gi-baking-worker=262144"
    "memorysetup-temp-allocator-size-gfx=262144"
Player connection [124951900386048] Host "[IP] 192.168.1.104 [Port] 0 [Flags] 2 [Guid] 1775950987 [EditorId] 1775950987 [Version] 1048832 [Id] LinuxEditor(16,192.168.1.104) [Debug] 1 [PackageName] LinuxEditor [ProjectName] Editor" joined multi-casting on [225.0.0.222:54997]...

Player connection [124951900386048] Host "[IP] 192.168.1.104 [Port] 0 [Flags] 2 [Guid] 1775950987 [EditorId] 1775950987 [Version] 1048832 [Id] LinuxEditor(16,192.168.1.104) [Debug] 1 [PackageName] LinuxEditor [ProjectName] Editor" joined alternative multi-casting on [225.0.0.222:34997]...

[PhysX] Initialized MultithreadedTaskDispatcher with 12 workers.
Refreshing native plugins compatible for Editor in 3.20 ms, found 0 plugins.
Preloading 0 native plugins for Editor in 0.00 ms.
Initialize engine version: 2022.3.31f1 (4ede2d13e8b4)
[Subsystems] Discovering subsystems at path /home/deny/Unity/Hub/Editor/2022.3.31f1/Editor/Data/Resources/UnitySubsystems
[Subsystems] Discovering subsystems at path /home/deny/UnityProjects/WaveCraft/Assets
GLX Extensions: GLX_ARB_get_proc_address GLX_ARB_multisample GLX_EXT_visual_info GLX_EXT_visual_rating GLX_SGIX_fbconfig GLX_SGIX_pbuffer GLX_SGI_swap_control GLX_EXT_swap_control GLX_EXT_buffer_age GLX_ARB_create_context GLX_ARB_create_context_profile GLX_ARB_fbconfig_float GLX_EXT_fbconfig_packed_float GLX_EXT_framebuffer_sRGB GLX_NV_copy_image GLX_NV_copy_buffer GLX_EXT_create_context_es_profile GLX_EXT_create_context_es2_profile GLX_ARB_create_context_no_error GLX_ARB_create_context_robustness GLX_ARB_context_flush_control 
Renderer: NVIDIA GeForce GTX 1660/PCIe/SSE2
Vendor:   NVIDIA Corporation
Version:  4.5.0 NVIDIA 565.77
GLES:     0
 GL_AMD_multi_draw_indirect GL_AMD_seamless_cubemap_per_texture GL_AMD_vertex_shader_viewport_index GL_AMD_vertex_shader_layer GL_ARB_arrays_of_arrays GL_ARB_base_instance GL_ARB_bindless_texture GL_ARB_blend_func_extended GL_ARB_buffer_storage GL_ARB_clear_buffer_object GL_ARB_clear_texture GL_ARB_clip_control GL_ARB_color_buffer_float GL_ARB_compressed_texture_pixel_storage GL_ARB_conservative_depth GL_ARB_compute_shader GL_ARB_compute_variable_group_size GL_ARB_conditional_render_inverted GL_ARB_copy_buffer GL_ARB_copy_image GL_ARB_cull_distance GL_ARB_debug_output GL_ARB_depth_buffer_float GL_ARB_depth_clamp GL_ARB_depth_texture GL_ARB_derivative_control GL_ARB_direct_state_access GL_ARB_draw_buffers GL_ARB_draw_buffers_blend GL_ARB_draw_indirect GL_ARB_draw_elements_base_vertex GL_ARB_draw_instanced GL_ARB_enhanced_layouts GL_ARB_ES2_compatibility GL_ARB_ES3_compatibility GL_ARB_ES3_1_compatibility GL_ARB_ES3_2_compatibility GL_ARB_explicit_attrib_location GL_ARB_explicit_uniform_location GL_ARB_fragmen
t_coord_conventions GL_ARB_fragment_layer_viewport GL_ARB_fragment_program GL_ARB_fragment_program_shadow GL_ARB_fragment_shader GL_ARB_fragment_shader_interlock GL_ARB_framebuffer_no_attachments GL_ARB_framebuffer_object GL_ARB_framebuffer_sRGB GL_ARB_geometry_shader4 GL_ARB_get_program_binary GL_ARB_get_texture_sub_image GL_ARB_gl_spirv GL_ARB_gpu_shader5 GL_ARB_gpu_shader_fp64 GL_ARB_gpu_shader_int64 GL_ARB_half_float_pixel GL_ARB_half_float_vertex GL_ARB_imaging GL_ARB_indirect_parameters GL_ARB_instanced_arrays GL_ARB_internalformat_query GL_ARB_internalformat_query2 GL_ARB_invalidate_subdata GL_ARB_map_buffer_alignment GL_ARB_map_buffer_range GL_ARB_multi_bind GL_ARB_multi_draw_indirect GL_ARB_multisample GL_ARB_multitexture GL_ARB_occlusion_query GL_ARB_occlusion_query2 GL_ARB_parallel_shader_compile GL_ARB_pipeline_statistics_query GL_ARB_pixel_buffer_object GL_ARB_point_parameters GL_ARB_point_sprite GL_ARB_polygon_offset_clamp GL_ARB_post_depth_coverage GL_ARB_program_interface_query GL_ARB_provoki
ng_vertex GL_ARB_query_buffer_object GL_ARB_robust_buffer_access_behavior GL_ARB_robustness GL_ARB_sample_locations GL_ARB_sample_shading GL_ARB_sampler_objects GL_ARB_seamless_cube_map GL_ARB_seamless_cubemap_per_texture GL_ARB_separate_shader_objects GL_ARB_shader_atomic_counter_ops GL_ARB_shader_atomic_counters GL_ARB_shader_ballot GL_ARB_shader_bit_encoding GL_ARB_shader_clock GL_ARB_shader_draw_parameters GL_ARB_shader_group_vote GL_ARB_shader_image_load_store GL_ARB_shader_image_size GL_ARB_shader_objects GL_ARB_shader_precision GL_ARB_shader_storage_buffer_object GL_ARB_shader_subroutine GL_ARB_shader_texture_image_samples GL_ARB_shader_texture_lod GL_ARB_shading_language_100 GL_ARB_shader_viewport_layer_array GL_ARB_shading_language_420pack GL_ARB_shading_language_include GL_ARB_shading_language_packing GL_ARB_shadow GL_ARB_sparse_buffer GL_ARB_sparse_texture GL_ARB_sparse_texture2 GL_ARB_sparse_texture_clamp GL_ARB_spirv_extensions GL_ARB_stencil_texturing GL_ARB_sync GL_ARB_tessellation_shader GL_A
RB_texture_barrier GL_ARB_texture_border_clamp GL_ARB_texture_buffer_object GL_ARB_texture_buffer_object_rgb32 GL_ARB_texture_buffer_range GL_ARB_texture_compression GL_ARB_texture_compression_bptc GL_ARB_texture_compression_rgtc GL_ARB_texture_cube_map GL_ARB_texture_cube_map_array GL_ARB_texture_env_add GL_ARB_texture_env_combine GL_ARB_texture_env_crossbar GL_ARB_texture_env_dot3 GL_ARB_texture_filter_anisotropic GL_ARB_texture_filter_minmax GL_ARB_texture_float GL_ARB_texture_gather GL_ARB_texture_mirror_clamp_to_edge GL_ARB_texture_mirrored_repeat GL_ARB_texture_multisample GL_ARB_texture_non_power_of_two GL_ARB_texture_query_levels GL_ARB_texture_query_lod GL_ARB_texture_rectangle GL_ARB_texture_rg GL_ARB_texture_rgb10_a2ui GL_ARB_texture_stencil8 GL_ARB_texture_storage GL_ARB_texture_storage_multisample GL_ARB_texture_swizzle GL_ARB_texture_view GL_ARB_timer_query GL_ARB_transform_feedback2 GL_ARB_transform_feedback3 GL_ARB_transform_feedback_instanced GL_ARB_transform_feedback_overflow_query GL_ARB_t
ranspose_matrix GL_ARB_uniform_buffer_object GL_ARB_vertex_array_bgra GL_ARB_vertex_array_object GL_ARB_vertex_attrib_64bit GL_ARB_vertex_attrib_binding GL_ARB_vertex_buffer_object GL_ARB_vertex_program GL_ARB_vertex_shader GL_ARB_vertex_type_10f_11f_11f_rev GL_ARB_vertex_type_2_10_10_10_rev GL_ARB_viewport_array GL_ARB_window_pos GL_ATI_draw_buffers GL_ATI_texture_float GL_ATI_texture_mirror_once GL_S3_s3tc GL_EXT_texture_env_add GL_EXT_abgr GL_EXT_bgra GL_EXT_bindable_uniform GL_EXT_blend_color GL_EXT_blend_equation_separate GL_EXT_blend_func_separate GL_EXT_blend_minmax GL_EXT_blend_subtract GL_EXT_compiled_vertex_array GL_EXT_Cg_shader GL_EXT_depth_bounds_test GL_EXT_direct_state_access GL_EXT_draw_buffers2 GL_EXT_draw_instanced GL_EXT_draw_range_elements GL_EXT_fog_coord GL_EXT_framebuffer_blit GL_EXT_framebuffer_multisample GL_EXTX_framebuffer_mixed_formats GL_EXT_framebuffer_multisample_blit_scaled GL_EXT_framebuffer_object GL_EXT_framebuffer_sRGB GL_EXT_geometry_shader4 GL_EXT_gpu_program_parameters 
GL_EXT_gpu_shader4 GL_EXT_multi_draw_arrays GL_EXT_multiview_texture_multisample GL_EXT_multiview_timer_query GL_EXT_packed_depth_stencil GL_EXT_packed_float GL_EXT_packed_pixels GL_EXT_pixel_buffer_object GL_EXT_point_parameters GL_EXT_polygon_offset_clamp GL_EXT_post_depth_coverage GL_EXT_provoking_vertex GL_EXT_raster_multisample GL_EXT_rescale_normal GL_EXT_secondary_color GL_EXT_separate_shader_objects GL_EXT_separate_specular_color GL_EXT_shader_image_load_formatted GL_EXT_shader_image_load_store GL_EXT_shader_integer_mix GL_EXT_shadow_funcs GL_EXT_sparse_texture2 GL_EXT_stencil_two_side GL_EXT_stencil_wrap GL_EXT_texture3D GL_EXT_texture_array GL_EXT_texture_buffer_object GL_EXT_texture_compression_dxt1 GL_EXT_texture_compression_latc GL_EXT_texture_compression_rgtc GL_EXT_texture_compression_s3tc GL_EXT_texture_cube_map GL_EXT_texture_edge_clamp GL_EXT_texture_env_combine GL_EXT_texture_env_dot3 GL_EXT_texture_filter_anisotropic GL_EXT_texture_filter_minmax GL_EXT_texture_integer GL_EXT_texture_lod G
L_EXT_texture_lod_bias GL_EXT_texture_mirror_clamp GL_EXT_texture_object GL_EXT_texture_shadow_lod GL_EXT_texture_shared_exponent GL_EXT_texture_sRGB GL_EXT_texture_sRGB_R8 GL_EXT_texture_sRGB_decode GL_EXT_texture_storage GL_EXT_texture_swizzle GL_EXT_timer_query GL_EXT_transform_feedback2 GL_EXT_vertex_array GL_EXT_vertex_array_bgra GL_EXT_vertex_attrib_64bit GL_EXT_window_rectangles GL_EXT_x11_sync_object GL_EXT_import_sync_object GL_NV_robustness_video_memory_purge GL_IBM_rasterpos_clip GL_IBM_texture_mirrored_repeat GL_KHR_context_flush_control GL_KHR_debug GL_EXT_memory_object GL_EXT_memory_object_fd GL_NV_memory_object_sparse GL_KHR_parallel_shader_compile GL_KHR_no_error GL_KHR_robust_buffer_access_behavior GL_KHR_robustness GL_EXT_semaphore GL_EXT_semaphore_fd GL_NV_timeline_semaphore GL_KHR_shader_subgroup GL_KTX_buffer_region GL_NV_alpha_to_coverage_dither_control GL_NV_bindless_multi_draw_indirect GL_NV_bindless_multi_draw_indirect_count GL_NV_bindless_texture GL_NV_blend_equation_advanced GL_NV_
blend_equation_advanced_coherent GL_NVX_blend_equation_advanced_multi_draw_buffers GL_NV_blend_minmax_factor GL_NV_blend_square GL_NV_clip_space_w_scaling GL_NV_command_list GL_NV_compute_program5 GL_NV_compute_shader_derivatives GL_NV_conditional_render GL_NV_conservative_raster GL_NV_conservative_raster_dilate GL_NV_conservative_raster_pre_snap GL_NV_conservative_raster_pre_snap_triangles GL_NV_conservative_raster_underestimation GL_NV_copy_depth_to_color GL_NV_copy_image GL_NV_depth_buffer_float GL_NV_depth_clamp GL_NV_draw_texture GL_NV_draw_vulkan_image GL_NV_ES1_1_compatibility GL_NV_ES3_1_compatibility GL_NV_explicit_multisample GL_NV_feature_query GL_NV_fence GL_NV_fill_rectangle GL_NV_float_buffer GL_NV_fog_distance GL_NV_fragment_coverage_to_color GL_NV_fragment_program GL_NV_fragment_program_option GL_NV_fragment_program2 GL_NV_fragment_shader_barycentric GL_NV_fragment_shader_interlock GL_NV_framebuffer_mixed_samples GL_NV_framebuffer_multisample_coverage GL_NV_geometry_shader4 GL_NV_geometry_sha
der_passthrough GL_NV_gpu_program4 GL_NV_internalformat_sample_query GL_NV_gpu_program4_1 GL_NV_gpu_program5 GL_NV_gpu_program5_mem_extended GL_NV_gpu_program_fp64 GL_NV_gpu_program_multiview GL_NV_gpu_shader5 GL_NV_half_float GL_NV_light_max_exponent GL_NV_memory_attachment GL_NV_mesh_shader GL_NV_multisample_coverage GL_NV_multisample_filter_hint GL_NV_occlusion_query GL_NV_packed_depth_stencil GL_NV_parameter_buffer_object GL_NV_parameter_buffer_object2 GL_NV_path_rendering GL_NV_path_rendering_shared_edge GL_NV_pixel_data_range GL_NV_point_sprite GL_NV_primitive_restart GL_NV_query_resource GL_NV_query_resource_tag GL_NV_register_combiners GL_NV_register_combiners2 GL_NV_representative_fragment_test GL_NV_sample_locations GL_NV_sample_mask_override_coverage GL_NV_scissor_exclusive GL_NV_shader_atomic_counters GL_NV_shader_atomic_float GL_NV_shader_atomic_float64 GL_NV_shader_atomic_fp16_vector GL_NV_shader_atomic_int64 GL_NV_shader_buffer_load GL_NV_shader_storage_buffer_object GL_NV_shader_subgroup_part
itioned GL_NV_shader_texture_footprint GL_NV_shading_rate_image GL_NV_stereo_view_rendering GL_NV_texgen_reflection GL_NV_texture_barrier GL_NV_texture_compression_vtc GL_NV_texture_env_combine4 GL_NV_texture_multisample GL_NV_texture_rectangle GL_NV_texture_rectangle_compressed GL_NV_texture_shader GL_NV_texture_shader2 GL_NV_texture_shader3 GL_NV_transform_feedback GL_NV_transform_feedback2 GL_NV_uniform_buffer_unified_memory GL_NV_uniform_buffer_std430_layout GL_NV_vdpau_interop GL_NV_vdpau_interop2 GL_NV_vertex_array_range GL_NV_vertex_array_range2 GL_NV_vertex_attrib_integer_64bit GL_NV_vertex_buffer_unified_memory GL_NV_vertex_program GL_NV_vertex_program1_1 GL_NV_vertex_program2 GL_NV_vertex_program2_option GL_NV_vertex_program3 GL_NV_viewport_array2 GL_NV_viewport_swizzle GL_NVX_conditional_render GL_NV_gpu_multicast GL_NVX_progress_fence GL_NVX_gpu_memory_info GL_NVX_nvenc_interop GL_NV_shader_thread_group GL_NV_shader_thread_shuffle GL_KHR_blend_equation_advanced GL_KHR_blend_equation_advanced_cohe
rent GL_OVR_multiview GL_OVR_multiview2 GL_SGIS_generate_mipmap GL_SGIS_texture_lod GL_SGIX_depth_texture GL_SGIX_shadow GL_SUN_slice_accum
OPENGL LOG: Creating OpenGL 4.5 graphics device ; Context level  <OpenGL 4.5> ; Context handle -698209256
Initialize mono
Mono path[0] = '/home/deny/Unity/Hub/Editor/2022.3.31f1/Editor/Data/Managed'
Mono path[1] = '/home/deny/Unity/Hub/Editor/2022.3.31f1/Editor/Data/MonoBleedingEdge/lib/mono/unityjit-linux'
Mono config path = '/home/deny/Unity/Hub/Editor/2022.3.31f1/Editor/Data/MonoBleedingEdge/etc'
Using monoOptions --debugger-agent=transport=dt_socket,embedding=1,server=y,suspend=n,address=127.0.0.1:56025
Begin MonoManager ReloadAssembly
Registering precompiled unity dll's ...
Register platform support module: /home/deny/Unity/Hub/Editor/2022.3.31f1/Editor/Data/PlaybackEngines/AndroidPlayer/UnityEditor.Android.Extensions.dll
Register platform support module: /home/deny/Unity/Hub/Editor/2022.3.31f1/Editor/Data/PlaybackEngines/WindowsStandaloneSupport/UnityEditor.WindowsStandalone.Extensions.dll
Register platform support module: /home/deny/Unity/Hub/Editor/2022.3.31f1/Editor/Data/PlaybackEngines/LinuxStandaloneSupport/UnityEditor.LinuxStandalone.Extensions.dll
Registered in 0.011628 seconds.
- Loaded All Assemblies, in  0.378 seconds
Native extension for LinuxStandalone target not found
Native extension for WindowsStandalone target not found
Native extension for Android target not found
Android Extension - Scanning For ADB Devices 343 ms
Mono: successfully reloaded assembly
- Finished resetting the current domain, in  0.814 seconds
Domain Reload Profiling: 1191ms
	BeginReloadAssembly (75ms)
		ExecutionOrderSort (0ms)
		DisableScriptedObjects (0ms)
		BackupInstance (0ms)
		ReleaseScriptingObjects (0ms)
		CreateAndSetChildDomain (1ms)
	RebuildCommonClasses (42ms)
	RebuildNativeTypeToScriptingClass (11ms)
	initialDomainReloadingComplete (75ms)
	LoadAllAssembliesAndSetupDomain (174ms)
		LoadAssemblies (75ms)
		RebuildTransferFunctionScriptingTraits (0ms)
		AnalyzeDomain (172ms)
			TypeCache.Refresh (170ms)
				TypeCache.ScanAssembly (154ms)
			ScanForSourceGeneratedMonoScriptInfo (1ms)
			ResolveRequiredComponents (1ms)
	FinalizeReload (814ms)
		ReleaseScriptCaches (0ms)
		RebuildScriptCaches (0ms)
		SetupLoadedEditorAssemblies (727ms)
			LogAssemblyErrors (0ms)
			InitializePlatformSupportModulesInManaged (519ms)
			SetLoadedEditorAssemblies (5ms)
			RefreshPlugins (0ms)
			BeforeProcessingInitializeOnLoad (2ms)
			ProcessInitializeOnLoadAttributes (140ms)
			ProcessInitializeOnLoadMethodAttributes (60ms)
			AfterProcessingInitializeOnLoad (0ms)
			EditorAssembliesLoaded (0ms)
		ExecutionOrderSort2 (0ms)
		AwakeInstancesAfterBackupRestoration (0ms)
========================================================================
Worker process is ready to serve import requests
Begin MonoManager ReloadAssembly
- Loaded All Assemblies, in  0.676 seconds
Refreshing native plugins compatible for Editor in 1.38 ms, found 0 plugins.
Native extension for LinuxStandalone target not found
Native extension for WindowsStandalone target not found
Native extension for Android target not found
Mono: successfully reloaded assembly
- Finished resetting the current domain, in  0.745 seconds
Domain Reload Profiling: 1420ms
	BeginReloadAssembly (151ms)
		ExecutionOrderSort (0ms)
		DisableScriptedObjects (8ms)
		BackupInstance (0ms)
		ReleaseScriptingObjects (0ms)
		CreateAndSetChildDomain (36ms)
	RebuildCommonClasses (49ms)
	RebuildNativeTypeToScriptingClass (13ms)
	initialDomainReloadingComplete (55ms)
	LoadAllAssembliesAndSetupDomain (406ms)
		LoadAssemblies (239ms)
		RebuildTransferFunctionScriptingTraits (0ms)
		AnalyzeDomain (233ms)
			TypeCache.Refresh (208ms)
				TypeCache.ScanAssembly (190ms)
			ScanForSourceGeneratedMonoScriptInfo (18ms)
			ResolveRequiredComponents (6ms)
	FinalizeReload (746ms)
		ReleaseScriptCaches (0ms)
		RebuildScriptCaches (0ms)
		SetupLoadedEditorAssemblies (551ms)
			LogAssemblyErrors (0ms)
			InitializePlatformSupportModulesInManaged (71ms)
			SetLoadedEditorAssemblies (4ms)
			RefreshPlugins (0ms)
			BeforeProcessingInitializeOnLoad (63ms)
			ProcessInitializeOnLoadAttributes (368ms)
			ProcessInitializeOnLoadMethodAttributes (40ms)
			AfterProcessingInitializeOnLoad (6ms)
			EditorAssembliesLoaded (0ms)
		ExecutionOrderSort2 (0ms)
		AwakeInstancesAfterBackupRestoration (4ms)
Launched and connected shader compiler UnityShaderCompiler after 0.01 seconds
Refreshing native plugins compatible for Editor in 1.30 ms, found 0 plugins.
Preloading 0 native plugins for Editor in 0.00 ms.
Unloading 3351 Unused Serialized files (Serialized files now loaded: 0)
Unloading 37 unused Assets / (30.2 KB). Loaded Objects now: 3842.
Memory consumption went from 145.4 MB to 145.4 MB.
Total: 9.844415 ms (FindLiveObjects: 0.287329 ms CreateObjectMapping: 0.088757 ms MarkObjects: 9.172414 ms  DeleteObjects: 0.294101 ms)

AssetImportParameters requested are different than current active one (requested -> active):
  custom:scripting/monoscript/fileName/Villages.cs: 903959f0278d4e09fe1b2e68b7130f2f -> 
  custom:container-demuxer-ogg: 62fdf1f143b41e24485cea50d1cbac27 -> 
  custom:video-decoder-ogg-theora: a1e56fd34408186e4bbccfd4996cb3dc -> 
  custom:scripting/monoscript/fileName/UI_Menu.cs: 160a9a51a535726679662e384997d911 -> a7bb2d064353dff6022472b5c4a31dc8
  custom:scripting/monoscript/fileName/UI_Build.cs: df5849aa48a9761af37f9ca92f832a73 -> 
  custom:CustomObjectIndexerAttribute: 232f87dd983dbecb2a4e21e08eb2cef8 -> 
  custom:scripting/monoscript/fileName/UI_BuildStorage.cs: 29020c7cc99c4d3665d82a408f9f5de5 -> 3e136d1ccaf1b63518e01b95a7c0fd54
  custom:container-demuxer-webm: 4f35f7cbe854078d1ac9338744f61a02 -> 
  custom:container-muxer-webm: aa71ff27fc2769a1b78a27578f13a17b -> 
  custom:video-decoder-webm-vp8: 9c59270c3fd7afecdb556c50c9e8de78 -> 
  custom:SearchIndexIgnoredProperties: e643bd26f0fe6173181afceb89e7c659 -> 
  custom:AudioImporter_EditorPlatform: 2f0ff77a95e0ac474e3e8eeba4e2f7cb -> 
  custom:scripting/monoscript/fileName/UI_BuildProduction.cs: 965a3ae5a7d8d7fcd7aa789c2e0ec127 -> b7dbd7204e151708a5d991f30fe86887
  custom:video-encoder-webm-vp8: eb34c28f22e8b96e1ab97ce403110664 -> 
  custom:audio-decoder-ogg-vorbis: bf7c407c2cedff20999df2af8eb42d56 -> 
  custom:audio-encoder-webm-vorbis: bf7c407c2cedff20999df2af8eb42d56 -> 
========================================================================
Received Import Request.
  Time since last request: 15816.462777 seconds.
  path: Assets/Assets/UI/UI Elements/Black/1x/BUtton 3.png
  artifactKey: Guid(fab110d7060f61f4b815a193d1773557) Importer(815301076,1909f56bfc062723c751e8b465ee728b)
Start importing Assets/Assets/UI/UI Elements/Black/1x/BUtton 3.png using Guid(fab110d7060f61f4b815a193d1773557) Importer(815301076,1909f56bfc062723c751e8b465ee728b) [PhysX] Initialized MultithreadedTaskDispatcher with 12 workers.
[PhysX] Initialized MultithreadedTaskDispatcher with 12 workers.
 -> (artifact id: 'e9be56483479cb3011683711e73b6076') in 0.088277 seconds
Number of updated asset objects reloaded before import = 0
Number of asset objects unloaded after import = 3
========================================================================
Received Import Request.
  Time since last request: 0.156799 seconds.
  path: Assets/Assets/UI/UI Elements/Black/2x/Button C.png
  artifactKey: Guid(0d89ef12b5bec51438f79050347deda1) Importer(815301076,1909f56bfc062723c751e8b465ee728b)
Start importing Assets/Assets/UI/UI Elements/Black/2x/Button C.png using Guid(0d89ef12b5bec51438f79050347deda1) Importer(815301076,1909f56bfc062723c751e8b465ee728b) [PhysX] Initialized MultithreadedTaskDispatcher with 12 workers.
[PhysX] Initialized MultithreadedTaskDispatcher with 12 workers.
 -> (artifact id: '1487e0c84e76085144d5eb478de4d9e0') in 0.009204 seconds
Number of updated asset objects reloaded before import = 0
Number of asset objects unloaded after import = 3
========================================================================
Received Import Request.
  Time since last request: 0.000061 seconds.
  path: Assets/Assets/UI/UI Elements/Black/1x/BUtton C.png
  artifactKey: Guid(07599a1620f73ff47b5afc2c87c1ac90) Importer(815301076,1909f56bfc062723c751e8b465ee728b)
Start importing Assets/Assets/UI/UI Elements/Black/1x/BUtton C.png using Guid(07599a1620f73ff47b5afc2c87c1ac90) Importer(815301076,1909f56bfc062723c751e8b465ee728b) [PhysX] Initialized MultithreadedTaskDispatcher with 12 workers.
[PhysX] Initialized MultithreadedTaskDispatcher with 12 workers.
 -> (artifact id: 'd21ba380897bb962315388de3f04cf1d') in 0.008991 seconds
Number of updated asset objects reloaded before import = 0
Number of asset objects unloaded after import = 3
========================================================================
Received Import Request.
  Time since last request: 0.000014 seconds.
  path: Assets/Assets/UI/Violet Theme Ui/Buttons/Button Red.png
  artifactKey: Guid(f05ec7f8583bfa3468fb8958e87e24d9) Importer(815301076,1909f56bfc062723c751e8b465ee728b)
Start importing Assets/Assets/UI/Violet Theme Ui/Buttons/Button Red.png using Guid(f05ec7f8583bfa3468fb8958e87e24d9) Importer(815301076,1909f56bfc062723c751e8b465ee728b) [PhysX] Initialized MultithreadedTaskDispatcher with 12 workers.
[PhysX] Initialized MultithreadedTaskDispatcher with 12 workers.
 -> (artifact id: 'cdb33d224fa9feaca66472a0c8a3c4a6') in 0.009359 seconds
Number of updated asset objects reloaded before import = 0
Number of asset objects unloaded after import = 3
========================================================================
Received Import Request.
  Time since last request: 0.000037 seconds.
  path: Assets/Assets/UI/Violet Theme Ui/Buttons/Button Green.png
  artifactKey: Guid(c77a20011fee4694cb75577a7509ffda) Importer(815301076,1909f56bfc062723c751e8b465ee728b)
Start importing Assets/Assets/UI/Violet Theme Ui/Buttons/Button Green.png using Guid(c77a20011fee4694cb75577a7509ffda) Importer(815301076,1909f56bfc062723c751e8b465ee728b) [PhysX] Initialized MultithreadedTaskDispatcher with 12 workers.
[PhysX] Initialized MultithreadedTaskDispatcher with 12 workers.
 -> (artifact id: '65b28926a24835a899e509352e03108e') in 0.010166 seconds
Number of updated asset objects reloaded before import = 0
Number of asset objects unloaded after import = 3
========================================================================
Received Import Request.
  Time since last request: 0.067562 seconds.
  path: Assets/Assets/UI/Dark UI/Free/Button_Medium_A.png
  artifactKey: Guid(f9fa9ebfa2606f840a23f0bb0ac882af) Importer(815301076,1909f56bfc062723c751e8b465ee728b)
Start importing Assets/Assets/UI/Dark UI/Free/Button_Medium_A.png using Guid(f9fa9ebfa2606f840a23f0bb0ac882af) Importer(815301076,1909f56bfc062723c751e8b465ee728b) [PhysX] Initialized MultithreadedTaskDispatcher with 12 workers.
[PhysX] Initialized MultithreadedTaskDispatcher with 12 workers.
 -> (artifact id: 'd04431da96e5879e17b9c2a2174879a3') in 0.010798 seconds
Number of updated asset objects reloaded before import = 0
Number of asset objects unloaded after import = 3
========================================================================
Received Import Request.
  Time since last request: 0.000016 seconds.
  path: Assets/Assets/UI/Dark UI/Free/C.png
  artifactKey: Guid(fe60e9801e85e2e47a31a90354f6add9) Importer(815301076,1909f56bfc062723c751e8b465ee728b)
Start importing Assets/Assets/UI/Dark UI/Free/C.png using Guid(fe60e9801e85e2e47a31a90354f6add9) Importer(815301076,1909f56bfc062723c751e8b465ee728b) [PhysX] Initialized MultithreadedTaskDispatcher with 12 workers.
[PhysX] Initialized MultithreadedTaskDispatcher with 12 workers.
 -> (artifact id: '5330d26dfabb383052bb5e7f0193aee9') in 0.008186 seconds
Number of updated asset objects reloaded before import = 0
Number of asset objects unloaded after import = 3
========================================================================
Received Import Request.
  Time since last request: 0.000038 seconds.
  path: Assets/Assets/UI/UI Elements/Black/1x/camera.png
  artifactKey: Guid(4968e60d11a665d489c1b7cf25009ef2) Importer(815301076,1909f56bfc062723c751e8b465ee728b)
Start importing Assets/Assets/UI/UI Elements/Black/1x/camera.png using Guid(4968e60d11a665d489c1b7cf25009ef2) Importer(815301076,1909f56bfc062723c751e8b465ee728b) [PhysX] Initialized MultithreadedTaskDispatcher with 12 workers.
[PhysX] Initialized MultithreadedTaskDispatcher with 12 workers.
 -> (artifact id: '7771bda865c99c911d563a9d16ca5dd6') in 0.008115 seconds
Number of updated asset objects reloaded before import = 0
Number of asset objects unloaded after import = 3
========================================================================
Received Import Request.
  Time since last request: 0.000016 seconds.
  path: Assets/Assets/UI/GameInputControllerIconsFree/keyboard-white/c.png
  artifactKey: Guid(de908eb028dfcbe4d87b6d2c4687c7b3) Importer(815301076,1909f56bfc062723c751e8b465ee728b)
Start importing Assets/Assets/UI/GameInputControllerIconsFree/keyboard-white/c.png using Guid(de908eb028dfcbe4d87b6d2c4687c7b3) Importer(815301076,1909f56bfc062723c751e8b465ee728b) [PhysX] Initialized MultithreadedTaskDispatcher with 12 workers.
[PhysX] Initialized MultithreadedTaskDispatcher with 12 workers.
 -> (artifact id: '3db99f09f7f36ba84d068e5d8fa8b51e') in 0.009834 seconds
Number of updated asset objects reloaded before import = 0
Number of asset objects unloaded after import = 3
========================================================================
Received Import Request.
  Time since last request: 0.498800 seconds.
  path: Assets/Assets/UI/GameInputControllerIconsFree/keyboard-white/caps.png
  artifactKey: Guid(f49d0e7900ebfd2488b32d25f9da0ed9) Importer(815301076,1909f56bfc062723c751e8b465ee728b)
Start importing Assets/Assets/UI/GameInputControllerIconsFree/keyboard-white/caps.png using Guid(f49d0e7900ebfd2488b32d25f9da0ed9) Importer(815301076,1909f56bfc062723c751e8b465ee728b) [PhysX] Initialized MultithreadedTaskDispatcher with 12 workers.
[PhysX] Initialized MultithreadedTaskDispatcher with 12 workers.
 -> (artifact id: '378305053e89d1c6c800f6a77cf8974a') in 0.012324 seconds
Number of updated asset objects reloaded before import = 0
Number of asset objects unloaded after import = 3
========================================================================
Received Import Request.
  Time since last request: 0.000022 seconds.
  path: Assets/Assets/UI/UI pack/Circles/Circle green.png
  artifactKey: Guid(07d868e0fd2a23942bd04c6dffb76ed7) Importer(815301076,1909f56bfc062723c751e8b465ee728b)
Start importing Assets/Assets/UI/UI pack/Circles/Circle green.png using Guid(07d868e0fd2a23942bd04c6dffb76ed7) Importer(815301076,1909f56bfc062723c751e8b465ee728b) [PhysX] Initialized MultithreadedTaskDispatcher with 12 workers.
[PhysX] Initialized MultithreadedTaskDispatcher with 12 workers.
 -> (artifact id: 'ce96637b684206e9d4bf7f2880bb2f95') in 0.009499 seconds
Number of updated asset objects reloaded before import = 0
Number of asset objects unloaded after import = 3
========================================================================
Received Import Request.
  Time since last request: 0.000015 seconds.
  path: Assets/Assets/UI/Violet Theme Ui/Colored Icons/Check.png
  artifactKey: Guid(27834320931067c4b9127246cba948d2) Importer(815301076,1909f56bfc062723c751e8b465ee728b)
Start importing Assets/Assets/UI/Violet Theme Ui/Colored Icons/Check.png using Guid(27834320931067c4b9127246cba948d2) Importer(815301076,1909f56bfc062723c751e8b465ee728b) [PhysX] Initialized MultithreadedTaskDispatcher with 12 workers.
[PhysX] Initialized MultithreadedTaskDispatcher with 12 workers.
 -> (artifact id: '1373b2ff0bf381b43ac3c7ba1ad19430') in 0.008530 seconds
Number of updated asset objects reloaded before import = 0
Number of asset objects unloaded after import = 3
========================================================================
Received Import Request.
  Time since last request: 0.000016 seconds.
  path: Assets/Assets/UI/UI pack/Circles/Circle blue .png
  artifactKey: Guid(a891673d61eb8784694e209367c6f79d) Importer(815301076,1909f56bfc062723c751e8b465ee728b)
Start importing Assets/Assets/UI/UI pack/Circles/Circle blue .png using Guid(a891673d61eb8784694e209367c6f79d) Importer(815301076,1909f56bfc062723c751e8b465ee728b) [PhysX] Initialized MultithreadedTaskDispatcher with 12 workers.
[PhysX] Initialized MultithreadedTaskDispatcher with 12 workers.
 -> (artifact id: '88091f107ab5677a3fced8c0df78c998') in 0.009750 seconds
Number of updated asset objects reloaded before import = 0
Number of asset objects unloaded after import = 3
========================================================================
Received Import Request.
  Time since last request: 0.025616 seconds.
  path: Assets/Assets/UI/Dark UI/Free/CIRCLE4PXLAR.png
  artifactKey: Guid(1d02c027313a6514a849aa45aed65be6) Importer(815301076,1909f56bfc062723c751e8b465ee728b)
Start importing Assets/Assets/UI/Dark UI/Free/CIRCLE4PXLAR.png using Guid(1d02c027313a6514a849aa45aed65be6) Importer(815301076,1909f56bfc062723c751e8b465ee728b) [PhysX] Initialized MultithreadedTaskDispatcher with 12 workers.
[PhysX] Initialized MultithreadedTaskDispatcher with 12 workers.
 -> (artifact id: 'b4320414345351aafc8bd95a5f62fce2') in 0.010000 seconds
Number of updated asset objects reloaded before import = 0
Number of asset objects unloaded after import = 3
========================================================================
Received Import Request.
  Time since last request: 0.000061 seconds.
  path: Assets/Assets/UI/UI Elements/Extras/Circle512/circle512.png
  artifactKey: Guid(6100dbbea50808c49a4609a101af2551) Importer(815301076,1909f56bfc062723c751e8b465ee728b)
Start importing Assets/Assets/UI/UI Elements/Extras/Circle512/circle512.png using Guid(6100dbbea50808c49a4609a101af2551) Importer(815301076,1909f56bfc062723c751e8b465ee728b) [PhysX] Initialized MultithreadedTaskDispatcher with 12 workers.
[PhysX] Initialized MultithreadedTaskDispatcher with 12 workers.
 -> (artifact id: 'b979a2f021e33e03185aca46cf264486') in 0.011148 seconds
Number of updated asset objects reloaded before import = 0
Number of asset objects unloaded after import = 3
========================================================================
Received Import Request.
  Time since last request: 0.000067 seconds.
  path: Assets/Assets/UI/UI Elements/Extras/Circle128/circlefill4px.png
  artifactKey: Guid(60911a0262f0def4892d49dfc4c7be50) Importer(815301076,1909f56bfc062723c751e8b465ee728b)
Start importing Assets/Assets/UI/UI Elements/Extras/Circle128/circlefill4px.png using Guid(60911a0262f0def4892d49dfc4c7be50) Importer(815301076,1909f56bfc062723c751e8b465ee728b) [PhysX] Initialized MultithreadedTaskDispatcher with 12 workers.
[PhysX] Initialized MultithreadedTaskDispatcher with 12 workers.
 -> (artifact id: '0e76a9e6041ec3a96ed8beafd3052383') in 0.010437 seconds
Number of updated asset objects reloaded before import = 0
Number of asset objects unloaded after import = 3
========================================================================
Received Import Request.
  Time since last request: 0.000015 seconds.
  path: Assets/Assets/UI/Dark UI/Free/CIRCLE4PXSMA.png
  artifactKey: Guid(572955b2fc805584aaa343215e806606) Importer(815301076,1909f56bfc062723c751e8b465ee728b)
Start importing Assets/Assets/UI/Dark UI/Free/CIRCLE4PXSMA.png using Guid(572955b2fc805584aaa343215e806606) Importer(815301076,1909f56bfc062723c751e8b465ee728b) [PhysX] Initialized MultithreadedTaskDispatcher with 12 workers.
[PhysX] Initialized MultithreadedTaskDispatcher with 12 workers.
 -> (artifact id: '86de441de7c88d6544c1f6747721d368') in 0.008195 seconds
Number of updated asset objects reloaded before import = 0
Number of asset objects unloaded after import = 3
========================================================================
Received Import Request.
  Time since last request: 12.633634 seconds.
  path: Assets/Assets/UI/UI Elements/Extras/Circle256/circlefillRy16px256px.png
  artifactKey: Guid(0be6070c47736024da29bde924d62ca7) Importer(815301076,1909f56bfc062723c751e8b465ee728b)
Start importing Assets/Assets/UI/UI Elements/Extras/Circle256/circlefillRy16px256px.png using Guid(0be6070c47736024da29bde924d62ca7) Importer(815301076,1909f56bfc062723c751e8b465ee728b) [PhysX] Initialized MultithreadedTaskDispatcher with 12 workers.
[PhysX] Initialized MultithreadedTaskDispatcher with 12 workers.
 -> (artifact id: '812c23beb551c66fc73fd976159948e4') in 0.021201 seconds
Number of updated asset objects reloaded before import = 0
Number of asset objects unloaded after import = 3
========================================================================
Received Import Request.
  Time since last request: 0.000025 seconds.
  path: Assets/Assets/UI/Violet Theme Ui/Colored Icons/Clock.png
  artifactKey: Guid(4879c28807ad63542b6f1c0842b574b2) Importer(815301076,1909f56bfc062723c751e8b465ee728b)
Start importing Assets/Assets/UI/Violet Theme Ui/Colored Icons/Clock.png using Guid(4879c28807ad63542b6f1c0842b574b2) Importer(815301076,1909f56bfc062723c751e8b465ee728b) [PhysX] Initialized MultithreadedTaskDispatcher with 12 workers.
[PhysX] Initialized MultithreadedTaskDispatcher with 12 workers.
 -> (artifact id: 'eac2634dc145da7874ee35eee2e54a78') in 0.018671 seconds
Number of updated asset objects reloaded before import = 0
Number of asset objects unloaded after import = 3
========================================================================
Received Import Request.
  Time since last request: 9.884614 seconds.
  path: Assets/Assets/UI/Violet Theme Ui/Colored Icons/Coin.png
  artifactKey: Guid(93978dcbff65c754c82f146ed36c1c45) Importer(815301076,1909f56bfc062723c751e8b465ee728b)
Start importing Assets/Assets/UI/Violet Theme Ui/Colored Icons/Coin.png using Guid(93978dcbff65c754c82f146ed36c1c45) Importer(815301076,1909f56bfc062723c751e8b465ee728b) [PhysX] Initialized MultithreadedTaskDispatcher with 12 workers.
[PhysX] Initialized MultithreadedTaskDispatcher with 12 workers.
 -> (artifact id: '80d8698ab84a2b773485c016028a47a5') in 0.017828 seconds
Number of updated asset objects reloaded before import = 0
Number of asset objects unloaded after import = 3
========================================================================
Received Import Request.
  Time since last request: 0.000077 seconds.
  path: Assets/Assets/UI/UI Elements/White/1x/cross.png
  artifactKey: Guid(321d8291ab2c6cb4b81d3dda37a91ef6) Importer(815301076,1909f56bfc062723c751e8b465ee728b)
Start importing Assets/Assets/UI/UI Elements/White/1x/cross.png using Guid(321d8291ab2c6cb4b81d3dda37a91ef6) Importer(815301076,1909f56bfc062723c751e8b465ee728b) [PhysX] Initialized MultithreadedTaskDispatcher with 12 workers.
[PhysX] Initialized MultithreadedTaskDispatcher with 12 workers.
 -> (artifact id: '6b8072a70c642cd8e4dabd6c76f9f470') in 0.014881 seconds
Number of updated asset objects reloaded before import = 0
Number of asset objects unloaded after import = 3
========================================================================
Received Import Request.
  Time since last request: 0.000026 seconds.
  path: Assets/Assets/UI/UI Elements/Black/1x/cross.png
  artifactKey: Guid(291374a43a49ef046bd7659d10810571) Importer(815301076,1909f56bfc062723c751e8b465ee728b)
Start importing Assets/Assets/UI/UI Elements/Black/1x/cross.png using Guid(291374a43a49ef046bd7659d10810571) Importer(815301076,1909f56bfc062723c751e8b465ee728b) [PhysX] Initialized MultithreadedTaskDispatcher with 12 workers.
[PhysX] Initialized MultithreadedTaskDispatcher with 12 workers.
 -> (artifact id: '51bb61842a2090905e0aa96ed7a3941b') in 0.011910 seconds
Number of updated asset objects reloaded before import = 0
Number of asset objects unloaded after import = 3
========================================================================
Received Import Request.
  Time since last request: 24.024768 seconds.
  path: Assets/Assets/UI/GameInputControllerIconsFree/keyboard-white/d.png
  artifactKey: Guid(1febfb3d57441b64ca52eb64800d85fc) Importer(815301076,1909f56bfc062723c751e8b465ee728b)
Start importing Assets/Assets/UI/GameInputControllerIconsFree/keyboard-white/d.png using Guid(1febfb3d57441b64ca52eb64800d85fc) Importer(815301076,1909f56bfc062723c751e8b465ee728b) [PhysX] Initialized MultithreadedTaskDispatcher with 12 workers.
[PhysX] Initialized MultithreadedTaskDispatcher with 12 workers.
 -> (artifact id: '2b90a9a30ce95244700e090a4721028a') in 0.011024 seconds
Number of updated asset objects reloaded before import = 0
Number of asset objects unloaded after import = 3
========================================================================
Received Import Request.
  Time since last request: 0.000087 seconds.
  path: Assets/Assets/UI/Violet Theme Ui/Panels/Dark Panel Blue.png
  artifactKey: Guid(207cc794caeb5e74e9163ba05a99b1bc) Importer(815301076,1909f56bfc062723c751e8b465ee728b)
Start importing Assets/Assets/UI/Violet Theme Ui/Panels/Dark Panel Blue.png using Guid(207cc794caeb5e74e9163ba05a99b1bc) Importer(815301076,1909f56bfc062723c751e8b465ee728b) [PhysX] Initialized MultithreadedTaskDispatcher with 12 workers.
[PhysX] Initialized MultithreadedTaskDispatcher with 12 workers.
 -> (artifact id: '02c1d1078bb5775a8b45173c7c74ff9b') in 0.023393 seconds
Number of updated asset objects reloaded before import = 0
Number of asset objects unloaded after import = 3
========================================================================
Received Import Request.
  Time since last request: 0.000020 seconds.
  path: Assets/Assets/UI/Dark UI/Free/D.png
  artifactKey: Guid(bfdc84f127b8607479e3fe35cd51157a) Importer(815301076,1909f56bfc062723c751e8b465ee728b)
Start importing Assets/Assets/UI/Dark UI/Free/D.png using Guid(bfdc84f127b8607479e3fe35cd51157a) Importer(815301076,1909f56bfc062723c751e8b465ee728b) [PhysX] Initialized MultithreadedTaskDispatcher with 12 workers.
[PhysX] Initialized MultithreadedTaskDispatcher with 12 workers.
 -> (artifact id: 'c78f919b502a771d91e98a04b4474acd') in 0.015264 seconds
Number of updated asset objects reloaded before import = 0
Number of asset objects unloaded after import = 3
========================================================================
Received Import Request.
  Time since last request: 0.000018 seconds.
  path: Assets/Assets/UI/Violet Theme Ui/Panels/Dark Panel Purple.png
  artifactKey: Guid(f013fbdef39944b438a519b1307f1ba6) Importer(815301076,1909f56bfc062723c751e8b465ee728b)
Start importing Assets/Assets/UI/Violet Theme Ui/Panels/Dark Panel Purple.png using Guid(f013fbdef39944b438a519b1307f1ba6) Importer(815301076,1909f56bfc062723c751e8b465ee728b) [PhysX] Initialized MultithreadedTaskDispatcher with 12 workers.
[PhysX] Initialized MultithreadedTaskDispatcher with 12 workers.
 -> (artifact id: '0aea200ee02fa49364b869de2eeda1bd') in 0.025590 seconds
Number of updated asset objects reloaded before import = 0
Number of asset objects unloaded after import = 3
========================================================================
Received Import Request.
  Time since last request: 2.149720 seconds.
  path: Assets/Assets/UI/Violet Theme Ui/Panels/Dark Panels Style 2 Blue.png
  artifactKey: Guid(c0e73a4e12747dd46b7ca90d2284fb29) Importer(815301076,1909f56bfc062723c751e8b465ee728b)
Start importing Assets/Assets/UI/Violet Theme Ui/Panels/Dark Panels Style 2 Blue.png using Guid(c0e73a4e12747dd46b7ca90d2284fb29) Importer(815301076,1909f56bfc062723c751e8b465ee728b) [PhysX] Initialized MultithreadedTaskDispatcher with 12 workers.
[PhysX] Initialized MultithreadedTaskDispatcher with 12 workers.
 -> (artifact id: '692ead775b0fd34f5569d4f4bc6f5b8e') in 0.021438 seconds
Number of updated asset objects reloaded before import = 0
Number of asset objects unloaded after import = 3
========================================================================
Received Import Request.
  Time since last request: 0.000057 seconds.
  path: Assets/Assets/UI/Violet Theme Ui/Panels/Dark Panels Style 2 Violet.png
  artifactKey: Guid(2423bc8beede9344d98c41e18af1a299) Importer(815301076,1909f56bfc062723c751e8b465ee728b)
Start importing Assets/Assets/UI/Violet Theme Ui/Panels/Dark Panels Style 2 Violet.png using Guid(2423bc8beede9344d98c41e18af1a299) Importer(815301076,1909f56bfc062723c751e8b465ee728b) [PhysX] Initialized MultithreadedTaskDispatcher with 12 workers.
[PhysX] Initialized MultithreadedTaskDispatcher with 12 workers.
 -> (artifact id: 'ae08a1260b4f196d453e06a861cf4c2c') in 0.022369 seconds
Number of updated asset objects reloaded before import = 0
Number of asset objects unloaded after import = 3
========================================================================
Received Import Request.
  Time since last request: 0.000024 seconds.
  path: Assets/Assets/UI/GameInputControllerIconsFree/keyboard-white/del.png
  artifactKey: Guid(fa2ded5c86df1ea4d868f3ff9066b5ed) Importer(815301076,1909f56bfc062723c751e8b465ee728b)
Start importing Assets/Assets/UI/GameInputControllerIconsFree/keyboard-white/del.png using Guid(fa2ded5c86df1ea4d868f3ff9066b5ed) Importer(815301076,1909f56bfc062723c751e8b465ee728b) [PhysX] Initialized MultithreadedTaskDispatcher with 12 workers.
[PhysX] Initialized MultithreadedTaskDispatcher with 12 workers.
 -> (artifact id: 'a1108b1845c43b95a574409d11cf5d14') in 0.010351 seconds
Number of updated asset objects reloaded before import = 0
Number of asset objects unloaded after import = 3
========================================================================
Received Import Request.
  Time since last request: 0.000030 seconds.
  path: Assets/Assets/UI/Violet Theme Ui/Panels/Dark Panels Style 2 Yellow.png
  artifactKey: Guid(d05bc581a65fcb14094c810312ac3c3c) Importer(815301076,1909f56bfc062723c751e8b465ee728b)
Start importing Assets/Assets/UI/Violet Theme Ui/Panels/Dark Panels Style 2 Yellow.png using Guid(d05bc581a65fcb14094c810312ac3c3c) Importer(815301076,1909f56bfc062723c751e8b465ee728b) [PhysX] Initialized MultithreadedTaskDispatcher with 12 workers.
[PhysX] Initialized MultithreadedTaskDispatcher with 12 workers.
 -> (artifact id: '8ccf76d2e0806e986acc3ab1a571cf15') in 0.019303 seconds
Number of updated asset objects reloaded before import = 0
Number of asset objects unloaded after import = 3
========================================================================
Received Import Request.
  Time since last request: 4.202156 seconds.
  path: Assets/Assets/UI/UI Elements/Black/2x/down.png
  artifactKey: Guid(432f6b92520cb384b91c381860c74141) Importer(815301076,1909f56bfc062723c751e8b465ee728b)
Start importing Assets/Assets/UI/UI Elements/Black/2x/down.png using Guid(432f6b92520cb384b91c381860c74141) Importer(815301076,1909f56bfc062723c751e8b465ee728b) [PhysX] Initialized MultithreadedTaskDispatcher with 12 workers.
[PhysX] Initialized MultithreadedTaskDispatcher with 12 workers.
 -> (artifact id: 'c5cc60bd9ebf514146a124ec4ccbed90') in 0.019565 seconds
Number of updated asset objects reloaded before import = 0
Number of asset objects unloaded after import = 3
========================================================================
Received Import Request.
  Time since last request: 0.000024 seconds.
  path: Assets/Assets/UI/UI Elements/Black/2x/down arrow.png
  artifactKey: Guid(7e68da3ea8a5af242ba05b8d18e85ffa) Importer(815301076,1909f56bfc062723c751e8b465ee728b)
Start importing Assets/Assets/UI/UI Elements/Black/2x/down arrow.png using Guid(7e68da3ea8a5af242ba05b8d18e85ffa) Importer(815301076,1909f56bfc062723c751e8b465ee728b) [PhysX] Initialized MultithreadedTaskDispatcher with 12 workers.
[PhysX] Initialized MultithreadedTaskDispatcher with 12 workers.
 -> (artifact id: 'fc8b5fc8092a214238b51dbb8f46eb1a') in 0.015911 seconds
Number of updated asset objects reloaded before import = 0
Number of asset objects unloaded after import = 3
========================================================================
Received Import Request.
  Time since last request: 0.000077 seconds.
  path: Assets/Assets/UI/Dark UI/Free/Down BTN.png
  artifactKey: Guid(adfae103208dcfb479b198bfb03f095e) Importer(815301076,1909f56bfc062723c751e8b465ee728b)
Start importing Assets/Assets/UI/Dark UI/Free/Down BTN.png using Guid(adfae103208dcfb479b198bfb03f095e) Importer(815301076,1909f56bfc062723c751e8b465ee728b) [PhysX] Initialized MultithreadedTaskDispatcher with 12 workers.
[PhysX] Initialized MultithreadedTaskDispatcher with 12 workers.
 -> (artifact id: 'a1b14e77fd1e3163477aed20ae38d2e1') in 0.012365 seconds
Number of updated asset objects reloaded before import = 0
Number of asset objects unloaded after import = 3
========================================================================
Received Import Request.
  Time since last request: 0.000018 seconds.
  path: Assets/Assets/UI/UI Elements/White/1x/down.png
  artifactKey: Guid(156f9a19ef4181a49aff23aa6981effe) Importer(815301076,1909f56bfc062723c751e8b465ee728b)
Start importing Assets/Assets/UI/UI Elements/White/1x/down.png using Guid(156f9a19ef4181a49aff23aa6981effe) Importer(815301076,1909f56bfc062723c751e8b465ee728b) [PhysX] Initialized MultithreadedTaskDispatcher with 12 workers.
[PhysX] Initialized MultithreadedTaskDispatcher with 12 workers.
 -> (artifact id: '9ce0f44f3b7392122c718f53c633d716') in 0.008044 seconds
Number of updated asset objects reloaded before import = 0
Number of asset objects unloaded after import = 3
========================================================================
Received Import Request.
  Time since last request: 0.646153 seconds.
  path: Assets/Assets/UI/GameInputControllerIconsFree/keyboard-white/end.png
  artifactKey: Guid(665d0f50ba681634d9f782bf2d892411) Importer(815301076,1909f56bfc062723c751e8b465ee728b)
Start importing Assets/Assets/UI/GameInputControllerIconsFree/keyboard-white/end.png using Guid(665d0f50ba681634d9f782bf2d892411) Importer(815301076,1909f56bfc062723c751e8b465ee728b) [PhysX] Initialized MultithreadedTaskDispatcher with 12 workers.
[PhysX] Initialized MultithreadedTaskDispatcher with 12 workers.
 -> (artifact id: '4e68521c812662bd2d472d53644e2497') in 0.008553 seconds
Number of updated asset objects reloaded before import = 0
Number of asset objects unloaded after import = 3
========================================================================
Received Import Request.
  Time since last request: 0.000038 seconds.
  path: Assets/Assets/UI/UI Elements/Black/1x/exit left.png
  artifactKey: Guid(e12772358f96dbf4ebe1b874adca6028) Importer(815301076,1909f56bfc062723c751e8b465ee728b)
Start importing Assets/Assets/UI/UI Elements/Black/1x/exit left.png using Guid(e12772358f96dbf4ebe1b874adca6028) Importer(815301076,1909f56bfc062723c751e8b465ee728b) [PhysX] Initialized MultithreadedTaskDispatcher with 12 workers.
[PhysX] Initialized MultithreadedTaskDispatcher with 12 workers.
 -> (artifact id: 'bd7c1b5b2f3c138b179363bd019b3ad2') in 0.008392 seconds
Number of updated asset objects reloaded before import = 0
Number of asset objects unloaded after import = 3
========================================================================
Received Import Request.
  Time since last request: 0.000013 seconds.
  path: Assets/Assets/UI/UI Elements/White/1x/exit right.png
  artifactKey: Guid(e11d3330e5e316e43b980432fab67f97) Importer(815301076,1909f56bfc062723c751e8b465ee728b)
Start importing Assets/Assets/UI/UI Elements/White/1x/exit right.png using Guid(e11d3330e5e316e43b980432fab67f97) Importer(815301076,1909f56bfc062723c751e8b465ee728b) [PhysX] Initialized MultithreadedTaskDispatcher with 12 workers.
[PhysX] Initialized MultithreadedTaskDispatcher with 12 workers.
 -> (artifact id: '64fd122c157bcd18ed178cd83beaf19d') in 0.006454 seconds
Number of updated asset objects reloaded before import = 0
Number of asset objects unloaded after import = 3
========================================================================
Received Import Request.
  Time since last request: 0.000014 seconds.
  path: Assets/Assets/UI/GameInputControllerIconsFree/keyboard-white/equal.png
  artifactKey: Guid(c687d9104a717334e8f0f303ec921206) Importer(815301076,1909f56bfc062723c751e8b465ee728b)
Start importing Assets/Assets/UI/GameInputControllerIconsFree/keyboard-white/equal.png using Guid(c687d9104a717334e8f0f303ec921206) Importer(815301076,1909f56bfc062723c751e8b465ee728b) [PhysX] Initialized MultithreadedTaskDispatcher with 12 workers.
[PhysX] Initialized MultithreadedTaskDispatcher with 12 workers.
 -> (artifact id: '306957adc4eb33107a79a027ac24f32a') in 0.008127 seconds
Number of updated asset objects reloaded before import = 0
Number of asset objects unloaded after import = 3
========================================================================
Received Import Request.
  Time since last request: 0.000015 seconds.
  path: Assets/Assets/UI/GameInputControllerIconsFree/keyboard-white/enter.png
  artifactKey: Guid(cb5820f4c741e24418b49c0a6df74e5c) Importer(815301076,1909f56bfc062723c751e8b465ee728b)
Start importing Assets/Assets/UI/GameInputControllerIconsFree/keyboard-white/enter.png using Guid(cb5820f4c741e24418b49c0a6df74e5c) Importer(815301076,1909f56bfc062723c751e8b465ee728b) [PhysX] Initialized MultithreadedTaskDispatcher with 12 workers.
[PhysX] Initialized MultithreadedTaskDispatcher with 12 workers.
 -> (artifact id: '9b3bcf0c8c1d0a0567e9346121d80ff7') in 0.008356 seconds
Number of updated asset objects reloaded before import = 0
Number of asset objects unloaded after import = 3
========================================================================
Received Import Request.
  Time since last request: 1.540702 seconds.
  path: Assets/Assets/UI/GameInputControllerIconsFree/keyboard-white/f1.png
  artifactKey: Guid(8e02fd2ee54dc7645a249e1539d3d083) Importer(815301076,1909f56bfc062723c751e8b465ee728b)
Start importing Assets/Assets/UI/GameInputControllerIconsFree/keyboard-white/f1.png using Guid(8e02fd2ee54dc7645a249e1539d3d083) Importer(815301076,1909f56bfc062723c751e8b465ee728b) [PhysX] Initialized MultithreadedTaskDispatcher with 12 workers.
[PhysX] Initialized MultithreadedTaskDispatcher with 12 workers.
 -> (artifact id: 'b8637f6b7a9debf8d3f0dec78d7d5cdb') in 0.010130 seconds
Number of updated asset objects reloaded before import = 0
Number of asset objects unloaded after import = 3
========================================================================
Received Import Request.
  Time since last request: 0.000023 seconds.
  path: Assets/Assets/UI/GameInputControllerIconsFree/keyboard-white/f10.png
  artifactKey: Guid(69cb188acd5791f48b0006b7417ca9f8) Importer(815301076,1909f56bfc062723c751e8b465ee728b)
Start importing Assets/Assets/UI/GameInputControllerIconsFree/keyboard-white/f10.png using Guid(69cb188acd5791f48b0006b7417ca9f8) Importer(815301076,1909f56bfc062723c751e8b465ee728b) [PhysX] Initialized MultithreadedTaskDispatcher with 12 workers.
[PhysX] Initialized MultithreadedTaskDispatcher with 12 workers.
 -> (artifact id: 'bf574210828abf0ecac935517a163d71') in 0.009873 seconds
Number of updated asset objects reloaded before import = 0
Number of asset objects unloaded after import = 3
========================================================================
Received Import Request.
  Time since last request: 0.000087 seconds.
  path: Assets/Assets/UI/GameInputControllerIconsFree/keyboard-white/f6.png
  artifactKey: Guid(ffc16b24040ed6149aec6cb87293e76e) Importer(815301076,1909f56bfc062723c751e8b465ee728b)
Start importing Assets/Assets/UI/GameInputControllerIconsFree/keyboard-white/f6.png using Guid(ffc16b24040ed6149aec6cb87293e76e) Importer(815301076,1909f56bfc062723c751e8b465ee728b) [PhysX] Initialized MultithreadedTaskDispatcher with 12 workers.
[PhysX] Initialized MultithreadedTaskDispatcher with 12 workers.
 -> (artifact id: 'c89076e030d2411804dae4ce5b8fe8ea') in 0.008361 seconds
Number of updated asset objects reloaded before import = 0
Number of asset objects unloaded after import = 3
========================================================================
Received Import Request.
  Time since last request: 0.000013 seconds.
  path: Assets/Assets/UI/GameInputControllerIconsFree/keyboard-white/f5.png
  artifactKey: Guid(242fe49d3d93d23489107baf4b372384) Importer(815301076,1909f56bfc062723c751e8b465ee728b)
Start importing Assets/Assets/UI/GameInputControllerIconsFree/keyboard-white/f5.png using Guid(242fe49d3d93d23489107baf4b372384) Importer(815301076,1909f56bfc062723c751e8b465ee728b) [PhysX] Initialized MultithreadedTaskDispatcher with 12 workers.
[PhysX] Initialized MultithreadedTaskDispatcher with 12 workers.
 -> (artifact id: '2f5a63b8640ce79486948ce2e79bc3da') in 0.007866 seconds
Number of updated asset objects reloaded before import = 0
Number of asset objects unloaded after import = 3
========================================================================
Received Import Request.
  Time since last request: 0.321170 seconds.
  path: Assets/Assets/UI/Dark UI/Free/Facebook.png
  artifactKey: Guid(b12df616c3582fd4faba65f7fac51968) Importer(815301076,1909f56bfc062723c751e8b465ee728b)
Start importing Assets/Assets/UI/Dark UI/Free/Facebook.png using Guid(b12df616c3582fd4faba65f7fac51968) Importer(815301076,1909f56bfc062723c751e8b465ee728b) [PhysX] Initialized MultithreadedTaskDispatcher with 12 workers.
[PhysX] Initialized MultithreadedTaskDispatcher with 12 workers.
 -> (artifact id: '37ab6947d326db10e6c88a6c5e35e379') in 0.009918 seconds
Number of updated asset objects reloaded before import = 0
Number of asset objects unloaded after import = 3
========================================================================
Received Import Request.
  Time since last request: 0.000089 seconds.
  path: Assets/Assets/UI/Violet Theme Ui/Sliders/Fill Orange.png
  artifactKey: Guid(e48c6d8deee79854582bcfa4c7f93d4b) Importer(815301076,1909f56bfc062723c751e8b465ee728b)
Start importing Assets/Assets/UI/Violet Theme Ui/Sliders/Fill Orange.png using Guid(e48c6d8deee79854582bcfa4c7f93d4b) Importer(815301076,1909f56bfc062723c751e8b465ee728b) [PhysX] Initialized MultithreadedTaskDispatcher with 12 workers.
[PhysX] Initialized MultithreadedTaskDispatcher with 12 workers.
 -> (artifact id: 'f86fb5ccbf70faed89868c1c823c83df') in 0.008391 seconds
Number of updated asset objects reloaded before import = 0
Number of asset objects unloaded after import = 3
========================================================================
Received Import Request.
  Time since last request: 0.000158 seconds.
  path: Assets/Assets/UI/Violet Theme Ui/Sliders/Fill Pink.png
  artifactKey: Guid(e13090386b0ba8948876eaafcac9a9af) Importer(815301076,1909f56bfc062723c751e8b465ee728b)
Start importing Assets/Assets/UI/Violet Theme Ui/Sliders/Fill Pink.png using Guid(e13090386b0ba8948876eaafcac9a9af) Importer(815301076,1909f56bfc062723c751e8b465ee728b) [PhysX] Initialized MultithreadedTaskDispatcher with 12 workers.
[PhysX] Initialized MultithreadedTaskDispatcher with 12 workers.
 -> (artifact id: '0f2a954e8d02d1f4efc38d853cc5c26a') in 0.008845 seconds
Number of updated asset objects reloaded before import = 0
Number of asset objects unloaded after import = 3
========================================================================
Received Import Request.
  Time since last request: 1.362562 seconds.
  path: Assets/Assets/UI/GameInputControllerIconsFree/keyboard-white/fn.png
  artifactKey: Guid(74d4ac805b8b87c4dafdc76bc24cbe7d) Importer(815301076,1909f56bfc062723c751e8b465ee728b)
Start importing Assets/Assets/UI/GameInputControllerIconsFree/keyboard-white/fn.png using Guid(74d4ac805b8b87c4dafdc76bc24cbe7d) Importer(815301076,1909f56bfc062723c751e8b465ee728b) [PhysX] Initialized MultithreadedTaskDispatcher with 12 workers.
[PhysX] Initialized MultithreadedTaskDispatcher with 12 workers.
 -> (artifact id: '50822420804e509263a9c713cba18461') in 0.009262 seconds
Number of updated asset objects reloaded before import = 0
Number of asset objects unloaded after import = 3
========================================================================
Received Import Request.
  Time since last request: 0.000062 seconds.
  path: Assets/Assets/UI/UI Elements/White/1x/forward.png
  artifactKey: Guid(344fe81eb5885dc49a97989fab66c16e) Importer(815301076,1909f56bfc062723c751e8b465ee728b)
Start importing Assets/Assets/UI/UI Elements/White/1x/forward.png using Guid(344fe81eb5885dc49a97989fab66c16e) Importer(815301076,1909f56bfc062723c751e8b465ee728b) [PhysX] Initialized MultithreadedTaskDispatcher with 12 workers.
[PhysX] Initialized MultithreadedTaskDispatcher with 12 workers.
 -> (artifact id: '348c3b80719ade69e8be24f7b3571a37') in 0.007955 seconds
Number of updated asset objects reloaded before import = 0
Number of asset objects unloaded after import = 3
========================================================================
Received Import Request.
  Time since last request: 0.000041 seconds.
  path: Assets/Assets/UI/UI Elements/Black/2x/forward.png
  artifactKey: Guid(577ecfa6296ec1042b325e1ebae0a37b) Importer(815301076,1909f56bfc062723c751e8b465ee728b)
Start importing Assets/Assets/UI/UI Elements/Black/2x/forward.png using Guid(577ecfa6296ec1042b325e1ebae0a37b) Importer(815301076,1909f56bfc062723c751e8b465ee728b) [PhysX] Initialized MultithreadedTaskDispatcher with 12 workers.
[PhysX] Initialized MultithreadedTaskDispatcher with 12 workers.
 -> (artifact id: '7a463250b93c9a99d5b0aa49281e0aa5') in 0.009998 seconds
Number of updated asset objects reloaded before import = 0
Number of asset objects unloaded after import = 3
========================================================================
Received Import Request.
  Time since last request: 0.403958 seconds.
  path: Assets/Assets/UI/UI Elements/Black/2x/gamepad2.png
  artifactKey: Guid(79c01f7e766773747bc9eee4f6a90179) Importer(815301076,1909f56bfc062723c751e8b465ee728b)
Start importing Assets/Assets/UI/UI Elements/Black/2x/gamepad2.png using Guid(79c01f7e766773747bc9eee4f6a90179) Importer(815301076,1909f56bfc062723c751e8b465ee728b) [PhysX] Initialized MultithreadedTaskDispatcher with 12 workers.
[PhysX] Initialized MultithreadedTaskDispatcher with 12 workers.
 -> (artifact id: 'df3336efa213b570c5d53d81ee76aaca') in 0.012923 seconds
Number of updated asset objects reloaded before import = 0
Number of asset objects unloaded after import = 3
========================================================================
Received Import Request.
  Time since last request: 0.000067 seconds.
  path: Assets/Assets/UI/UI Elements/White/1x/gamepad2.png
  artifactKey: Guid(5554ca8c7be720f418a6615961c299a3) Importer(815301076,1909f56bfc062723c751e8b465ee728b)
Start importing Assets/Assets/UI/UI Elements/White/1x/gamepad2.png using Guid(5554ca8c7be720f418a6615961c299a3) Importer(815301076,1909f56bfc062723c751e8b465ee728b) [PhysX] Initialized MultithreadedTaskDispatcher with 12 workers.
[PhysX] Initialized MultithreadedTaskDispatcher with 12 workers.
 -> (artifact id: '3a41861c955563cdce2d94fb83174089') in 0.008132 seconds
Number of updated asset objects reloaded before import = 0
Number of asset objects unloaded after import = 3
========================================================================
Received Import Request.
  Time since last request: 0.000130 seconds.
  path: Assets/Assets/UI/Violet Theme Ui/Colored Icons/Gem 2 Blue.png
  artifactKey: Guid(e5b82729baeb4b542bc3b0dbde0a1791) Importer(815301076,1909f56bfc062723c751e8b465ee728b)
Start importing Assets/Assets/UI/Violet Theme Ui/Colored Icons/Gem 2 Blue.png using Guid(e5b82729baeb4b542bc3b0dbde0a1791) Importer(815301076,1909f56bfc062723c751e8b465ee728b) [PhysX] Initialized MultithreadedTaskDispatcher with 12 workers.
[PhysX] Initialized MultithreadedTaskDispatcher with 12 workers.
 -> (artifact id: 'feb63904d7b02381d36b1267cbcaaf61') in 0.010558 seconds
Number of updated asset objects reloaded before import = 0
Number of asset objects unloaded after import = 3
========================================================================
Received Import Request.
  Time since last request: 0.000162 seconds.
  path: Assets/Assets/UI/Dark UI/Free/Gem.png
  artifactKey: Guid(4aa4dc909b586c14198e6883472062be) Importer(815301076,1909f56bfc062723c751e8b465ee728b)
Start importing Assets/Assets/UI/Dark UI/Free/Gem.png using Guid(4aa4dc909b586c14198e6883472062be) Importer(815301076,1909f56bfc062723c751e8b465ee728b) [PhysX] Initialized MultithreadedTaskDispatcher with 12 workers.
[PhysX] Initialized MultithreadedTaskDispatcher with 12 workers.
 -> (artifact id: 'd4c7dc94182fb0b8092fad37d0092f6c') in 0.009007 seconds
Number of updated asset objects reloaded before import = 0
Number of asset objects unloaded after import = 3
========================================================================
Received Import Request.
  Time since last request: 0.470827 seconds.
  path: Assets/Assets/UI/Violet Theme Ui/GemsAndCoins/Gem Stack.png
  artifactKey: Guid(aa0422cf1c09b344a9a411fc1cba743e) Importer(815301076,1909f56bfc062723c751e8b465ee728b)
Start importing Assets/Assets/UI/Violet Theme Ui/GemsAndCoins/Gem Stack.png using Guid(aa0422cf1c09b344a9a411fc1cba743e) Importer(815301076,1909f56bfc062723c751e8b465ee728b) [PhysX] Initialized MultithreadedTaskDispatcher with 12 workers.
[PhysX] Initialized MultithreadedTaskDispatcher with 12 workers.
 -> (artifact id: '67ba4b39695f0303b758f2e49d17df10') in 0.018278 seconds
Number of updated asset objects reloaded before import = 0
Number of asset objects unloaded after import = 3
========================================================================
Received Import Request.
  Time since last request: 0.000070 seconds.
  path: Assets/Assets/UI/UI pack/Circles/Gradient circle.png
  artifactKey: Guid(7e47ad0249396044b852122a53251bb8) Importer(815301076,1909f56bfc062723c751e8b465ee728b)
Start importing Assets/Assets/UI/UI pack/Circles/Gradient circle.png using Guid(7e47ad0249396044b852122a53251bb8) Importer(815301076,1909f56bfc062723c751e8b465ee728b) [PhysX] Initialized MultithreadedTaskDispatcher with 12 workers.
[PhysX] Initialized MultithreadedTaskDispatcher with 12 workers.
 -> (artifact id: '4ed6c9f0aea84a89c595f44151ccd2d1') in 0.011186 seconds
Number of updated asset objects reloaded before import = 0
Number of asset objects unloaded after import = 3
========================================================================
Received Import Request.
  Time since last request: 0.000024 seconds.
  path: Assets/Assets/UI/Violet Theme Ui/Colored Icons/Gold Lock.png
  artifactKey: Guid(38ddff12778ca354e99a1f645644de56) Importer(815301076,1909f56bfc062723c751e8b465ee728b)
Start importing Assets/Assets/UI/Violet Theme Ui/Colored Icons/Gold Lock.png using Guid(38ddff12778ca354e99a1f645644de56) Importer(815301076,1909f56bfc062723c751e8b465ee728b) [PhysX] Initialized MultithreadedTaskDispatcher with 12 workers.
[PhysX] Initialized MultithreadedTaskDispatcher with 12 workers.
 -> (artifact id: 'dc0697858cd2f6c2611e0d93739a081b') in 0.011047 seconds
Number of updated asset objects reloaded before import = 0
Number of asset objects unloaded after import = 3
========================================================================
Received Import Request.
  Time since last request: 0.289670 seconds.
  path: Assets/Assets/UI/UI Elements/White/1x/hamburger icon.png
  artifactKey: Guid(df72830c7382d8e409c201f036f958ce) Importer(815301076,1909f56bfc062723c751e8b465ee728b)
Start importing Assets/Assets/UI/UI Elements/White/1x/hamburger icon.png using Guid(df72830c7382d8e409c201f036f958ce) Importer(815301076,1909f56bfc062723c751e8b465ee728b) [PhysX] Initialized MultithreadedTaskDispatcher with 12 workers.
[PhysX] Initialized MultithreadedTaskDispatcher with 12 workers.
 -> (artifact id: '4be498f645b74e9d7b0ac7adb77139aa') in 0.009006 seconds
Number of updated asset objects reloaded before import = 0
Number of asset objects unloaded after import = 3
========================================================================
Received Import Request.
  Time since last request: 0.000019 seconds.
  path: Assets/Assets/UI/Violet Theme Ui/Sliders/Handle Green.png
  artifactKey: Guid(e0651aa178dd99b4ca94b6bcab5ed545) Importer(815301076,1909f56bfc062723c751e8b465ee728b)
Start importing Assets/Assets/UI/Violet Theme Ui/Sliders/Handle Green.png using Guid(e0651aa178dd99b4ca94b6bcab5ed545) Importer(815301076,1909f56bfc062723c751e8b465ee728b) [PhysX] Initialized MultithreadedTaskDispatcher with 12 workers.
[PhysX] Initialized MultithreadedTaskDispatcher with 12 workers.
 -> (artifact id: '69e384dc7943d943d89e47d9f9cc4247') in 0.007708 seconds
Number of updated asset objects reloaded before import = 0
Number of asset objects unloaded after import = 3
========================================================================
Received Import Request.
  Time since last request: 0.000015 seconds.
  path: Assets/Assets/UI/UI Elements/Black/1x/hamburger icon.png
  artifactKey: Guid(526cc0e3015b2ce4890db0c2d9490600) Importer(815301076,1909f56bfc062723c751e8b465ee728b)
Start importing Assets/Assets/UI/UI Elements/Black/1x/hamburger icon.png using Guid(526cc0e3015b2ce4890db0c2d9490600) Importer(815301076,1909f56bfc062723c751e8b465ee728b) [PhysX] Initialized MultithreadedTaskDispatcher with 12 workers.
[PhysX] Initialized MultithreadedTaskDispatcher with 12 workers.
 -> (artifact id: '69e8dfd7f69452fb6c02dadd7a3fb270') in 0.007838 seconds
Number of updated asset objects reloaded before import = 0
Number of asset objects unloaded after import = 3
========================================================================
Received Import Request.
  Time since last request: 0.000032 seconds.
  path: Assets/Assets/UI/Violet Theme Ui/Colored Icons/Hammer.png
  artifactKey: Guid(c83fa2ac472c64145a29bad9c05a9a50) Importer(815301076,1909f56bfc062723c751e8b465ee728b)
Start importing Assets/Assets/UI/Violet Theme Ui/Colored Icons/Hammer.png using Guid(c83fa2ac472c64145a29bad9c05a9a50) Importer(815301076,1909f56bfc062723c751e8b465ee728b) [PhysX] Initialized MultithreadedTaskDispatcher with 12 workers.
[PhysX] Initialized MultithreadedTaskDispatcher with 12 workers.
 -> (artifact id: '80d74df5ddb3168b3618ba3d61acc5b7') in 0.008396 seconds
Number of updated asset objects reloaded before import = 0
Number of asset objects unloaded after import = 3
========================================================================
Received Import Request.
  Time since last request: 0.009651 seconds.
  path: Assets/Assets/UI/Violet Theme Ui/Sliders/Handle Yellow.png
  artifactKey: Guid(d58fce3806791a446a633c9b19afa689) Importer(815301076,1909f56bfc062723c751e8b465ee728b)
Start importing Assets/Assets/UI/Violet Theme Ui/Sliders/Handle Yellow.png using Guid(d58fce3806791a446a633c9b19afa689) Importer(815301076,1909f56bfc062723c751e8b465ee728b) [PhysX] Initialized MultithreadedTaskDispatcher with 12 workers.
[PhysX] Initialized MultithreadedTaskDispatcher with 12 workers.
 -> (artifact id: 'a74343128051f81c1a86a2915f87a916') in 0.008109 seconds
Number of updated asset objects reloaded before import = 0
Number of asset objects unloaded after import = 3
========================================================================
Received Import Request.
  Time since last request: 0.000016 seconds.
  path: Assets/Assets/UI/Violet Theme Ui/Colored Icons/Heart.png
  artifactKey: Guid(2b8558b645a07d74582677fd0bf9dfa9) Importer(815301076,1909f56bfc062723c751e8b465ee728b)
Start importing Assets/Assets/UI/Violet Theme Ui/Colored Icons/Heart.png using Guid(2b8558b645a07d74582677fd0bf9dfa9) Importer(815301076,1909f56bfc062723c751e8b465ee728b) [PhysX] Initialized MultithreadedTaskDispatcher with 12 workers.
[PhysX] Initialized MultithreadedTaskDispatcher with 12 workers.
 -> (artifact id: '6b47e83037a736272f0559f7269a49fc') in 0.008309 seconds
Number of updated asset objects reloaded before import = 0
Number of asset objects unloaded after import = 3
========================================================================
Received Import Request.
  Time since last request: 0.000013 seconds.
  path: Assets/Assets/UI/UI Elements/Black/2x/home.png
  artifactKey: Guid(3d16015f0355c5c4789c0e11b07f45e7) Importer(815301076,1909f56bfc062723c751e8b465ee728b)
Start importing Assets/Assets/UI/UI Elements/Black/2x/home.png using Guid(3d16015f0355c5c4789c0e11b07f45e7) Importer(815301076,1909f56bfc062723c751e8b465ee728b) [PhysX] Initialized MultithreadedTaskDispatcher with 12 workers.
[PhysX] Initialized MultithreadedTaskDispatcher with 12 workers.
 -> (artifact id: '76b759bc10625ba8715e395f67200458') in 0.008263 seconds
Number of updated asset objects reloaded before import = 0
Number of asset objects unloaded after import = 3
========================================================================
Received Import Request.
  Time since last request: 0.000048 seconds.
  path: Assets/Assets/UI/UI pack/Icons/Healthbar.png
  artifactKey: Guid(1b289ca454f3cdf4ca785ab70305a4ad) Importer(815301076,1909f56bfc062723c751e8b465ee728b)
Start importing Assets/Assets/UI/UI pack/Icons/Healthbar.png using Guid(1b289ca454f3cdf4ca785ab70305a4ad) Importer(815301076,1909f56bfc062723c751e8b465ee728b) [PhysX] Initialized MultithreadedTaskDispatcher with 12 workers.
[PhysX] Initialized MultithreadedTaskDispatcher with 12 workers.
 -> (artifact id: 'bbec7dc250fa3465f076993dcd0d5b69') in 0.008426 seconds
Number of updated asset objects reloaded before import = 0
Number of asset objects unloaded after import = 3
========================================================================
Received Import Request.
  Time since last request: 0.598366 seconds.
  path: Assets/Assets/UI/GameInputControllerIconsFree/keyboard-white/hyphen.png
  artifactKey: Guid(53058ef4572f0754b92b1c436293c71e) Importer(815301076,1909f56bfc062723c751e8b465ee728b)
Start importing Assets/Assets/UI/GameInputControllerIconsFree/keyboard-white/hyphen.png using Guid(53058ef4572f0754b92b1c436293c71e) Importer(815301076,1909f56bfc062723c751e8b465ee728b) [PhysX] Initialized MultithreadedTaskDispatcher with 12 workers.
[PhysX] Initialized MultithreadedTaskDispatcher with 12 workers.
 -> (artifact id: '7fac53514659c36fde5a1377695d631b') in 0.008266 seconds
Number of updated asset objects reloaded before import = 0
Number of asset objects unloaded after import = 3
========================================================================
Received Import Request.
  Time since last request: 0.000109 seconds.
  path: Assets/Assets/UI/UI Elements/White/2x/info.png
  artifactKey: Guid(dc13b944fb4f7fe4dbea810f96b0c01f) Importer(815301076,1909f56bfc062723c751e8b465ee728b)
Start importing Assets/Assets/UI/UI Elements/White/2x/info.png using Guid(dc13b944fb4f7fe4dbea810f96b0c01f) Importer(815301076,1909f56bfc062723c751e8b465ee728b) [PhysX] Initialized MultithreadedTaskDispatcher with 12 workers.
[PhysX] Initialized MultithreadedTaskDispatcher with 12 workers.
 -> (artifact id: 'c25a7bb3f83332aeab6a80de9930f9b7') in 0.008804 seconds
Number of updated asset objects reloaded before import = 0
Number of asset objects unloaded after import = 3
========================================================================
Received Import Request.
  Time since last request: 0.000016 seconds.
  path: Assets/Assets/UI/Dark UI/Free/Icon Sets.png
  artifactKey: Guid(7747227fc69607f46833ce90b8776f0d) Importer(815301076,1909f56bfc062723c751e8b465ee728b)
Start importing Assets/Assets/UI/Dark UI/Free/Icon Sets.png using Guid(7747227fc69607f46833ce90b8776f0d) Importer(815301076,1909f56bfc062723c751e8b465ee728b) [PhysX] Initialized MultithreadedTaskDispatcher with 12 workers.
[PhysX] Initialized MultithreadedTaskDispatcher with 12 workers.
 -> (artifact id: 'b853e6bcd5ede5882847d80954c9234a') in 0.008800 seconds
Number of updated asset objects reloaded before import = 0
Number of asset objects unloaded after import = 3
========================================================================
Received Import Request.
  Time since last request: 0.000016 seconds.
  path: Assets/Assets/UI/GameInputControllerIconsFree/keyboard-white/i.png
  artifactKey: Guid(43c73990d53145842be0efbb5a22e29c) Importer(815301076,1909f56bfc062723c751e8b465ee728b)
Start importing Assets/Assets/UI/GameInputControllerIconsFree/keyboard-white/i.png using Guid(43c73990d53145842be0efbb5a22e29c) Importer(815301076,1909f56bfc062723c751e8b465ee728b) [PhysX] Initialized MultithreadedTaskDispatcher with 12 workers.
[PhysX] Initialized MultithreadedTaskDispatcher with 12 workers.
 -> (artifact id: '51ede2b0f2d787649f3192f01332523e') in 0.008049 seconds
Number of updated asset objects reloaded before import = 0
Number of asset objects unloaded after import = 3
========================================================================
Received Import Request.
  Time since last request: 0.487883 seconds.
  path: Assets/Assets/UI/GameInputControllerIconsFree/keyboard-white/ins.png
  artifactKey: Guid(f49b89cfe131f9a4781eb7d632d25b15) Importer(815301076,1909f56bfc062723c751e8b465ee728b)
Start importing Assets/Assets/UI/GameInputControllerIconsFree/keyboard-white/ins.png using Guid(f49b89cfe131f9a4781eb7d632d25b15) Importer(815301076,1909f56bfc062723c751e8b465ee728b) [PhysX] Initialized MultithreadedTaskDispatcher with 12 workers.
[PhysX] Initialized MultithreadedTaskDispatcher with 12 workers.
 -> (artifact id: 'c1a77196272b6570702eba910382b383') in 0.008818 seconds
Number of updated asset objects reloaded before import = 0
Number of asset objects unloaded after import = 3
========================================================================
Received Import Request.
  Time since last request: 0.000014 seconds.
  path: Assets/Assets/UI/GameInputControllerIconsFree/keyboard-white/keyboard-wsad.png
  artifactKey: Guid(897232a7351515e4fb9ac0774dd5140f) Importer(815301076,1909f56bfc062723c751e8b465ee728b)
Start importing Assets/Assets/UI/GameInputControllerIconsFree/keyboard-white/keyboard-wsad.png using Guid(897232a7351515e4fb9ac0774dd5140f) Importer(815301076,1909f56bfc062723c751e8b465ee728b) [PhysX] Initialized MultithreadedTaskDispatcher with 12 workers.
[PhysX] Initialized MultithreadedTaskDispatcher with 12 workers.
 -> (artifact id: '7ad7fda9dedc9936b67d079f1f700ddb') in 0.009483 seconds
Number of updated asset objects reloaded before import = 0
Number of asset objects unloaded after import = 3
========================================================================
Received Import Request.
  Time since last request: 0.000042 seconds.
  path: Assets/Assets/UI/UI Elements/Black/1x/Leaderboard.png
  artifactKey: Guid(84d4023617b419c4e92ab9413f8cbb86) Importer(815301076,1909f56bfc062723c751e8b465ee728b)
Start importing Assets/Assets/UI/UI Elements/Black/1x/Leaderboard.png using Guid(84d4023617b419c4e92ab9413f8cbb86) Importer(815301076,1909f56bfc062723c751e8b465ee728b) [PhysX] Initialized MultithreadedTaskDispatcher with 12 workers.
[PhysX] Initialized MultithreadedTaskDispatcher with 12 workers.
 -> (artifact id: '246824c86675d5fbccb86922caf319ca') in 0.008125 seconds
Number of updated asset objects reloaded before import = 0
Number of asset objects unloaded after import = 3
========================================================================
Received Import Request.
  Time since last request: 0.000052 seconds.
  path: Assets/Assets/UI/GameInputControllerIconsFree/keyboard-white/j.png
  artifactKey: Guid(98ae381133f6793418a5e579e3f762f3) Importer(815301076,1909f56bfc062723c751e8b465ee728b)
Start importing Assets/Assets/UI/GameInputControllerIconsFree/keyboard-white/j.png using Guid(98ae381133f6793418a5e579e3f762f3) Importer(815301076,1909f56bfc062723c751e8b465ee728b) [PhysX] Initialized MultithreadedTaskDispatcher with 12 workers.
[PhysX] Initialized MultithreadedTaskDispatcher with 12 workers.
 -> (artifact id: '6a9634da0d6e8302017ffd2fbfa10617') in 0.008603 seconds
Number of updated asset objects reloaded before import = 0
Number of asset objects unloaded after import = 3
========================================================================
Received Import Request.
  Time since last request: 0.182557 seconds.
  path: Assets/Assets/UI/Violet Theme Ui/Colored Icons/leaf.png
  artifactKey: Guid(a191b676b9627ca44aceb3a028607100) Importer(815301076,1909f56bfc062723c751e8b465ee728b)
Start importing Assets/Assets/UI/Violet Theme Ui/Colored Icons/leaf.png using Guid(a191b676b9627ca44aceb3a028607100) Importer(815301076,1909f56bfc062723c751e8b465ee728b) [PhysX] Initialized MultithreadedTaskDispatcher with 12 workers.
[PhysX] Initialized MultithreadedTaskDispatcher with 12 workers.
 -> (artifact id: '2bd35e56f9ba5de67f620cc5bf0d1af2') in 0.010312 seconds
Number of updated asset objects reloaded before import = 0
Number of asset objects unloaded after import = 3
========================================================================
Received Import Request.
  Time since last request: 0.000065 seconds.
  path: Assets/Assets/UI/UI Elements/White/1x/left arrow.png
  artifactKey: Guid(a8c156df7e42dfd40a0af3ae927e559c) Importer(815301076,1909f56bfc062723c751e8b465ee728b)
Start importing Assets/Assets/UI/UI Elements/White/1x/left arrow.png using Guid(a8c156df7e42dfd40a0af3ae927e559c) Importer(815301076,1909f56bfc062723c751e8b465ee728b) [PhysX] Initialized MultithreadedTaskDispatcher with 12 workers.
[PhysX] Initialized MultithreadedTaskDispatcher with 12 workers.
 -> (artifact id: '3ba9b0a7b7888fcf63988a6b2cdbd713') in 0.007328 seconds
Number of updated asset objects reloaded before import = 0
Number of asset objects unloaded after import = 3
========================================================================
Received Import Request.
  Time since last request: 0.000017 seconds.
  path: Assets/Assets/UI/UI Elements/White/1x/left.png
  artifactKey: Guid(fb4fddf2c378ae647ae205d38ba835b9) Importer(815301076,1909f56bfc062723c751e8b465ee728b)
Start importing Assets/Assets/UI/UI Elements/White/1x/left.png using Guid(fb4fddf2c378ae647ae205d38ba835b9) Importer(815301076,1909f56bfc062723c751e8b465ee728b) [PhysX] Initialized MultithreadedTaskDispatcher with 12 workers.
[PhysX] Initialized MultithreadedTaskDispatcher with 12 workers.
 -> (artifact id: '8e9f1aab79d733402f5dc18204e905b7') in 0.008713 seconds
Number of updated asset objects reloaded before import = 0
Number of asset objects unloaded after import = 3
========================================================================
Received Import Request.
  Time since last request: 0.000027 seconds.
  path: Assets/Assets/UI/UI Elements/Black/1x/left.png
  artifactKey: Guid(c2dbc6dc470a3b046b8291ea5826c397) Importer(815301076,1909f56bfc062723c751e8b465ee728b)
Start importing Assets/Assets/UI/UI Elements/Black/1x/left.png using Guid(c2dbc6dc470a3b046b8291ea5826c397) Importer(815301076,1909f56bfc062723c751e8b465ee728b) [PhysX] Initialized MultithreadedTaskDispatcher with 12 workers.
[PhysX] Initialized MultithreadedTaskDispatcher with 12 workers.
 -> (artifact id: '04fa994b259dd92bf5be575e0506ae96') in 0.008304 seconds
Number of updated asset objects reloaded before import = 0
Number of asset objects unloaded after import = 3
========================================================================
Received Import Request.
  Time since last request: 0.073216 seconds.
  path: Assets/Assets/UI/UI Elements/White/2x/left exit.png
  artifactKey: Guid(57648d64ce9e1604db37d0cd624c2346) Importer(815301076,1909f56bfc062723c751e8b465ee728b)
Start importing Assets/Assets/UI/UI Elements/White/2x/left exit.png using Guid(57648d64ce9e1604db37d0cd624c2346) Importer(815301076,1909f56bfc062723c751e8b465ee728b) [PhysX] Initialized MultithreadedTaskDispatcher with 12 workers.
[PhysX] Initialized MultithreadedTaskDispatcher with 12 workers.
 -> (artifact id: 'ff3e977007a3041a218988634c71fd47') in 0.008489 seconds
Number of updated asset objects reloaded before import = 0
Number of asset objects unloaded after import = 3
========================================================================
Received Import Request.
  Time since last request: 0.000014 seconds.
  path: Assets/Assets/UI/UI Elements/Black/1x/lock.png
  artifactKey: Guid(0e2413a4df01bb74482eefe8fe27884b) Importer(815301076,1909f56bfc062723c751e8b465ee728b)
Start importing Assets/Assets/UI/UI Elements/Black/1x/lock.png using Guid(0e2413a4df01bb74482eefe8fe27884b) Importer(815301076,1909f56bfc062723c751e8b465ee728b) [PhysX] Initialized MultithreadedTaskDispatcher with 12 workers.
[PhysX] Initialized MultithreadedTaskDispatcher with 12 workers.
 -> (artifact id: 'e8f94e5bc9c46e50a9f17187eecfc004') in 0.008192 seconds
Number of updated asset objects reloaded before import = 0
Number of asset objects unloaded after import = 3
========================================================================
Received Import Request.
  Time since last request: 0.000033 seconds.
  path: Assets/Assets/UI/Violet Theme Ui/Colored Icons/Lock 2.png
  artifactKey: Guid(a767c174fe4153d4f80fe923fd478424) Importer(815301076,1909f56bfc062723c751e8b465ee728b)
Start importing Assets/Assets/UI/Violet Theme Ui/Colored Icons/Lock 2.png using Guid(a767c174fe4153d4f80fe923fd478424) Importer(815301076,1909f56bfc062723c751e8b465ee728b) [PhysX] Initialized MultithreadedTaskDispatcher with 12 workers.
[PhysX] Initialized MultithreadedTaskDispatcher with 12 workers.
 -> (artifact id: '73505194bdcab00c05d61738d8fd85bc') in 0.008419 seconds
Number of updated asset objects reloaded before import = 0
Number of asset objects unloaded after import = 3
========================================================================
Received Import Request.
  Time since last request: 0.000016 seconds.
  path: Assets/Assets/UI/UI Elements/White/2x/lock.png
  artifactKey: Guid(ed2186e15040af748a6d6484eebdc5e7) Importer(815301076,1909f56bfc062723c751e8b465ee728b)
Start importing Assets/Assets/UI/UI Elements/White/2x/lock.png using Guid(ed2186e15040af748a6d6484eebdc5e7) Importer(815301076,1909f56bfc062723c751e8b465ee728b) [PhysX] Initialized MultithreadedTaskDispatcher with 12 workers.
[PhysX] Initialized MultithreadedTaskDispatcher with 12 workers.
 -> (artifact id: 'ee0471d23ef77010bf587227863b48aa') in 0.007294 seconds
Number of updated asset objects reloaded before import = 0
Number of asset objects unloaded after import = 3
========================================================================
Received Import Request.
  Time since last request: 0.457643 seconds.
  path: Assets/Assets/UI/Violet Theme Ui/Colored Icons/Magnet.png
  artifactKey: Guid(bd6ebf661ce04ab4599d54cda1928984) Importer(815301076,1909f56bfc062723c751e8b465ee728b)
Start importing Assets/Assets/UI/Violet Theme Ui/Colored Icons/Magnet.png using Guid(bd6ebf661ce04ab4599d54cda1928984) Importer(815301076,1909f56bfc062723c751e8b465ee728b) [PhysX] Initialized MultithreadedTaskDispatcher with 12 workers.
[PhysX] Initialized MultithreadedTaskDispatcher with 12 workers.
 -> (artifact id: 'e2d32c1ab98994fc0a485025c7a50f05') in 0.008773 seconds
Number of updated asset objects reloaded before import = 0
Number of asset objects unloaded after import = 3
========================================================================
Received Import Request.
  Time since last request: 0.000120 seconds.
  path: Assets/Assets/UI/Violet Theme Ui/Colored Icons/Magnifying Glass.png
  artifactKey: Guid(c565245094b56bb4e906bb430bd0702f) Importer(815301076,1909f56bfc062723c751e8b465ee728b)
Start importing Assets/Assets/UI/Violet Theme Ui/Colored Icons/Magnifying Glass.png using Guid(c565245094b56bb4e906bb430bd0702f) Importer(815301076,1909f56bfc062723c751e8b465ee728b) [PhysX] Initialized MultithreadedTaskDispatcher with 12 workers.
[PhysX] Initialized MultithreadedTaskDispatcher with 12 workers.
 -> (artifact id: 'df20773fc24477633ad72782d03c4886') in 0.012731 seconds
Number of updated asset objects reloaded before import = 0
Number of asset objects unloaded after import = 3
========================================================================
Received Import Request.
  Time since last request: 0.000017 seconds.
  path: Assets/Assets/UI/Violet Theme Ui/Colored Icons/Medal.png
  artifactKey: Guid(8a76a65ead3a23b4ba19459d3855ffbd) Importer(815301076,1909f56bfc062723c751e8b465ee728b)
Start importing Assets/Assets/UI/Violet Theme Ui/Colored Icons/Medal.png using Guid(8a76a65ead3a23b4ba19459d3855ffbd) Importer(815301076,1909f56bfc062723c751e8b465ee728b) [PhysX] Initialized MultithreadedTaskDispatcher with 12 workers.
[PhysX] Initialized MultithreadedTaskDispatcher with 12 workers.
 -> (artifact id: 'caa2406956ff5c6ad3b04ddb2d2c2542') in 0.010793 seconds
Number of updated asset objects reloaded before import = 0
Number of asset objects unloaded after import = 3
========================================================================
Received Import Request.
  Time since last request: 0.000038 seconds.
  path: Assets/Assets/UI/UI Elements/Black/2x/menu1.png
  artifactKey: Guid(93b4b95fa7d7d954092f862f57c880bf) Importer(815301076,1909f56bfc062723c751e8b465ee728b)
Start importing Assets/Assets/UI/UI Elements/Black/2x/menu1.png using Guid(93b4b95fa7d7d954092f862f57c880bf) Importer(815301076,1909f56bfc062723c751e8b465ee728b) [PhysX] Initialized MultithreadedTaskDispatcher with 12 workers.
[PhysX] Initialized MultithreadedTaskDispatcher with 12 workers.
 -> (artifact id: 'db77bae4c2332b857979d269f8e746f0') in 0.007630 seconds
Number of updated asset objects reloaded before import = 0
Number of asset objects unloaded after import = 3
========================================================================
Received Import Request.
  Time since last request: 0.023267 seconds.
  path: Assets/Assets/UI/UI Elements/White/1x/menu2.png
  artifactKey: Guid(fd2a1fb3e51510049945a1f359a4ccba) Importer(815301076,1909f56bfc062723c751e8b465ee728b)
Start importing Assets/Assets/UI/UI Elements/White/1x/menu2.png using Guid(fd2a1fb3e51510049945a1f359a4ccba) Importer(815301076,1909f56bfc062723c751e8b465ee728b) [PhysX] Initialized MultithreadedTaskDispatcher with 12 workers.
[PhysX] Initialized MultithreadedTaskDispatcher with 12 workers.
 -> (artifact id: '8f01d780cbd6b4c70d22854eb448923c') in 0.009603 seconds
Number of updated asset objects reloaded before import = 0
Number of asset objects unloaded after import = 3
========================================================================
Received Import Request.
  Time since last request: 0.000357 seconds.
  path: Assets/Assets/UI/Violet Theme Ui/Colored Icons/Messages.png
  artifactKey: Guid(a45f57030d9f2c74cac4e4517b2846a2) Importer(815301076,1909f56bfc062723c751e8b465ee728b)
Start importing Assets/Assets/UI/Violet Theme Ui/Colored Icons/Messages.png using Guid(a45f57030d9f2c74cac4e4517b2846a2) Importer(815301076,1909f56bfc062723c751e8b465ee728b) [PhysX] Initialized MultithreadedTaskDispatcher with 12 workers.
[PhysX] Initialized MultithreadedTaskDispatcher with 12 workers.
 -> (artifact id: '588dc133ea83bd3a8a5355db42db27e0') in 0.009964 seconds
Number of updated asset objects reloaded before import = 0
Number of asset objects unloaded after import = 3
========================================================================
Received Import Request.
  Time since last request: 0.000064 seconds.
  path: Assets/Assets/UI/UI Elements/Black/2x/mic off.png
  artifactKey: Guid(e9c36d95f3c80d44c82628b84f79b82c) Importer(815301076,1909f56bfc062723c751e8b465ee728b)
Start importing Assets/Assets/UI/UI Elements/Black/2x/mic off.png using Guid(e9c36d95f3c80d44c82628b84f79b82c) Importer(815301076,1909f56bfc062723c751e8b465ee728b) [PhysX] Initialized MultithreadedTaskDispatcher with 12 workers.
[PhysX] Initialized MultithreadedTaskDispatcher with 12 workers.
 -> (artifact id: '7177276e0556edeee4539e482aab8ed1') in 0.008821 seconds
Number of updated asset objects reloaded before import = 0
Number of asset objects unloaded after import = 3
========================================================================
Received Import Request.
  Time since last request: 0.000014 seconds.
  path: Assets/Assets/UI/UI Elements/White/2x/mic off.png
  artifactKey: Guid(521a762d11c6bad42ac3d97f1a735416) Importer(815301076,1909f56bfc062723c751e8b465ee728b)
Start importing Assets/Assets/UI/UI Elements/White/2x/mic off.png using Guid(521a762d11c6bad42ac3d97f1a735416) Importer(815301076,1909f56bfc062723c751e8b465ee728b) [PhysX] Initialized MultithreadedTaskDispatcher with 12 workers.
[PhysX] Initialized MultithreadedTaskDispatcher with 12 workers.
 -> (artifact id: 'c9f07e5a4c1c45656276cf96e13b7146') in 0.007440 seconds
Number of updated asset objects reloaded before import = 0
Number of asset objects unloaded after import = 3
========================================================================
Received Import Request.
  Time since last request: 0.380626 seconds.
  path: Assets/Assets/UI/UI Elements/Black/2x/mic on.png
  artifactKey: Guid(d270f1dd858e5f34e93cea83f9196652) Importer(815301076,1909f56bfc062723c751e8b465ee728b)
Start importing Assets/Assets/UI/UI Elements/Black/2x/mic on.png using Guid(d270f1dd858e5f34e93cea83f9196652) Importer(815301076,1909f56bfc062723c751e8b465ee728b) [PhysX] Initialized MultithreadedTaskDispatcher with 12 workers.
[PhysX] Initialized MultithreadedTaskDispatcher with 12 workers.
 -> (artifact id: '494831b18334571df06b5d2beda8d98e') in 0.008904 seconds
Number of updated asset objects reloaded before import = 0
Number of asset objects unloaded after import = 3
========================================================================
Received Import Request.
  Time since last request: 0.000016 seconds.
  path: Assets/Assets/UI/GameInputControllerIconsFree/mouse-white/mouse-g1.png
  artifactKey: Guid(6ce9c6515ed73674698f9905fef6b0c0) Importer(815301076,1909f56bfc062723c751e8b465ee728b)
Start importing Assets/Assets/UI/GameInputControllerIconsFree/mouse-white/mouse-g1.png using Guid(6ce9c6515ed73674698f9905fef6b0c0) Importer(815301076,1909f56bfc062723c751e8b465ee728b) [PhysX] Initialized MultithreadedTaskDispatcher with 12 workers.
[PhysX] Initialized MultithreadedTaskDispatcher with 12 workers.
 -> (artifact id: '4e1374abfe13debe059665f1cf3a74ee') in 0.007421 seconds
Number of updated asset objects reloaded before import = 0
Number of asset objects unloaded after import = 3
========================================================================
Received Import Request.
  Time since last request: 0.000037 seconds.
  path: Assets/Assets/UI/Dark UI/Free/Missions.png
  artifactKey: Guid(b52130bb79a23344aa8c335cecb91eb0) Importer(815301076,1909f56bfc062723c751e8b465ee728b)
Start importing Assets/Assets/UI/Dark UI/Free/Missions.png using Guid(b52130bb79a23344aa8c335cecb91eb0) Importer(815301076,1909f56bfc062723c751e8b465ee728b) [PhysX] Initialized MultithreadedTaskDispatcher with 12 workers.
[PhysX] Initialized MultithreadedTaskDispatcher with 12 workers.
 -> (artifact id: '83e7c26a441dc33bf0dd3e3aff11cb3d') in 0.008488 seconds
Number of updated asset objects reloaded before import = 0
Number of asset objects unloaded after import = 3
========================================================================
Received Import Request.
  Time since last request: 0.000015 seconds.
  path: Assets/Assets/UI/GameInputControllerIconsFree/mouse-white/mouse-middle.png
  artifactKey: Guid(6c7b8b6d4ec1eee4f9937defed1ef1ca) Importer(815301076,1909f56bfc062723c751e8b465ee728b)
Start importing Assets/Assets/UI/GameInputControllerIconsFree/mouse-white/mouse-middle.png using Guid(6c7b8b6d4ec1eee4f9937defed1ef1ca) Importer(815301076,1909f56bfc062723c751e8b465ee728b) [PhysX] Initialized MultithreadedTaskDispatcher with 12 workers.
[PhysX] Initialized MultithreadedTaskDispatcher with 12 workers.
 -> (artifact id: '46e8d0b57007c89d25ba41b4131ee9fc') in 0.007914 seconds
Number of updated asset objects reloaded before import = 0
Number of asset objects unloaded after import = 3
========================================================================
Received Import Request.
  Time since last request: 0.000014 seconds.
  path: Assets/Assets/UI/UI Elements/Black/1x/mic on.png
  artifactKey: Guid(cc7e6817bcc82564fa92f3e89bc9ac6a) Importer(815301076,1909f56bfc062723c751e8b465ee728b)
Start importing Assets/Assets/UI/UI Elements/Black/1x/mic on.png using Guid(cc7e6817bcc82564fa92f3e89bc9ac6a) Importer(815301076,1909f56bfc062723c751e8b465ee728b) [PhysX] Initialized MultithreadedTaskDispatcher with 12 workers.
[PhysX] Initialized MultithreadedTaskDispatcher with 12 workers.
 -> (artifact id: 'b32884b156b222636153b5fa32d229ba') in 0.008295 seconds
Number of updated asset objects reloaded before import = 0
Number of asset objects unloaded after import = 3
========================================================================
Received Import Request.
  Time since last request: 0.063127 seconds.
  path: Assets/Assets/UI/UI Elements/White/1x/music off.png
  artifactKey: Guid(7a19814244f58574fa6d9efdd064fa3e) Importer(815301076,1909f56bfc062723c751e8b465ee728b)
Start importing Assets/Assets/UI/UI Elements/White/1x/music off.png using Guid(7a19814244f58574fa6d9efdd064fa3e) Importer(815301076,1909f56bfc062723c751e8b465ee728b) [PhysX] Initialized MultithreadedTaskDispatcher with 12 workers.
[PhysX] Initialized MultithreadedTaskDispatcher with 12 workers.
 -> (artifact id: '2808b975873e4b1afc7c3b4b8498b7da') in 0.012639 seconds
Number of updated asset objects reloaded before import = 0
Number of asset objects unloaded after import = 3
========================================================================
Received Import Request.
  Time since last request: 0.000040 seconds.
  path: Assets/Assets/UI/UI Elements/Black/2x/music on.png
  artifactKey: Guid(44f0b58ea8fab6346ba2b049cc2e4247) Importer(815301076,1909f56bfc062723c751e8b465ee728b)
Start importing Assets/Assets/UI/UI Elements/Black/2x/music on.png using Guid(44f0b58ea8fab6346ba2b049cc2e4247) Importer(815301076,1909f56bfc062723c751e8b465ee728b) [PhysX] Initialized MultithreadedTaskDispatcher with 12 workers.
[PhysX] Initialized MultithreadedTaskDispatcher with 12 workers.
 -> (artifact id: '540f9d47bb7fb57e30c6ebf53a11e46b') in 0.007668 seconds
Number of updated asset objects reloaded before import = 0
Number of asset objects unloaded after import = 3
========================================================================
Received Import Request.
  Time since last request: 0.000016 seconds.
  path: Assets/Assets/UI/UI Elements/White/2x/music on.png
  artifactKey: Guid(543f07f09511a0942b20568a3f8f227c) Importer(815301076,1909f56bfc062723c751e8b465ee728b)
Start importing Assets/Assets/UI/UI Elements/White/2x/music on.png using Guid(543f07f09511a0942b20568a3f8f227c) Importer(815301076,1909f56bfc062723c751e8b465ee728b) [PhysX] Initialized MultithreadedTaskDispatcher with 12 workers.
[PhysX] Initialized MultithreadedTaskDispatcher with 12 workers.
 -> (artifact id: '2c34950035cdd1dface87720f38a56db') in 0.007237 seconds
Number of updated asset objects reloaded before import = 0
Number of asset objects unloaded after import = 3
========================================================================
Received Import Request.
  Time since last request: 0.000015 seconds.
  path: Assets/Assets/UI/GameInputControllerIconsFree/keyboard-white/n.png
  artifactKey: Guid(17e60b1414e5c83498107d53732ea0f0) Importer(815301076,1909f56bfc062723c751e8b465ee728b)
Start importing Assets/Assets/UI/GameInputControllerIconsFree/keyboard-white/n.png using Guid(17e60b1414e5c83498107d53732ea0f0) Importer(815301076,1909f56bfc062723c751e8b465ee728b) [PhysX] Initialized MultithreadedTaskDispatcher with 12 workers.
[PhysX] Initialized MultithreadedTaskDispatcher with 12 workers.
 -> (artifact id: '7f761f00b38501c6a0e5885d927637f0') in 0.007997 seconds
Number of updated asset objects reloaded before import = 0
Number of asset objects unloaded after import = 3
========================================================================
Received Import Request.
  Time since last request: 0.101404 seconds.
  path: Assets/Assets/UI/UI Elements/Black/2x/north east arrow.png
  artifactKey: Guid(d707a7212214153448b994c3c45109e1) Importer(815301076,1909f56bfc062723c751e8b465ee728b)
Start importing Assets/Assets/UI/UI Elements/Black/2x/north east arrow.png using Guid(d707a7212214153448b994c3c45109e1) Importer(815301076,1909f56bfc062723c751e8b465ee728b) [PhysX] Initialized MultithreadedTaskDispatcher with 12 workers.
[PhysX] Initialized MultithreadedTaskDispatcher with 12 workers.
 -> (artifact id: '222fb4b5915552434005212696a751bc') in 0.008086 seconds
Number of updated asset objects reloaded before import = 0
Number of asset objects unloaded after import = 3
========================================================================
Received Import Request.
  Time since last request: 0.000052 seconds.
  path: Assets/Assets/UI/Violet Theme Ui/Colored Icons/orange.png
  artifactKey: Guid(b26193825d007d7419f7e53259af7102) Importer(815301076,1909f56bfc062723c751e8b465ee728b)
Start importing Assets/Assets/UI/Violet Theme Ui/Colored Icons/orange.png using Guid(b26193825d007d7419f7e53259af7102) Importer(815301076,1909f56bfc062723c751e8b465ee728b) [PhysX] Initialized MultithreadedTaskDispatcher with 12 workers.
[PhysX] Initialized MultithreadedTaskDispatcher with 12 workers.
 -> (artifact id: '43b4fdd2f8258bd7bd0e14a4dd7b63d5') in 0.009280 seconds
Number of updated asset objects reloaded before import = 0
Number of asset objects unloaded after import = 3
========================================================================
Received Import Request.
  Time since last request: 0.000018 seconds.
  path: Assets/Assets/UI/UI Elements/White/2x/north-west arrow.png
  artifactKey: Guid(4a689ccf98ca4004ca5ea5857a3ee932) Importer(815301076,1909f56bfc062723c751e8b465ee728b)
Start importing Assets/Assets/UI/UI Elements/White/2x/north-west arrow.png using Guid(4a689ccf98ca4004ca5ea5857a3ee932) Importer(815301076,1909f56bfc062723c751e8b465ee728b) [PhysX] Initialized MultithreadedTaskDispatcher with 12 workers.
[PhysX] Initialized MultithreadedTaskDispatcher with 12 workers.
 -> (artifact id: '28553a922329838940524220ca2c583c') in 0.008592 seconds
Number of updated asset objects reloaded before import = 0
Number of asset objects unloaded after import = 3
========================================================================
Received Import Request.
  Time since last request: 0.000143 seconds.
  path: Assets/Assets/UI/UI Elements/White/1x/north-east arrow.png
  artifactKey: Guid(c093ba7d3e53324499e637b60c654ff5) Importer(815301076,1909f56bfc062723c751e8b465ee728b)
Start importing Assets/Assets/UI/UI Elements/White/1x/north-east arrow.png using Guid(c093ba7d3e53324499e637b60c654ff5) Importer(815301076,1909f56bfc062723c751e8b465ee728b) [PhysX] Initialized MultithreadedTaskDispatcher with 12 workers.
[PhysX] Initialized MultithreadedTaskDispatcher with 12 workers.
 -> (artifact id: '1694bfc6d27a3bcb3918a8e117030351') in 0.007394 seconds
Number of updated asset objects reloaded before import = 0
Number of asset objects unloaded after import = 3
========================================================================
Received Import Request.
  Time since last request: 0.470972 seconds.
  path: Assets/Assets/UI/UI Elements/Black/1x/pause.png
  artifactKey: Guid(4c231b5e34dcacd4680d70df86c53750) Importer(815301076,1909f56bfc062723c751e8b465ee728b)
Start importing Assets/Assets/UI/UI Elements/Black/1x/pause.png using Guid(4c231b5e34dcacd4680d70df86c53750) Importer(815301076,1909f56bfc062723c751e8b465ee728b) [PhysX] Initialized MultithreadedTaskDispatcher with 12 workers.
[PhysX] Initialized MultithreadedTaskDispatcher with 12 workers.
 -> (artifact id: '084f64a590c1196fc9cebb0f58e43729') in 0.008799 seconds
Number of updated asset objects reloaded before import = 0
Number of asset objects unloaded after import = 3
========================================================================
Received Import Request.
  Time since last request: 0.000084 seconds.
  path: Assets/Assets/UI/Violet Theme Ui/Colored Icons/Pencil.png
  artifactKey: Guid(f14422fe0972f6742b86a49a59c03d34) Importer(815301076,1909f56bfc062723c751e8b465ee728b)
Start importing Assets/Assets/UI/Violet Theme Ui/Colored Icons/Pencil.png using Guid(f14422fe0972f6742b86a49a59c03d34) Importer(815301076,1909f56bfc062723c751e8b465ee728b) [PhysX] Initialized MultithreadedTaskDispatcher with 12 workers.
[PhysX] Initialized MultithreadedTaskDispatcher with 12 workers.
 -> (artifact id: 'afd290fd36cfec4a5ba655ff238205ab') in 0.008239 seconds
Number of updated asset objects reloaded before import = 0
Number of asset objects unloaded after import = 3
========================================================================
Received Import Request.
  Time since last request: 0.000019 seconds.
  path: Assets/Assets/UI/GameInputControllerIconsFree/keyboard-white/pgdn.png
  artifactKey: Guid(16d5e2e188963af44a002b0e726aea28) Importer(815301076,1909f56bfc062723c751e8b465ee728b)
Start importing Assets/Assets/UI/GameInputControllerIconsFree/keyboard-white/pgdn.png using Guid(16d5e2e188963af44a002b0e726aea28) Importer(815301076,1909f56bfc062723c751e8b465ee728b) [PhysX] Initialized MultithreadedTaskDispatcher with 12 workers.
[PhysX] Initialized MultithreadedTaskDispatcher with 12 workers.
 -> (artifact id: '910e3b52cb2915300b576ea0ef25da9e') in 0.007798 seconds
Number of updated asset objects reloaded before import = 0
Number of asset objects unloaded after import = 3
========================================================================
Received Import Request.
  Time since last request: 0.000040 seconds.
  path: Assets/Assets/UI/GameInputControllerIconsFree/keyboard-white/plus.png
  artifactKey: Guid(ab53a4ea4af7c7647becbb8b408d20d4) Importer(815301076,1909f56bfc062723c751e8b465ee728b)
Start importing Assets/Assets/UI/GameInputControllerIconsFree/keyboard-white/plus.png using Guid(ab53a4ea4af7c7647becbb8b408d20d4) Importer(815301076,1909f56bfc062723c751e8b465ee728b) [PhysX] Initialized MultithreadedTaskDispatcher with 12 workers.
[PhysX] Initialized MultithreadedTaskDispatcher with 12 workers.
 -> (artifact id: '8818babf5b935aba929ad12a9a037e08') in 0.008063 seconds
Number of updated asset objects reloaded before import = 0
Number of asset objects unloaded after import = 3
========================================================================
Received Import Request.
  Time since last request: 0.059543 seconds.
  path: Assets/Assets/UI/Dark UI/New Icons/PowerUp1.png
  artifactKey: Guid(ff885d2457ed2194885eb7115ae6f535) Importer(815301076,1909f56bfc062723c751e8b465ee728b)
Start importing Assets/Assets/UI/Dark UI/New Icons/PowerUp1.png using Guid(ff885d2457ed2194885eb7115ae6f535) Importer(815301076,1909f56bfc062723c751e8b465ee728b) [PhysX] Initialized MultithreadedTaskDispatcher with 12 workers.
[PhysX] Initialized MultithreadedTaskDispatcher with 12 workers.
 -> (artifact id: '882228404df3fbe2636df26e5b22b724') in 0.009910 seconds
Number of updated asset objects reloaded before import = 0
Number of asset objects unloaded after import = 3
========================================================================
Received Import Request.
  Time since last request: 0.000014 seconds.
  path: Assets/Assets/UI/Violet Theme Ui/White Icons/PowerUp1.png
  artifactKey: Guid(12c7ee7a153b80e459933263e2a26be6) Importer(815301076,1909f56bfc062723c751e8b465ee728b)
Start importing Assets/Assets/UI/Violet Theme Ui/White Icons/PowerUp1.png using Guid(12c7ee7a153b80e459933263e2a26be6) Importer(815301076,1909f56bfc062723c751e8b465ee728b) [PhysX] Initialized MultithreadedTaskDispatcher with 12 workers.
[PhysX] Initialized MultithreadedTaskDispatcher with 12 workers.
 -> (artifact id: '2126702f7dab93a639210ea1d399c301') in 0.010165 seconds
Number of updated asset objects reloaded before import = 0
Number of asset objects unloaded after import = 3
========================================================================
Received Import Request.
  Time since last request: 0.000039 seconds.
  path: Assets/Assets/UI/Violet Theme Ui/Progress Bars/Progress Bar Background.png
  artifactKey: Guid(3884787ef484b9641b8d705dfa15ea9d) Importer(815301076,1909f56bfc062723c751e8b465ee728b)
Start importing Assets/Assets/UI/Violet Theme Ui/Progress Bars/Progress Bar Background.png using Guid(3884787ef484b9641b8d705dfa15ea9d) Importer(815301076,1909f56bfc062723c751e8b465ee728b) [PhysX] Initialized MultithreadedTaskDispatcher with 12 workers.
[PhysX] Initialized MultithreadedTaskDispatcher with 12 workers.
 -> (artifact id: '0c9456a728fbbd3d6f600483fd3c7888') in 0.013318 seconds
Number of updated asset objects reloaded before import = 0
Number of asset objects unloaded after import = 3
========================================================================
Received Import Request.
  Time since last request: 0.030506 seconds.
  path: Assets/Assets/UI/UI Elements/Extras/ProgressBars/progressBar2.png
  artifactKey: Guid(afce83f863e31494781f3972d2734761) Importer(815301076,1909f56bfc062723c751e8b465ee728b)
Start importing Assets/Assets/UI/UI Elements/Extras/ProgressBars/progressBar2.png using Guid(afce83f863e31494781f3972d2734761) Importer(815301076,1909f56bfc062723c751e8b465ee728b) [PhysX] Initialized MultithreadedTaskDispatcher with 12 workers.
[PhysX] Initialized MultithreadedTaskDispatcher with 12 workers.
 -> (artifact id: '464f32d06c88339ccf67504f4330cf78') in 0.009142 seconds
Number of updated asset objects reloaded before import = 0
Number of asset objects unloaded after import = 3
========================================================================
Received Import Request.
  Time since last request: 0.000090 seconds.
  path: Assets/Assets/UI/GameInputControllerIconsFree/keyboard-white/q.png
  artifactKey: Guid(0753f0df2a054504b872a03f643c5888) Importer(815301076,1909f56bfc062723c751e8b465ee728b)
Start importing Assets/Assets/UI/GameInputControllerIconsFree/keyboard-white/q.png using Guid(0753f0df2a054504b872a03f643c5888) Importer(815301076,1909f56bfc062723c751e8b465ee728b) [PhysX] Initialized MultithreadedTaskDispatcher with 12 workers.
[PhysX] Initialized MultithreadedTaskDispatcher with 12 workers.
 -> (artifact id: '4888ceafd1efb9571277bea8a2ea7818') in 0.008975 seconds
Number of updated asset objects reloaded before import = 0
Number of asset objects unloaded after import = 3
========================================================================
Received Import Request.
  Time since last request: 0.000016 seconds.
  path: Assets/Assets/UI/GameInputControllerIconsFree/keyboard-white/quote.png
  artifactKey: Guid(5af982f67b58dd549b0330d43fb66d01) Importer(815301076,1909f56bfc062723c751e8b465ee728b)
Start importing Assets/Assets/UI/GameInputControllerIconsFree/keyboard-white/quote.png using Guid(5af982f67b58dd549b0330d43fb66d01) Importer(815301076,1909f56bfc062723c751e8b465ee728b) [PhysX] Initialized MultithreadedTaskDispatcher with 12 workers.
[PhysX] Initialized MultithreadedTaskDispatcher with 12 workers.
 -> (artifact id: '3b413221b81d63a922f6c0f6978c1fce') in 0.009357 seconds
Number of updated asset objects reloaded before import = 0
Number of asset objects unloaded after import = 3
========================================================================
Received Import Request.
  Time since last request: 0.000050 seconds.
  path: Assets/Assets/UI/UI Elements/Extras/ProgressBars/progressBar3.png
  artifactKey: Guid(0971759ab6cda414ebcb0c23b78883ed) Importer(815301076,1909f56bfc062723c751e8b465ee728b)
Start importing Assets/Assets/UI/UI Elements/Extras/ProgressBars/progressBar3.png using Guid(0971759ab6cda414ebcb0c23b78883ed) Importer(815301076,1909f56bfc062723c751e8b465ee728b) [PhysX] Initialized MultithreadedTaskDispatcher with 12 workers.
[PhysX] Initialized MultithreadedTaskDispatcher with 12 workers.
 -> (artifact id: '60b21411558fb79325f607b7c3836ba6') in 0.009355 seconds
Number of updated asset objects reloaded before import = 0
Number of asset objects unloaded after import = 3
========================================================================
Received Import Request.
  Time since last request: 0.020639 seconds.
  path: Assets/Assets/UI/UI Elements/Extras/Rects/rectRy8.png
  artifactKey: Guid(07d91d9460b9e0c47b239fe98e5e0395) Importer(815301076,1909f56bfc062723c751e8b465ee728b)
Start importing Assets/Assets/UI/UI Elements/Extras/Rects/rectRy8.png using Guid(07d91d9460b9e0c47b239fe98e5e0395) Importer(815301076,1909f56bfc062723c751e8b465ee728b) [PhysX] Initialized MultithreadedTaskDispatcher with 12 workers.
[PhysX] Initialized MultithreadedTaskDispatcher with 12 workers.
 -> (artifact id: 'a2528f6d0bfe6012ed636e6e909896ea') in 0.007087 seconds
Number of updated asset objects reloaded before import = 0
Number of asset objects unloaded after import = 3
========================================================================
Received Import Request.
  Time since last request: 0.000225 seconds.
  path: Assets/Assets/UI/UI pack/Button/Red gradient.png
  artifactKey: Guid(28c51f93b6260224c867f45f411a0e85) Importer(815301076,1909f56bfc062723c751e8b465ee728b)
Start importing Assets/Assets/UI/UI pack/Button/Red gradient.png using Guid(28c51f93b6260224c867f45f411a0e85) Importer(815301076,1909f56bfc062723c751e8b465ee728b) [PhysX] Initialized MultithreadedTaskDispatcher with 12 workers.
[PhysX] Initialized MultithreadedTaskDispatcher with 12 workers.
 -> (artifact id: '50f126d3b23bd304e7244d7f2a385efa') in 0.011396 seconds
Number of updated asset objects reloaded before import = 0
Number of asset objects unloaded after import = 3
========================================================================
Received Import Request.
  Time since last request: 0.000020 seconds.
  path: Assets/Assets/UI/UI Elements/White/2x/right.png
  artifactKey: Guid(184a260157178b2468cd651a8efbc251) Importer(815301076,1909f56bfc062723c751e8b465ee728b)
Start importing Assets/Assets/UI/UI Elements/White/2x/right.png using Guid(184a260157178b2468cd651a8efbc251) Importer(815301076,1909f56bfc062723c751e8b465ee728b) [PhysX] Initialized MultithreadedTaskDispatcher with 12 workers.
[PhysX] Initialized MultithreadedTaskDispatcher with 12 workers.
 -> (artifact id: '3deec35f16989bd9e7995ae631d53f2a') in 0.006745 seconds
Number of updated asset objects reloaded before import = 0
Number of asset objects unloaded after import = 3
========================================================================
Received Import Request.
  Time since last request: 0.000054 seconds.
  path: Assets/Assets/UI/UI Elements/Black/1x/right.png
  artifactKey: Guid(e97298110256f8241be14ebe2c94e599) Importer(815301076,1909f56bfc062723c751e8b465ee728b)
Start importing Assets/Assets/UI/UI Elements/Black/1x/right.png using Guid(e97298110256f8241be14ebe2c94e599) Importer(815301076,1909f56bfc062723c751e8b465ee728b) [PhysX] Initialized MultithreadedTaskDispatcher with 12 workers.
[PhysX] Initialized MultithreadedTaskDispatcher with 12 workers.
 -> (artifact id: 'c158a19b18573c52fbb9806402f3cb8b') in 0.008339 seconds
Number of updated asset objects reloaded before import = 0
Number of asset objects unloaded after import = 3
========================================================================
Received Import Request.
  Time since last request: 0.110164 seconds.
  path: Assets/Assets/UI/UI Elements/White/1x/right arrow.png
  artifactKey: Guid(fe6e0fd0ac93828439541c5caafa41b5) Importer(815301076,1909f56bfc062723c751e8b465ee728b)
Start importing Assets/Assets/UI/UI Elements/White/1x/right arrow.png using Guid(fe6e0fd0ac93828439541c5caafa41b5) Importer(815301076,1909f56bfc062723c751e8b465ee728b) [PhysX] Initialized MultithreadedTaskDispatcher with 12 workers.
[PhysX] Initialized MultithreadedTaskDispatcher with 12 workers.
 -> (artifact id: 'e3d39f7713033639bb36b33d4e7d7c0b') in 0.008675 seconds
Number of updated asset objects reloaded before import = 0
Number of asset objects unloaded after import = 3
========================================================================
Received Import Request.
  Time since last request: 0.000113 seconds.
  path: Assets/Assets/UI/UI Elements/Extras/Rects/roundRect.png
  artifactKey: Guid(a74dacc9bfcf47749a8630eac3456429) Importer(815301076,1909f56bfc062723c751e8b465ee728b)
Start importing Assets/Assets/UI/UI Elements/Extras/Rects/roundRect.png using Guid(a74dacc9bfcf47749a8630eac3456429) Importer(815301076,1909f56bfc062723c751e8b465ee728b) [PhysX] Initialized MultithreadedTaskDispatcher with 12 workers.
[PhysX] Initialized MultithreadedTaskDispatcher with 12 workers.
 -> (artifact id: '6ccb60382e83c5463c41bf62325936c3') in 0.008199 seconds
Number of updated asset objects reloaded before import = 0
Number of asset objects unloaded after import = 3
========================================================================
Received Import Request.
  Time since last request: 0.000113 seconds.
  path: Assets/Assets/UI/UI Elements/Black/2x/right exit.png
  artifactKey: Guid(26c4457c82d192548bd5eb51562dfcbd) Importer(815301076,1909f56bfc062723c751e8b465ee728b)
Start importing Assets/Assets/UI/UI Elements/Black/2x/right exit.png using Guid(26c4457c82d192548bd5eb51562dfcbd) Importer(815301076,1909f56bfc062723c751e8b465ee728b) [PhysX] Initialized MultithreadedTaskDispatcher with 12 workers.
[PhysX] Initialized MultithreadedTaskDispatcher with 12 workers.
 -> (artifact id: '281e721c8e77e60b45a7b439e576cd62') in 0.008656 seconds
Number of updated asset objects reloaded before import = 0
Number of asset objects unloaded after import = 3
========================================================================
Received Import Request.
  Time since last request: 0.000014 seconds.
  path: Assets/Assets/UI/UI Elements/Extras/Rects/roundRect2px.png
  artifactKey: Guid(9a9f6b9d76e06054e8dd89bf95d08a0e) Importer(815301076,1909f56bfc062723c751e8b465ee728b)
Start importing Assets/Assets/UI/UI Elements/Extras/Rects/roundRect2px.png using Guid(9a9f6b9d76e06054e8dd89bf95d08a0e) Importer(815301076,1909f56bfc062723c751e8b465ee728b) [PhysX] Initialized MultithreadedTaskDispatcher with 12 workers.
[PhysX] Initialized MultithreadedTaskDispatcher with 12 workers.
 -> (artifact id: 'f946791fe5608e4c21f5c3779c3ef585') in 0.007439 seconds
Number of updated asset objects reloaded before import = 0
Number of asset objects unloaded after import = 3
========================================================================
Received Import Request.
  Time since last request: 0.257399 seconds.
  path: Assets/Assets/UI/GameInputControllerIconsFree/keyboard-white/semi-colon.png
  artifactKey: Guid(25b1e2767e40cdf4db7af5adcc3fa51c) Importer(815301076,1909f56bfc062723c751e8b465ee728b)
Start importing Assets/Assets/UI/GameInputControllerIconsFree/keyboard-white/semi-colon.png using Guid(25b1e2767e40cdf4db7af5adcc3fa51c) Importer(815301076,1909f56bfc062723c751e8b465ee728b) [PhysX] Initialized MultithreadedTaskDispatcher with 12 workers.
[PhysX] Initialized MultithreadedTaskDispatcher with 12 workers.
 -> (artifact id: '880dfc074f8c9a2aa36cb96fa90ba11e') in 0.012385 seconds
Number of updated asset objects reloaded before import = 0
Number of asset objects unloaded after import = 3
========================================================================
Received Import Request.
  Time since last request: 0.000049 seconds.
  path: Assets/Assets/UI/UI Elements/White/2x/settings.png
  artifactKey: Guid(90f67b789c9f7b44eac70357e4a0d534) Importer(815301076,1909f56bfc062723c751e8b465ee728b)
Start importing Assets/Assets/UI/UI Elements/White/2x/settings.png using Guid(90f67b789c9f7b44eac70357e4a0d534) Importer(815301076,1909f56bfc062723c751e8b465ee728b) [PhysX] Initialized MultithreadedTaskDispatcher with 12 workers.
[PhysX] Initialized MultithreadedTaskDispatcher with 12 workers.
 -> (artifact id: 'b4a573e47d4c29a5ca202c68ca152820') in 0.006911 seconds
Number of updated asset objects reloaded before import = 0
Number of asset objects unloaded after import = 3
========================================================================
Received Import Request.
  Time since last request: 0.000075 seconds.
  path: Assets/Assets/UI/UI Elements/White/1x/share.png
  artifactKey: Guid(79203e86ffda6904cb5ed1ea84b589b0) Importer(815301076,1909f56bfc062723c751e8b465ee728b)
Start importing Assets/Assets/UI/UI Elements/White/1x/share.png using Guid(79203e86ffda6904cb5ed1ea84b589b0) Importer(815301076,1909f56bfc062723c751e8b465ee728b) [PhysX] Initialized MultithreadedTaskDispatcher with 12 workers.
[PhysX] Initialized MultithreadedTaskDispatcher with 12 workers.
 -> (artifact id: 'e8e23b73f2890a33eb6cfacc44ecf412') in 0.006504 seconds
Number of updated asset objects reloaded before import = 0
Number of asset objects unloaded after import = 3
========================================================================
Received Import Request.
  Time since last request: 0.000111 seconds.
  path: Assets/Assets/UI/UI Elements/Black/2x/settings.png
  artifactKey: Guid(f28e91e85de485944898befb512f19cd) Importer(815301076,1909f56bfc062723c751e8b465ee728b)
Start importing Assets/Assets/UI/UI Elements/Black/2x/settings.png using Guid(f28e91e85de485944898befb512f19cd) Importer(815301076,1909f56bfc062723c751e8b465ee728b) [PhysX] Initialized MultithreadedTaskDispatcher with 12 workers.
[PhysX] Initialized MultithreadedTaskDispatcher with 12 workers.
 -> (artifact id: 'd7d7214aafc7ef88bc83e7ac6118c182') in 0.007308 seconds
Number of updated asset objects reloaded before import = 0
Number of asset objects unloaded after import = 3
========================================================================
Received Import Request.
  Time since last request: 23.393962 seconds.
  path: Assets/Assets/UI/Violet Theme Ui/Buttons/Misc/Small Square Button Blue.png
  artifactKey: Guid(b35fcaa46fa9f3e49b71c103f69df698) Importer(815301076,1909f56bfc062723c751e8b465ee728b)
Start importing Assets/Assets/UI/Violet Theme Ui/Buttons/Misc/Small Square Button Blue.png using Guid(b35fcaa46fa9f3e49b71c103f69df698) Importer(815301076,1909f56bfc062723c751e8b465ee728b) [PhysX] Initialized MultithreadedTaskDispatcher with 12 workers.
[PhysX] Initialized MultithreadedTaskDispatcher with 12 workers.
 -> (artifact id: '37adec0eb9235010a66015e145fef11b') in 0.014326 seconds
Number of updated asset objects reloaded before import = 0
Number of asset objects unloaded after import = 3
========================================================================
Received Import Request.
  Time since last request: 0.000061 seconds.
  path: Assets/Assets/UI/Violet Theme Ui/Buttons/Misc/Small Square Button Yellow.png
  artifactKey: Guid(a92c5df7eef6ddc4ba91ad5dd2892af9) Importer(815301076,1909f56bfc062723c751e8b465ee728b)
Start importing Assets/Assets/UI/Violet Theme Ui/Buttons/Misc/Small Square Button Yellow.png using Guid(a92c5df7eef6ddc4ba91ad5dd2892af9) Importer(815301076,1909f56bfc062723c751e8b465ee728b) [PhysX] Initialized MultithreadedTaskDispatcher with 12 workers.
[PhysX] Initialized MultithreadedTaskDispatcher with 12 workers.
 -> (artifact id: '00d3a77fadb6e5668115d7829b740298') in 0.007696 seconds
Number of updated asset objects reloaded before import = 0
Number of asset objects unloaded after import = 3
========================================================================
Received Import Request.
  Time since last request: 0.000084 seconds.
  path: Assets/Assets/UI/Violet Theme Ui/Buttons/Misc/Small Square Button Green.png
  artifactKey: Guid(be120bf969ae2c84fa997ecca6dd28e6) Importer(815301076,1909f56bfc062723c751e8b465ee728b)
Start importing Assets/Assets/UI/Violet Theme Ui/Buttons/Misc/Small Square Button Green.png using Guid(be120bf969ae2c84fa997ecca6dd28e6) Importer(815301076,1909f56bfc062723c751e8b465ee728b) [PhysX] Initialized MultithreadedTaskDispatcher with 12 workers.
[PhysX] Initialized MultithreadedTaskDispatcher with 12 workers.
 -> (artifact id: 'dec0b624e4b01a2c771d8b463244c968') in 0.009571 seconds
Number of updated asset objects reloaded before import = 0
Number of asset objects unloaded after import = 3
========================================================================
Received Import Request.
  Time since last request: 0.000136 seconds.
  path: Assets/Assets/UI/Violet Theme Ui/Buttons/Misc/Small Square Button Pink.png
  artifactKey: Guid(7c8ff58917aad254bbee16daeba7b32b) Importer(815301076,1909f56bfc062723c751e8b465ee728b)
Start importing Assets/Assets/UI/Violet Theme Ui/Buttons/Misc/Small Square Button Pink.png using Guid(7c8ff58917aad254bbee16daeba7b32b) Importer(815301076,1909f56bfc062723c751e8b465ee728b) [PhysX] Initialized MultithreadedTaskDispatcher with 12 workers.
[PhysX] Initialized MultithreadedTaskDispatcher with 12 workers.
 -> (artifact id: 'f84290e7295457500def9d7c19e389c8') in 0.010593 seconds
Number of updated asset objects reloaded before import = 0
Number of asset objects unloaded after import = 3
========================================================================
Received Import Request.
  Time since last request: 0.000019 seconds.
  path: Assets/Assets/UI/Violet Theme Ui/Colored Icons/Store 2.png
  artifactKey: Guid(c1db3d1c6576a28499770b3b9fc946e3) Importer(815301076,1909f56bfc062723c751e8b465ee728b)
Start importing Assets/Assets/UI/Violet Theme Ui/Colored Icons/Store 2.png using Guid(c1db3d1c6576a28499770b3b9fc946e3) Importer(815301076,1909f56bfc062723c751e8b465ee728b) [PhysX] Initialized MultithreadedTaskDispatcher with 12 workers.
[PhysX] Initialized MultithreadedTaskDispatcher with 12 workers.
 -> (artifact id: '7598cede85aa42335745c52187ffdc95') in 0.013366 seconds
Number of updated asset objects reloaded before import = 0
Number of asset objects unloaded after import = 3
========================================================================
Received Import Request.
  Time since last request: 0.000066 seconds.
  path: Assets/Assets/UI/Violet Theme Ui/Toggles/Toggle Fill Red.png
  artifactKey: Guid(02af5e18a2327994c985f34a6152592a) Importer(815301076,1909f56bfc062723c751e8b465ee728b)
Start importing Assets/Assets/UI/Violet Theme Ui/Toggles/Toggle Fill Red.png using Guid(02af5e18a2327994c985f34a6152592a) Importer(815301076,1909f56bfc062723c751e8b465ee728b) [PhysX] Initialized MultithreadedTaskDispatcher with 12 workers.
[PhysX] Initialized MultithreadedTaskDispatcher with 12 workers.
 -> (artifact id: 'c36f9cbdb5590d14622c5f3ebc3fbc7f') in 0.008622 seconds
Number of updated asset objects reloaded before import = 0
Number of asset objects unloaded after import = 3
========================================================================
Received Prepare
Begin MonoManager ReloadAssembly
- Loaded All Assemblies, in  0.479 seconds
Refreshing native plugins compatible for Editor in 1.41 ms, found 0 plugins.
Native extension for LinuxStandalone target not found
Native extension for WindowsStandalone target not found
Native extension for Android target not found
Mono: successfully reloaded assembly
- Finished resetting the current domain, in  0.957 seconds
Domain Reload Profiling: 1435ms
	BeginReloadAssembly (169ms)
		ExecutionOrderSort (0ms)
		DisableScriptedObjects (10ms)
		BackupInstance (0ms)
		ReleaseScriptingObjects (0ms)
		CreateAndSetChildDomain (56ms)
	RebuildCommonClasses (53ms)
	RebuildNativeTypeToScriptingClass (16ms)
	initialDomainReloadingComplete (38ms)
	LoadAllAssembliesAndSetupDomain (201ms)
		LoadAssemblies (238ms)
		RebuildTransferFunctionScriptingTraits (0ms)
		AnalyzeDomain (25ms)
			TypeCache.Refresh (9ms)
				TypeCache.ScanAssembly (1ms)
			ScanForSourceGeneratedMonoScriptInfo (8ms)
			ResolveRequiredComponents (6ms)
	FinalizeReload (957ms)
		ReleaseScriptCaches (0ms)
		RebuildScriptCaches (0ms)
		SetupLoadedEditorAssemblies (561ms)
			LogAssemblyErrors (0ms)
			InitializePlatformSupportModulesInManaged (66ms)
			SetLoadedEditorAssemblies (5ms)
			RefreshPlugins (0ms)
			BeforeProcessingInitializeOnLoad (81ms)
			ProcessInitializeOnLoadAttributes (369ms)
			ProcessInitializeOnLoadMethodAttributes (35ms)
			AfterProcessingInitializeOnLoad (6ms)
			EditorAssembliesLoaded (0ms)
		ExecutionOrderSort2 (0ms)
		AwakeInstancesAfterBackupRestoration (5ms)
Refreshing native plugins compatible for Editor in 1.26 ms, found 0 plugins.
Preloading 0 native plugins for Editor in 0.00 ms.
Unloading 3327 Unused Serialized files (Serialized files now loaded: 0)
Unloading 25 unused Assets / (31.7 KB). Loaded Objects now: 3958.
Memory consumption went from 139.6 MB to 139.6 MB.
Total: 5.256149 ms (FindLiveObjects: 0.288411 ms CreateObjectMapping: 0.081262 ms MarkObjects: 4.809341 ms  DeleteObjects: 0.075241 ms)

Prepare: number of updated asset objects reloaded= 0
AssetImportParameters requested are different than current active one (requested -> active):
  custom:scripting/monoscript/fileName/Villages.cs: 903959f0278d4e09fe1b2e68b7130f2f -> 
  custom:container-demuxer-ogg: 62fdf1f143b41e24485cea50d1cbac27 -> 
  custom:video-decoder-ogg-theora: a1e56fd34408186e4bbccfd4996cb3dc -> 
  custom:scripting/monoscript/fileName/UI_Menu.cs: 160a9a51a535726679662e384997d911 -> a7bb2d064353dff6022472b5c4a31dc8
  custom:scripting/monoscript/fileName/UI_Build.cs: df5849aa48a9761af37f9ca92f832a73 -> 
  custom:CustomObjectIndexerAttribute: 232f87dd983dbecb2a4e21e08eb2cef8 -> 
  custom:scripting/monoscript/fileName/UI_BuildStorage.cs: 29020c7cc99c4d3665d82a408f9f5de5 -> 3e136d1ccaf1b63518e01b95a7c0fd54
  custom:container-demuxer-webm: 4f35f7cbe854078d1ac9338744f61a02 -> 
  custom:container-muxer-webm: aa71ff27fc2769a1b78a27578f13a17b -> 
  custom:video-decoder-webm-vp8: 9c59270c3fd7afecdb556c50c9e8de78 -> 
  custom:SearchIndexIgnoredProperties: e643bd26f0fe6173181afceb89e7c659 -> 
  custom:AudioImporter_EditorPlatform: 2f0ff77a95e0ac474e3e8eeba4e2f7cb -> 
  custom:scripting/monoscript/fileName/UI_BuildProduction.cs: 965a3ae5a7d8d7fcd7aa789c2e0ec127 -> b7dbd7204e151708a5d991f30fe86887
  custom:video-encoder-webm-vp8: eb34c28f22e8b96e1ab97ce403110664 -> 
  custom:audio-decoder-ogg-vorbis: bf7c407c2cedff20999df2af8eb42d56 -> 
  custom:audio-encoder-webm-vorbis: bf7c407c2cedff20999df2af8eb42d56 -> 
========================================================================
Received Prepare
Begin MonoManager ReloadAssembly
- Loaded All Assemblies, in  0.437 seconds
Refreshing native plugins compatible for Editor in 1.38 ms, found 0 plugins.
Native extension for LinuxStandalone target not found
Native extension for WindowsStandalone target not found
Native extension for Android target not found
Mono: successfully reloaded assembly
- Finished resetting the current domain, in  0.996 seconds
Domain Reload Profiling: 1432ms
	BeginReloadAssembly (140ms)
		ExecutionOrderSort (0ms)
		DisableScriptedObjects (8ms)
		BackupInstance (0ms)
		ReleaseScriptingObjects (0ms)
		CreateAndSetChildDomain (39ms)
	RebuildCommonClasses (42ms)
	RebuildNativeTypeToScriptingClass (10ms)
	initialDomainReloadingComplete (33ms)
	LoadAllAssembliesAndSetupDomain (212ms)
		LoadAssemblies (242ms)
		RebuildTransferFunctionScriptingTraits (0ms)
		AnalyzeDomain (27ms)
			TypeCache.Refresh (10ms)
				TypeCache.ScanAssembly (1ms)
			ScanForSourceGeneratedMonoScriptInfo (9ms)
			ResolveRequiredComponents (7ms)
	FinalizeReload (997ms)
		ReleaseScriptCaches (0ms)
		RebuildScriptCaches (0ms)
		SetupLoadedEditorAssemblies (595ms)
			LogAssemblyErrors (0ms)
			InitializePlatformSupportModulesInManaged (70ms)
			SetLoadedEditorAssemblies (5ms)
			RefreshPlugins (0ms)
			BeforeProcessingInitializeOnLoad (83ms)
			ProcessInitializeOnLoadAttributes (396ms)
			ProcessInitializeOnLoadMethodAttributes (33ms)
			AfterProcessingInitializeOnLoad (7ms)
			EditorAssembliesLoaded (0ms)
		ExecutionOrderSort2 (0ms)
		AwakeInstancesAfterBackupRestoration (5ms)
Refreshing native plugins compatible for Editor in 1.48 ms, found 0 plugins.
Preloading 0 native plugins for Editor in 0.00 ms.
Unloading 3328 Unused Serialized files (Serialized files now loaded: 0)
Unloading 25 unused Assets / (31.6 KB). Loaded Objects now: 3961.
Memory consumption went from 139.9 MB to 139.9 MB.
Total: 4.624134 ms (FindLiveObjects: 0.302889 ms CreateObjectMapping: 0.079759 ms MarkObjects: 4.145446 ms  DeleteObjects: 0.094146 ms)

Prepare: number of updated asset objects reloaded= 0
AssetImportParameters requested are different than current active one (requested -> active):
  custom:scripting/monoscript/fileName/Villages.cs: 903959f0278d4e09fe1b2e68b7130f2f -> 
  custom:container-demuxer-ogg: 62fdf1f143b41e24485cea50d1cbac27 -> 
  custom:video-decoder-ogg-theora: a1e56fd34408186e4bbccfd4996cb3dc -> 
  custom:scripting/monoscript/fileName/UI_Menu.cs: 160a9a51a535726679662e384997d911 -> a7bb2d064353dff6022472b5c4a31dc8
  custom:scripting/monoscript/fileName/UI_Build.cs: df5849aa48a9761af37f9ca92f832a73 -> 
  custom:CustomObjectIndexerAttribute: 232f87dd983dbecb2a4e21e08eb2cef8 -> 
  custom:scripting/monoscript/fileName/UI_BuildStorage.cs: 29020c7cc99c4d3665d82a408f9f5de5 -> 3e136d1ccaf1b63518e01b95a7c0fd54
  custom:container-demuxer-webm: 4f35f7cbe854078d1ac9338744f61a02 -> 
  custom:container-muxer-webm: aa71ff27fc2769a1b78a27578f13a17b -> 
  custom:video-decoder-webm-vp8: 9c59270c3fd7afecdb556c50c9e8de78 -> 
  custom:SearchIndexIgnoredProperties: e643bd26f0fe6173181afceb89e7c659 -> 
  custom:AudioImporter_EditorPlatform: 2f0ff77a95e0ac474e3e8eeba4e2f7cb -> 
  custom:scripting/monoscript/fileName/UI_BuildProduction.cs: 965a3ae5a7d8d7fcd7aa789c2e0ec127 -> b7dbd7204e151708a5d991f30fe86887
  custom:video-encoder-webm-vp8: eb34c28f22e8b96e1ab97ce403110664 -> 
  custom:audio-decoder-ogg-vorbis: bf7c407c2cedff20999df2af8eb42d56 -> 
  custom:audio-encoder-webm-vorbis: bf7c407c2cedff20999df2af8eb42d56 -> 
========================================================================
Received Prepare
Begin MonoManager ReloadAssembly
- Loaded All Assemblies, in  0.509 seconds
Refreshing native plugins compatible for Editor in 1.65 ms, found 0 plugins.
Native extension for LinuxStandalone target not found
Native extension for WindowsStandalone target not found
Native extension for Android target not found
Mono: successfully reloaded assembly
- Finished resetting the current domain, in  1.300 seconds
Domain Reload Profiling: 1808ms
	BeginReloadAssembly (155ms)
		ExecutionOrderSort (0ms)
		DisableScriptedObjects (8ms)
		BackupInstance (0ms)
		ReleaseScriptingObjects (0ms)
		CreateAndSetChildDomain (41ms)
	RebuildCommonClasses (44ms)
	RebuildNativeTypeToScriptingClass (12ms)
	initialDomainReloadingComplete (32ms)
	LoadAllAssembliesAndSetupDomain (265ms)
		LoadAssemblies (311ms)
		RebuildTransferFunctionScriptingTraits (0ms)
		AnalyzeDomain (27ms)
			TypeCache.Refresh (10ms)
				TypeCache.ScanAssembly (2ms)
			ScanForSourceGeneratedMonoScriptInfo (8ms)
			ResolveRequiredComponents (7ms)
	FinalizeReload (1301ms)
		ReleaseScriptCaches (0ms)
		RebuildScriptCaches (0ms)
		SetupLoadedEditorAssemblies (595ms)
			LogAssemblyErrors (0ms)
			InitializePlatformSupportModulesInManaged (77ms)
			SetLoadedEditorAssemblies (6ms)
			RefreshPlugins (0ms)
			BeforeProcessingInitializeOnLoad (81ms)
			ProcessInitializeOnLoadAttributes (390ms)
			ProcessInitializeOnLoadMethodAttributes (32ms)
			AfterProcessingInitializeOnLoad (9ms)
			EditorAssembliesLoaded (0ms)
		ExecutionOrderSort2 (0ms)
		AwakeInstancesAfterBackupRestoration (7ms)
Refreshing native plugins compatible for Editor in 1.51 ms, found 0 plugins.
Preloading 0 native plugins for Editor in 0.00 ms.
Unloading 3328 Unused Serialized files (Serialized files now loaded: 0)
Unloading 25 unused Assets / (31.6 KB). Loaded Objects now: 3964.
Memory consumption went from 139.9 MB to 139.9 MB.
Total: 5.344414 ms (FindLiveObjects: 0.269295 ms CreateObjectMapping: 0.081853 ms MarkObjects: 4.852923 ms  DeleteObjects: 0.138500 ms)

Prepare: number of updated asset objects reloaded= 0
AssetImportParameters requested are different than current active one (requested -> active):
  custom:scripting/monoscript/fileName/Villages.cs: 903959f0278d4e09fe1b2e68b7130f2f -> 
  custom:container-demuxer-ogg: 62fdf1f143b41e24485cea50d1cbac27 -> 
  custom:video-decoder-ogg-theora: a1e56fd34408186e4bbccfd4996cb3dc -> 
  custom:scripting/monoscript/fileName/UI_Menu.cs: 160a9a51a535726679662e384997d911 -> a7bb2d064353dff6022472b5c4a31dc8
  custom:scripting/monoscript/fileName/UI_Build.cs: df5849aa48a9761af37f9ca92f832a73 -> 
  custom:CustomObjectIndexerAttribute: 232f87dd983dbecb2a4e21e08eb2cef8 -> 
  custom:scripting/monoscript/fileName/UI_BuildStorage.cs: 29020c7cc99c4d3665d82a408f9f5de5 -> 3e136d1ccaf1b63518e01b95a7c0fd54
  custom:container-demuxer-webm: 4f35f7cbe854078d1ac9338744f61a02 -> 
  custom:container-muxer-webm: aa71ff27fc2769a1b78a27578f13a17b -> 
  custom:video-decoder-webm-vp8: 9c59270c3fd7afecdb556c50c9e8de78 -> 
  custom:SearchIndexIgnoredProperties: e643bd26f0fe6173181afceb89e7c659 -> 
  custom:AudioImporter_EditorPlatform: 2f0ff77a95e0ac474e3e8eeba4e2f7cb -> 
  custom:scripting/monoscript/fileName/UI_BuildProduction.cs: 965a3ae5a7d8d7fcd7aa789c2e0ec127 -> b7dbd7204e151708a5d991f30fe86887
  custom:video-encoder-webm-vp8: eb34c28f22e8b96e1ab97ce403110664 -> 
  custom:audio-decoder-ogg-vorbis: bf7c407c2cedff20999df2af8eb42d56 -> 
  custom:audio-encoder-webm-vorbis: bf7c407c2cedff20999df2af8eb42d56 -> 
========================================================================
Received Prepare
Begin MonoManager ReloadAssembly
- Loaded All Assemblies, in  0.459 seconds
Refreshing native plugins compatible for Editor in 1.44 ms, found 0 plugins.
Native extension for LinuxStandalone target not found
Native extension for WindowsStandalone target not found
Native extension for Android target not found
Mono: successfully reloaded assembly
- Finished resetting the current domain, in  1.061 seconds
Domain Reload Profiling: 1519ms
	BeginReloadAssembly (158ms)
		ExecutionOrderSort (0ms)
		DisableScriptedObjects (9ms)
		BackupInstance (0ms)
		ReleaseScriptingObjects (0ms)
		CreateAndSetChildDomain (46ms)
	RebuildCommonClasses (45ms)
	RebuildNativeTypeToScriptingClass (12ms)
	initialDomainReloadingComplete (35ms)
	LoadAllAssembliesAndSetupDomain (208ms)
		LoadAssemblies (257ms)
		RebuildTransferFunctionScriptingTraits (0ms)
		AnalyzeDomain (15ms)
			TypeCache.Refresh (6ms)
				TypeCache.ScanAssembly (0ms)
			ScanForSourceGeneratedMonoScriptInfo (0ms)
			ResolveRequiredComponents (8ms)
	FinalizeReload (1062ms)
		ReleaseScriptCaches (0ms)
		RebuildScriptCaches (0ms)
		SetupLoadedEditorAssemblies (630ms)
			LogAssemblyErrors (0ms)
			InitializePlatformSupportModulesInManaged (91ms)
			SetLoadedEditorAssemblies (7ms)
			RefreshPlugins (0ms)
			BeforeProcessingInitializeOnLoad (80ms)
			ProcessInitializeOnLoadAttributes (407ms)
			ProcessInitializeOnLoadMethodAttributes (38ms)
			AfterProcessingInitializeOnLoad (8ms)
			EditorAssembliesLoaded (0ms)
		ExecutionOrderSort2 (0ms)
		AwakeInstancesAfterBackupRestoration (6ms)
Refreshing native plugins compatible for Editor in 1.41 ms, found 0 plugins.
Preloading 0 native plugins for Editor in 0.00 ms.
Unloading 3328 Unused Serialized files (Serialized files now loaded: 0)
Unloading 25 unused Assets / (31.6 KB). Loaded Objects now: 3967.
Memory consumption went from 139.9 MB to 139.9 MB.
Total: 4.520819 ms (FindLiveObjects: 0.259958 ms CreateObjectMapping: 0.079489 ms MarkObjects: 4.109117 ms  DeleteObjects: 0.070793 ms)

Prepare: number of updated asset objects reloaded= 0
AssetImportParameters requested are different than current active one (requested -> active):
  custom:scripting/monoscript/fileName/Villages.cs: 903959f0278d4e09fe1b2e68b7130f2f -> 
  custom:container-demuxer-ogg: 62fdf1f143b41e24485cea50d1cbac27 -> 
  custom:video-decoder-ogg-theora: a1e56fd34408186e4bbccfd4996cb3dc -> 
  custom:scripting/monoscript/fileName/UI_Menu.cs: 160a9a51a535726679662e384997d911 -> a7bb2d064353dff6022472b5c4a31dc8
  custom:scripting/monoscript/fileName/UI_Build.cs: df5849aa48a9761af37f9ca92f832a73 -> 
  custom:CustomObjectIndexerAttribute: 232f87dd983dbecb2a4e21e08eb2cef8 -> 
  custom:scripting/monoscript/fileName/UI_BuildStorage.cs: 29020c7cc99c4d3665d82a408f9f5de5 -> 3e136d1ccaf1b63518e01b95a7c0fd54
  custom:container-demuxer-webm: 4f35f7cbe854078d1ac9338744f61a02 -> 
  custom:container-muxer-webm: aa71ff27fc2769a1b78a27578f13a17b -> 
  custom:video-decoder-webm-vp8: 9c59270c3fd7afecdb556c50c9e8de78 -> 
  custom:SearchIndexIgnoredProperties: e643bd26f0fe6173181afceb89e7c659 -> 
  custom:AudioImporter_EditorPlatform: 2f0ff77a95e0ac474e3e8eeba4e2f7cb -> 
  custom:scripting/monoscript/fileName/UI_BuildProduction.cs: 965a3ae5a7d8d7fcd7aa789c2e0ec127 -> b7dbd7204e151708a5d991f30fe86887
  custom:video-encoder-webm-vp8: eb34c28f22e8b96e1ab97ce403110664 -> 
  custom:audio-decoder-ogg-vorbis: bf7c407c2cedff20999df2af8eb42d56 -> 
  custom:audio-encoder-webm-vorbis: bf7c407c2cedff20999df2af8eb42d56 -> 
========================================================================
Received Prepare
Begin MonoManager ReloadAssembly
- Loaded All Assemblies, in  0.442 seconds
Refreshing native plugins compatible for Editor in 1.62 ms, found 0 plugins.
Native extension for LinuxStandalone target not found
Native extension for WindowsStandalone target not found
Native extension for Android target not found
Mono: successfully reloaded assembly
- Finished resetting the current domain, in  1.032 seconds
Domain Reload Profiling: 1474ms
	BeginReloadAssembly (142ms)
		ExecutionOrderSort (0ms)
		DisableScriptedObjects (7ms)
		BackupInstance (0ms)
		ReleaseScriptingObjects (0ms)
		CreateAndSetChildDomain (39ms)
	RebuildCommonClasses (45ms)
	RebuildNativeTypeToScriptingClass (12ms)
	initialDomainReloadingComplete (35ms)
	LoadAllAssembliesAndSetupDomain (208ms)
		LoadAssemblies (254ms)
		RebuildTransferFunctionScriptingTraits (0ms)
		AnalyzeDomain (15ms)
			TypeCache.Refresh (6ms)
				TypeCache.ScanAssembly (0ms)
			ScanForSourceGeneratedMonoScriptInfo (0ms)
			ResolveRequiredComponents (8ms)
	FinalizeReload (1032ms)
		ReleaseScriptCaches (0ms)
		RebuildScriptCaches (0ms)
		SetupLoadedEditorAssemblies (609ms)
			LogAssemblyErrors (0ms)
			InitializePlatformSupportModulesInManaged (71ms)
			SetLoadedEditorAssemblies (5ms)
			RefreshPlugins (0ms)
			BeforeProcessingInitializeOnLoad (79ms)
			ProcessInitializeOnLoadAttributes (413ms)
			ProcessInitializeOnLoadMethodAttributes (33ms)
			AfterProcessingInitializeOnLoad (8ms)
			EditorAssembliesLoaded (0ms)
		ExecutionOrderSort2 (0ms)
		AwakeInstancesAfterBackupRestoration (6ms)
Refreshing native plugins compatible for Editor in 1.41 ms, found 0 plugins.
Preloading 0 native plugins for Editor in 0.00 ms.
Unloading 3328 Unused Serialized files (Serialized files now loaded: 0)
Unloading 25 unused Assets / (31.6 KB). Loaded Objects now: 3970.
Memory consumption went from 139.9 MB to 139.9 MB.
Total: 4.368303 ms (FindLiveObjects: 0.285295 ms CreateObjectMapping: 0.089328 ms MarkObjects: 3.920684 ms  DeleteObjects: 0.071384 ms)

Prepare: number of updated asset objects reloaded= 0
AssetImportParameters requested are different than current active one (requested -> active):
  custom:scripting/monoscript/fileName/Villages.cs: 903959f0278d4e09fe1b2e68b7130f2f -> 
  custom:container-demuxer-ogg: 62fdf1f143b41e24485cea50d1cbac27 -> 
  custom:video-decoder-ogg-theora: a1e56fd34408186e4bbccfd4996cb3dc -> 
  custom:scripting/monoscript/fileName/UI_Menu.cs: 160a9a51a535726679662e384997d911 -> a7bb2d064353dff6022472b5c4a31dc8
  custom:scripting/monoscript/fileName/UI_Build.cs: df5849aa48a9761af37f9ca92f832a73 -> 
  custom:CustomObjectIndexerAttribute: 232f87dd983dbecb2a4e21e08eb2cef8 -> 
  custom:scripting/monoscript/fileName/UI_BuildStorage.cs: 29020c7cc99c4d3665d82a408f9f5de5 -> 3e136d1ccaf1b63518e01b95a7c0fd54
  custom:container-demuxer-webm: 4f35f7cbe854078d1ac9338744f61a02 -> 
  custom:container-muxer-webm: aa71ff27fc2769a1b78a27578f13a17b -> 
  custom:video-decoder-webm-vp8: 9c59270c3fd7afecdb556c50c9e8de78 -> 
  custom:SearchIndexIgnoredProperties: e643bd26f0fe6173181afceb89e7c659 -> 
  custom:AudioImporter_EditorPlatform: 2f0ff77a95e0ac474e3e8eeba4e2f7cb -> 
  custom:scripting/monoscript/fileName/UI_BuildProduction.cs: 965a3ae5a7d8d7fcd7aa789c2e0ec127 -> b7dbd7204e151708a5d991f30fe86887
  custom:video-encoder-webm-vp8: eb34c28f22e8b96e1ab97ce403110664 -> 
  custom:audio-decoder-ogg-vorbis: bf7c407c2cedff20999df2af8eb42d56 -> 
  custom:audio-encoder-webm-vorbis: bf7c407c2cedff20999df2af8eb42d56 -> 
========================================================================
Received Prepare
Begin MonoManager ReloadAssembly
- Loaded All Assemblies, in  0.446 seconds
Refreshing native plugins compatible for Editor in 1.42 ms, found 0 plugins.
Native extension for LinuxStandalone target not found
Native extension for WindowsStandalone target not found
Native extension for Android target not found
Mono: successfully reloaded assembly
- Finished resetting the current domain, in  0.969 seconds
Domain Reload Profiling: 1414ms
	BeginReloadAssembly (140ms)
		ExecutionOrderSort (0ms)
		DisableScriptedObjects (8ms)
		BackupInstance (0ms)
		ReleaseScriptingObjects (0ms)
		CreateAndSetChildDomain (38ms)
	RebuildCommonClasses (44ms)
	RebuildNativeTypeToScriptingClass (11ms)
	initialDomainReloadingComplete (34ms)
	LoadAllAssembliesAndSetupDomain (215ms)
		LoadAssemblies (250ms)
		RebuildTransferFunctionScriptingTraits (0ms)
		AnalyzeDomain (26ms)
			TypeCache.Refresh (10ms)
				TypeCache.ScanAssembly (1ms)
			ScanForSourceGeneratedMonoScriptInfo (8ms)
			ResolveRequiredComponents (7ms)
	FinalizeReload (970ms)
		ReleaseScriptCaches (0ms)
		RebuildScriptCaches (0ms)
		SetupLoadedEditorAssemblies (571ms)
			LogAssemblyErrors (0ms)
			InitializePlatformSupportModulesInManaged (67ms)
			SetLoadedEditorAssemblies (6ms)
			RefreshPlugins (0ms)
			BeforeProcessingInitializeOnLoad (84ms)
			ProcessInitializeOnLoadAttributes (377ms)
			ProcessInitializeOnLoadMethodAttributes (30ms)
			AfterProcessingInitializeOnLoad (7ms)
			EditorAssembliesLoaded (0ms)
		ExecutionOrderSort2 (0ms)
		AwakeInstancesAfterBackupRestoration (5ms)
Refreshing native plugins compatible for Editor in 1.57 ms, found 0 plugins.
Preloading 0 native plugins for Editor in 0.00 ms.
Unloading 3328 Unused Serialized files (Serialized files now loaded: 0)
Unloading 25 unused Assets / (31.6 KB). Loaded Objects now: 3973.
Memory consumption went from 139.9 MB to 139.9 MB.
Total: 4.270780 ms (FindLiveObjects: 0.299561 ms CreateObjectMapping: 0.080781 ms MarkObjects: 3.818933 ms  DeleteObjects: 0.069831 ms)

Prepare: number of updated asset objects reloaded= 0
AssetImportParameters requested are different than current active one (requested -> active):
  custom:scripting/monoscript/fileName/Villages.cs: 903959f0278d4e09fe1b2e68b7130f2f -> 
  custom:container-demuxer-ogg: 62fdf1f143b41e24485cea50d1cbac27 -> 
  custom:video-decoder-ogg-theora: a1e56fd34408186e4bbccfd4996cb3dc -> 
  custom:scripting/monoscript/fileName/UI_Menu.cs: 160a9a51a535726679662e384997d911 -> a7bb2d064353dff6022472b5c4a31dc8
  custom:scripting/monoscript/fileName/UI_Build.cs: df5849aa48a9761af37f9ca92f832a73 -> 
  custom:CustomObjectIndexerAttribute: 232f87dd983dbecb2a4e21e08eb2cef8 -> 
  custom:scripting/monoscript/fileName/UI_BuildStorage.cs: 29020c7cc99c4d3665d82a408f9f5de5 -> 3e136d1ccaf1b63518e01b95a7c0fd54
  custom:container-demuxer-webm: 4f35f7cbe854078d1ac9338744f61a02 -> 
  custom:container-muxer-webm: aa71ff27fc2769a1b78a27578f13a17b -> 
  custom:video-decoder-webm-vp8: 9c59270c3fd7afecdb556c50c9e8de78 -> 
  custom:SearchIndexIgnoredProperties: e643bd26f0fe6173181afceb89e7c659 -> 
  custom:AudioImporter_EditorPlatform: 2f0ff77a95e0ac474e3e8eeba4e2f7cb -> 
  custom:scripting/monoscript/fileName/UI_BuildProduction.cs: 965a3ae5a7d8d7fcd7aa789c2e0ec127 -> b7dbd7204e151708a5d991f30fe86887
  custom:video-encoder-webm-vp8: eb34c28f22e8b96e1ab97ce403110664 -> 
  custom:audio-decoder-ogg-vorbis: bf7c407c2cedff20999df2af8eb42d56 -> 
  custom:audio-encoder-webm-vorbis: bf7c407c2cedff20999df2af8eb42d56 -> 
========================================================================
Received Prepare
Begin MonoManager ReloadAssembly
- Loaded All Assemblies, in  0.454 seconds
Refreshing native plugins compatible for Editor in 1.28 ms, found 0 plugins.
Native extension for LinuxStandalone target not found
Native extension for WindowsStandalone target not found
Native extension for Android target not found
Mono: successfully reloaded assembly
- Finished resetting the current domain, in  1.010 seconds
Domain Reload Profiling: 1462ms
	BeginReloadAssembly (146ms)
		ExecutionOrderSort (0ms)
		DisableScriptedObjects (7ms)
		BackupInstance (0ms)
		ReleaseScriptingObjects (0ms)
		CreateAndSetChildDomain (42ms)
	RebuildCommonClasses (45ms)
	RebuildNativeTypeToScriptingClass (12ms)
	initialDomainReloadingComplete (36ms)
	LoadAllAssembliesAndSetupDomain (214ms)
		LoadAssemblies (263ms)
		RebuildTransferFunctionScriptingTraits (0ms)
		AnalyzeDomain (14ms)
			TypeCache.Refresh (5ms)
				TypeCache.ScanAssembly (0ms)
			ScanForSourceGeneratedMonoScriptInfo (0ms)
			ResolveRequiredComponents (7ms)
	FinalizeReload (1011ms)
		ReleaseScriptCaches (0ms)
		RebuildScriptCaches (0ms)
		SetupLoadedEditorAssemblies (585ms)
			LogAssemblyErrors (0ms)
			InitializePlatformSupportModulesInManaged (84ms)
			SetLoadedEditorAssemblies (5ms)
			RefreshPlugins (0ms)
			BeforeProcessingInitializeOnLoad (75ms)
			ProcessInitializeOnLoadAttributes (382ms)
			ProcessInitializeOnLoadMethodAttributes (31ms)
			AfterProcessingInitializeOnLoad (7ms)
			EditorAssembliesLoaded (0ms)
		ExecutionOrderSort2 (0ms)
		AwakeInstancesAfterBackupRestoration (6ms)
Refreshing native plugins compatible for Editor in 1.75 ms, found 0 plugins.
Preloading 0 native plugins for Editor in 0.00 ms.
Unloading 3328 Unused Serialized files (Serialized files now loaded: 0)
Unloading 25 unused Assets / (31.6 KB). Loaded Objects now: 3976.
Memory consumption went from 139.9 MB to 139.9 MB.
Total: 4.176785 ms (FindLiveObjects: 0.277641 ms CreateObjectMapping: 0.078758 ms MarkObjects: 3.762307 ms  DeleteObjects: 0.056696 ms)

Prepare: number of updated asset objects reloaded= 0
AssetImportParameters requested are different than current active one (requested -> active):
  custom:scripting/monoscript/fileName/Villages.cs: 903959f0278d4e09fe1b2e68b7130f2f -> 
  custom:container-demuxer-ogg: 62fdf1f143b41e24485cea50d1cbac27 -> 
  custom:video-decoder-ogg-theora: a1e56fd34408186e4bbccfd4996cb3dc -> 
  custom:scripting/monoscript/fileName/UI_Menu.cs: 160a9a51a535726679662e384997d911 -> a7bb2d064353dff6022472b5c4a31dc8
  custom:scripting/monoscript/fileName/UI_Build.cs: df5849aa48a9761af37f9ca92f832a73 -> 
  custom:CustomObjectIndexerAttribute: 232f87dd983dbecb2a4e21e08eb2cef8 -> 
  custom:scripting/monoscript/fileName/UI_BuildStorage.cs: 29020c7cc99c4d3665d82a408f9f5de5 -> 3e136d1ccaf1b63518e01b95a7c0fd54
  custom:container-demuxer-webm: 4f35f7cbe854078d1ac9338744f61a02 -> 
  custom:container-muxer-webm: aa71ff27fc2769a1b78a27578f13a17b -> 
  custom:video-decoder-webm-vp8: 9c59270c3fd7afecdb556c50c9e8de78 -> 
  custom:SearchIndexIgnoredProperties: e643bd26f0fe6173181afceb89e7c659 -> 
  custom:AudioImporter_EditorPlatform: 2f0ff77a95e0ac474e3e8eeba4e2f7cb -> 
  custom:scripting/monoscript/fileName/UI_BuildProduction.cs: 965a3ae5a7d8d7fcd7aa789c2e0ec127 -> b7dbd7204e151708a5d991f30fe86887
  custom:video-encoder-webm-vp8: eb34c28f22e8b96e1ab97ce403110664 -> 
  custom:audio-decoder-ogg-vorbis: bf7c407c2cedff20999df2af8eb42d56 -> 
  custom:audio-encoder-webm-vorbis: bf7c407c2cedff20999df2af8eb42d56 -> 
========================================================================
Received Prepare
Begin MonoManager ReloadAssembly
- Loaded All Assemblies, in  0.439 seconds
Refreshing native plugins compatible for Editor in 1.45 ms, found 0 plugins.
Native extension for LinuxStandalone target not found
Native extension for WindowsStandalone target not found
Native extension for Android target not found
Mono: successfully reloaded assembly
- Finished resetting the current domain, in  1.019 seconds
Domain Reload Profiling: 1457ms
	BeginReloadAssembly (145ms)
		ExecutionOrderSort (0ms)
		DisableScriptedObjects (7ms)
		BackupInstance (0ms)
		ReleaseScriptingObjects (0ms)
		CreateAndSetChildDomain (42ms)
	RebuildCommonClasses (46ms)
	RebuildNativeTypeToScriptingClass (12ms)
	initialDomainReloadingComplete (33ms)
	LoadAllAssembliesAndSetupDomain (202ms)
		LoadAssemblies (248ms)
		RebuildTransferFunctionScriptingTraits (0ms)
		AnalyzeDomain (15ms)
			TypeCache.Refresh (6ms)
				TypeCache.ScanAssembly (0ms)
			ScanForSourceGeneratedMonoScriptInfo (0ms)
			ResolveRequiredComponents (7ms)
	FinalizeReload (1019ms)
		ReleaseScriptCaches (0ms)
		RebuildScriptCaches (0ms)
		SetupLoadedEditorAssemblies (581ms)
			LogAssemblyErrors (0ms)
			InitializePlatformSupportModulesInManaged (75ms)
			SetLoadedEditorAssemblies (6ms)
			RefreshPlugins (0ms)
			BeforeProcessingInitializeOnLoad (78ms)
			ProcessInitializeOnLoadAttributes (380ms)
			ProcessInitializeOnLoadMethodAttributes (34ms)
			AfterProcessingInitializeOnLoad (7ms)
			EditorAssembliesLoaded (0ms)
		ExecutionOrderSort2 (0ms)
		AwakeInstancesAfterBackupRestoration (6ms)
Refreshing native plugins compatible for Editor in 1.35 ms, found 0 plugins.
Preloading 0 native plugins for Editor in 0.00 ms.
Unloading 3328 Unused Serialized files (Serialized files now loaded: 0)
Unloading 25 unused Assets / (31.7 KB). Loaded Objects now: 3979.
Memory consumption went from 139.9 MB to 139.9 MB.
Total: 4.606721 ms (FindLiveObjects: 0.299462 ms CreateObjectMapping: 0.082525 ms MarkObjects: 4.153240 ms  DeleteObjects: 0.069951 ms)

Prepare: number of updated asset objects reloaded= 0
AssetImportParameters requested are different than current active one (requested -> active):
  custom:scripting/monoscript/fileName/Villages.cs: 903959f0278d4e09fe1b2e68b7130f2f -> 
  custom:container-demuxer-ogg: 62fdf1f143b41e24485cea50d1cbac27 -> 
  custom:video-decoder-ogg-theora: a1e56fd34408186e4bbccfd4996cb3dc -> 
  custom:scripting/monoscript/fileName/UI_Menu.cs: 160a9a51a535726679662e384997d911 -> a7bb2d064353dff6022472b5c4a31dc8
  custom:scripting/monoscript/fileName/UI_Build.cs: df5849aa48a9761af37f9ca92f832a73 -> 
  custom:CustomObjectIndexerAttribute: 232f87dd983dbecb2a4e21e08eb2cef8 -> 
  custom:scripting/monoscript/fileName/UI_BuildStorage.cs: 29020c7cc99c4d3665d82a408f9f5de5 -> 3e136d1ccaf1b63518e01b95a7c0fd54
  custom:container-demuxer-webm: 4f35f7cbe854078d1ac9338744f61a02 -> 
  custom:container-muxer-webm: aa71ff27fc2769a1b78a27578f13a17b -> 
  custom:video-decoder-webm-vp8: 9c59270c3fd7afecdb556c50c9e8de78 -> 
  custom:SearchIndexIgnoredProperties: e643bd26f0fe6173181afceb89e7c659 -> 
  custom:AudioImporter_EditorPlatform: 2f0ff77a95e0ac474e3e8eeba4e2f7cb -> 
  custom:scripting/monoscript/fileName/UI_BuildProduction.cs: 965a3ae5a7d8d7fcd7aa789c2e0ec127 -> b7dbd7204e151708a5d991f30fe86887
  custom:video-encoder-webm-vp8: eb34c28f22e8b96e1ab97ce403110664 -> 
  custom:audio-decoder-ogg-vorbis: bf7c407c2cedff20999df2af8eb42d56 -> 
  custom:audio-encoder-webm-vorbis: bf7c407c2cedff20999df2af8eb42d56 -> 
========================================================================
Received Prepare
Begin MonoManager ReloadAssembly
- Loaded All Assemblies, in  0.467 seconds
Refreshing native plugins compatible for Editor in 1.46 ms, found 0 plugins.
Native extension for LinuxStandalone target not found
Native extension for WindowsStandalone target not found
Native extension for Android target not found
Mono: successfully reloaded assembly
- Finished resetting the current domain, in  1.105 seconds
Domain Reload Profiling: 1572ms
	BeginReloadAssembly (147ms)
		ExecutionOrderSort (0ms)
		DisableScriptedObjects (7ms)
		BackupInstance (0ms)
		ReleaseScriptingObjects (0ms)
		CreateAndSetChildDomain (41ms)
	RebuildCommonClasses (46ms)
	RebuildNativeTypeToScriptingClass (12ms)
	initialDomainReloadingComplete (35ms)
	LoadAllAssembliesAndSetupDomain (226ms)
		LoadAssemblies (262ms)
		RebuildTransferFunctionScriptingTraits (0ms)
		AnalyzeDomain (28ms)
			TypeCache.Refresh (11ms)
				TypeCache.ScanAssembly (1ms)
			ScanForSourceGeneratedMonoScriptInfo (9ms)
			ResolveRequiredComponents (7ms)
	FinalizeReload (1106ms)
		ReleaseScriptCaches (0ms)
		RebuildScriptCaches (0ms)
		SetupLoadedEditorAssemblies (642ms)
			LogAssemblyErrors (0ms)
			InitializePlatformSupportModulesInManaged (87ms)
			SetLoadedEditorAssemblies (7ms)
			RefreshPlugins (0ms)
			BeforeProcessingInitializeOnLoad (88ms)
			ProcessInitializeOnLoadAttributes (422ms)
			ProcessInitializeOnLoadMethodAttributes (32ms)
			AfterProcessingInitializeOnLoad (7ms)
			EditorAssembliesLoaded (0ms)
		ExecutionOrderSort2 (0ms)
		AwakeInstancesAfterBackupRestoration (5ms)
Refreshing native plugins compatible for Editor in 1.41 ms, found 0 plugins.
Preloading 0 native plugins for Editor in 0.00 ms.
Unloading 3328 Unused Serialized files (Serialized files now loaded: 0)
Unloading 25 unused Assets / (31.7 KB). Loaded Objects now: 3982.
Memory consumption went from 139.9 MB to 139.9 MB.
Total: 5.892222 ms (FindLiveObjects: 0.337703 ms CreateObjectMapping: 0.081833 ms MarkObjects: 5.398907 ms  DeleteObjects: 0.072005 ms)

Prepare: number of updated asset objects reloaded= 0
AssetImportParameters requested are different than current active one (requested -> active):
  custom:scripting/monoscript/fileName/Villages.cs: 903959f0278d4e09fe1b2e68b7130f2f -> 
  custom:container-demuxer-ogg: 62fdf1f143b41e24485cea50d1cbac27 -> 
  custom:video-decoder-ogg-theora: a1e56fd34408186e4bbccfd4996cb3dc -> 
  custom:scripting/monoscript/fileName/UI_Menu.cs: 160a9a51a535726679662e384997d911 -> a7bb2d064353dff6022472b5c4a31dc8
  custom:scripting/monoscript/fileName/UI_Build.cs: df5849aa48a9761af37f9ca92f832a73 -> 
  custom:CustomObjectIndexerAttribute: 232f87dd983dbecb2a4e21e08eb2cef8 -> 
  custom:scripting/monoscript/fileName/UI_BuildStorage.cs: 29020c7cc99c4d3665d82a408f9f5de5 -> 3e136d1ccaf1b63518e01b95a7c0fd54
  custom:container-demuxer-webm: 4f35f7cbe854078d1ac9338744f61a02 -> 
  custom:container-muxer-webm: aa71ff27fc2769a1b78a27578f13a17b -> 
  custom:video-decoder-webm-vp8: 9c59270c3fd7afecdb556c50c9e8de78 -> 
  custom:SearchIndexIgnoredProperties: e643bd26f0fe6173181afceb89e7c659 -> 
  custom:AudioImporter_EditorPlatform: 2f0ff77a95e0ac474e3e8eeba4e2f7cb -> 
  custom:scripting/monoscript/fileName/UI_BuildProduction.cs: 965a3ae5a7d8d7fcd7aa789c2e0ec127 -> b7dbd7204e151708a5d991f30fe86887
  custom:video-encoder-webm-vp8: eb34c28f22e8b96e1ab97ce403110664 -> 
  custom:audio-decoder-ogg-vorbis: bf7c407c2cedff20999df2af8eb42d56 -> 
  custom:audio-encoder-webm-vorbis: bf7c407c2cedff20999df2af8eb42d56 -> 
========================================================================
Received Prepare
Begin MonoManager ReloadAssembly
- Loaded All Assemblies, in  0.429 seconds
Refreshing native plugins compatible for Editor in 1.39 ms, found 0 plugins.
Native extension for LinuxStandalone target not found
Native extension for WindowsStandalone target not found
Native extension for Android target not found
Mono: successfully reloaded assembly
- Finished resetting the current domain, in  1.019 seconds
Domain Reload Profiling: 1447ms
	BeginReloadAssembly (137ms)
		ExecutionOrderSort (0ms)
		DisableScriptedObjects (7ms)
		BackupInstance (0ms)
		ReleaseScriptingObjects (0ms)
		CreateAndSetChildDomain (39ms)
	RebuildCommonClasses (42ms)
	RebuildNativeTypeToScriptingClass (10ms)
	initialDomainReloadingComplete (33ms)
	LoadAllAssembliesAndSetupDomain (206ms)
		LoadAssemblies (239ms)
		RebuildTransferFunctionScriptingTraits (0ms)
		AnalyzeDomain (25ms)
			TypeCache.Refresh (9ms)
				TypeCache.ScanAssembly (1ms)
			ScanForSourceGeneratedMonoScriptInfo (8ms)
			ResolveRequiredComponents (7ms)
	FinalizeReload (1019ms)
		ReleaseScriptCaches (0ms)
		RebuildScriptCaches (0ms)
		SetupLoadedEditorAssemblies (587ms)
			LogAssemblyErrors (0ms)
			InitializePlatformSupportModulesInManaged (76ms)
			SetLoadedEditorAssemblies (5ms)
			RefreshPlugins (0ms)
			BeforeProcessingInitializeOnLoad (80ms)
			ProcessInitializeOnLoadAttributes (388ms)
			ProcessInitializeOnLoadMethodAttributes (32ms)
			AfterProcessingInitializeOnLoad (7ms)
			EditorAssembliesLoaded (0ms)
		ExecutionOrderSort2 (0ms)
		AwakeInstancesAfterBackupRestoration (6ms)
Refreshing native plugins compatible for Editor in 1.36 ms, found 0 plugins.
Preloading 0 native plugins for Editor in 0.00 ms.
Unloading 3328 Unused Serialized files (Serialized files now loaded: 0)
Unloading 25 unused Assets / (31.6 KB). Loaded Objects now: 3985.
Memory consumption went from 139.9 MB to 139.9 MB.
Total: 5.003194 ms (FindLiveObjects: 0.269876 ms CreateObjectMapping: 0.263394 ms MarkObjects: 4.401466 ms  DeleteObjects: 0.066595 ms)

Prepare: number of updated asset objects reloaded= 0
AssetImportParameters requested are different than current active one (requested -> active):
  custom:scripting/monoscript/fileName/Villages.cs: 903959f0278d4e09fe1b2e68b7130f2f -> 
  custom:container-demuxer-ogg: 62fdf1f143b41e24485cea50d1cbac27 -> 
  custom:video-decoder-ogg-theora: a1e56fd34408186e4bbccfd4996cb3dc -> 
  custom:scripting/monoscript/fileName/UI_Menu.cs: 160a9a51a535726679662e384997d911 -> a7bb2d064353dff6022472b5c4a31dc8
  custom:scripting/monoscript/fileName/UI_Build.cs: df5849aa48a9761af37f9ca92f832a73 -> 
  custom:CustomObjectIndexerAttribute: 232f87dd983dbecb2a4e21e08eb2cef8 -> 
  custom:scripting/monoscript/fileName/UI_BuildStorage.cs: 29020c7cc99c4d3665d82a408f9f5de5 -> 3e136d1ccaf1b63518e01b95a7c0fd54
  custom:container-demuxer-webm: 4f35f7cbe854078d1ac9338744f61a02 -> 
  custom:container-muxer-webm: aa71ff27fc2769a1b78a27578f13a17b -> 
  custom:video-decoder-webm-vp8: 9c59270c3fd7afecdb556c50c9e8de78 -> 
  custom:SearchIndexIgnoredProperties: e643bd26f0fe6173181afceb89e7c659 -> 
  custom:AudioImporter_EditorPlatform: 2f0ff77a95e0ac474e3e8eeba4e2f7cb -> 
  custom:scripting/monoscript/fileName/UI_BuildProduction.cs: 965a3ae5a7d8d7fcd7aa789c2e0ec127 -> b7dbd7204e151708a5d991f30fe86887
  custom:video-encoder-webm-vp8: eb34c28f22e8b96e1ab97ce403110664 -> 
  custom:audio-decoder-ogg-vorbis: bf7c407c2cedff20999df2af8eb42d56 -> 
  custom:audio-encoder-webm-vorbis: bf7c407c2cedff20999df2af8eb42d56 -> 
========================================================================
Received Prepare
Begin MonoManager ReloadAssembly
- Loaded All Assemblies, in  0.439 seconds
Refreshing native plugins compatible for Editor in 1.46 ms, found 0 plugins.
Native extension for LinuxStandalone target not found
Native extension for WindowsStandalone target not found
Native extension for Android target not found
Mono: successfully reloaded assembly
- Finished resetting the current domain, in  0.996 seconds
Domain Reload Profiling: 1434ms
	BeginReloadAssembly (140ms)
		ExecutionOrderSort (0ms)
		DisableScriptedObjects (7ms)
		BackupInstance (0ms)
		ReleaseScriptingObjects (0ms)
		CreateAndSetChildDomain (42ms)
	RebuildCommonClasses (42ms)
	RebuildNativeTypeToScriptingClass (11ms)
	initialDomainReloadingComplete (33ms)
	LoadAllAssembliesAndSetupDomain (212ms)
		LoadAssemblies (244ms)
		RebuildTransferFunctionScriptingTraits (0ms)
		AnalyzeDomain (27ms)
			TypeCache.Refresh (9ms)
				TypeCache.ScanAssembly (1ms)
			ScanForSourceGeneratedMonoScriptInfo (9ms)
			ResolveRequiredComponents (8ms)
	FinalizeReload (996ms)
		ReleaseScriptCaches (0ms)
		RebuildScriptCaches (0ms)
		SetupLoadedEditorAssemblies (568ms)
			LogAssemblyErrors (0ms)
			InitializePlatformSupportModulesInManaged (73ms)
			SetLoadedEditorAssemblies (6ms)
			RefreshPlugins (0ms)
			BeforeProcessingInitializeOnLoad (79ms)
			ProcessInitializeOnLoadAttributes (371ms)
			ProcessInitializeOnLoadMethodAttributes (33ms)
			AfterProcessingInitializeOnLoad (7ms)
			EditorAssembliesLoaded (0ms)
		ExecutionOrderSort2 (0ms)
		AwakeInstancesAfterBackupRestoration (6ms)
Refreshing native plugins compatible for Editor in 1.40 ms, found 0 plugins.
Preloading 0 native plugins for Editor in 0.00 ms.
Unloading 3328 Unused Serialized files (Serialized files now loaded: 0)
Unloading 25 unused Assets / (31.6 KB). Loaded Objects now: 3988.
Memory consumption went from 139.9 MB to 139.9 MB.
Total: 4.524076 ms (FindLiveObjects: 0.287850 ms CreateObjectMapping: 0.098965 ms MarkObjects: 4.065907 ms  DeleteObjects: 0.069721 ms)

Prepare: number of updated asset objects reloaded= 0
AssetImportParameters requested are different than current active one (requested -> active):
  custom:scripting/monoscript/fileName/Villages.cs: 903959f0278d4e09fe1b2e68b7130f2f -> 
  custom:container-demuxer-ogg: 62fdf1f143b41e24485cea50d1cbac27 -> 
  custom:video-decoder-ogg-theora: a1e56fd34408186e4bbccfd4996cb3dc -> 
  custom:scripting/monoscript/fileName/UI_Menu.cs: 160a9a51a535726679662e384997d911 -> a7bb2d064353dff6022472b5c4a31dc8
  custom:scripting/monoscript/fileName/UI_Build.cs: df5849aa48a9761af37f9ca92f832a73 -> 
  custom:CustomObjectIndexerAttribute: 232f87dd983dbecb2a4e21e08eb2cef8 -> 
  custom:scripting/monoscript/fileName/UI_BuildStorage.cs: 29020c7cc99c4d3665d82a408f9f5de5 -> 3e136d1ccaf1b63518e01b95a7c0fd54
  custom:container-demuxer-webm: 4f35f7cbe854078d1ac9338744f61a02 -> 
  custom:container-muxer-webm: aa71ff27fc2769a1b78a27578f13a17b -> 
  custom:video-decoder-webm-vp8: 9c59270c3fd7afecdb556c50c9e8de78 -> 
  custom:SearchIndexIgnoredProperties: e643bd26f0fe6173181afceb89e7c659 -> 
  custom:AudioImporter_EditorPlatform: 2f0ff77a95e0ac474e3e8eeba4e2f7cb -> 
  custom:scripting/monoscript/fileName/UI_BuildProduction.cs: 965a3ae5a7d8d7fcd7aa789c2e0ec127 -> b7dbd7204e151708a5d991f30fe86887
  custom:video-encoder-webm-vp8: eb34c28f22e8b96e1ab97ce403110664 -> 
  custom:audio-decoder-ogg-vorbis: bf7c407c2cedff20999df2af8eb42d56 -> 
  custom:audio-encoder-webm-vorbis: bf7c407c2cedff20999df2af8eb42d56 -> 
========================================================================
Received Prepare
Begin MonoManager ReloadAssembly
- Loaded All Assemblies, in  0.545 seconds
Refreshing native plugins compatible for Editor in 1.40 ms, found 0 plugins.
Native extension for LinuxStandalone target not found
Native extension for WindowsStandalone target not found
Native extension for Android target not found
Mono: successfully reloaded assembly
- Finished resetting the current domain, in  0.988 seconds
Domain Reload Profiling: 1532ms
	BeginReloadAssembly (168ms)
		ExecutionOrderSort (0ms)
		DisableScriptedObjects (7ms)
		BackupInstance (0ms)
		ReleaseScriptingObjects (0ms)
		CreateAndSetChildDomain (45ms)
	RebuildCommonClasses (66ms)
	RebuildNativeTypeToScriptingClass (16ms)
	initialDomainReloadingComplete (40ms)
	LoadAllAssembliesAndSetupDomain (253ms)
		LoadAssemblies (308ms)
		RebuildTransferFunctionScriptingTraits (0ms)
		AnalyzeDomain (28ms)
			TypeCache.Refresh (11ms)
				TypeCache.ScanAssembly (1ms)
			ScanForSourceGeneratedMonoScriptInfo (9ms)
			ResolveRequiredComponents (7ms)
	FinalizeReload (989ms)
		ReleaseScriptCaches (0ms)
		RebuildScriptCaches (0ms)
		SetupLoadedEditorAssemblies (555ms)
			LogAssemblyErrors (0ms)
			InitializePlatformSupportModulesInManaged (74ms)
			SetLoadedEditorAssemblies (6ms)
			RefreshPlugins (0ms)
			BeforeProcessingInitializeOnLoad (77ms)
			ProcessInitializeOnLoadAttributes (359ms)
			ProcessInitializeOnLoadMethodAttributes (32ms)
			AfterProcessingInitializeOnLoad (7ms)
			EditorAssembliesLoaded (0ms)
		ExecutionOrderSort2 (0ms)
		AwakeInstancesAfterBackupRestoration (6ms)
Refreshing native plugins compatible for Editor in 1.62 ms, found 0 plugins.
Preloading 0 native plugins for Editor in 0.00 ms.
Unloading 3328 Unused Serialized files (Serialized files now loaded: 0)
Unloading 25 unused Assets / (31.6 KB). Loaded Objects now: 3991.
Memory consumption went from 139.9 MB to 139.9 MB.
Total: 4.454746 ms (FindLiveObjects: 0.295104 ms CreateObjectMapping: 0.087424 ms MarkObjects: 3.995233 ms  DeleteObjects: 0.075161 ms)

Prepare: number of updated asset objects reloaded= 0
AssetImportParameters requested are different than current active one (requested -> active):
  custom:scripting/monoscript/fileName/Villages.cs: 903959f0278d4e09fe1b2e68b7130f2f -> 
  custom:container-demuxer-ogg: 62fdf1f143b41e24485cea50d1cbac27 -> 
  custom:video-decoder-ogg-theora: a1e56fd34408186e4bbccfd4996cb3dc -> 
  custom:scripting/monoscript/fileName/UI_Menu.cs: 160a9a51a535726679662e384997d911 -> a7bb2d064353dff6022472b5c4a31dc8
  custom:scripting/monoscript/fileName/UI_Build.cs: df5849aa48a9761af37f9ca92f832a73 -> 
  custom:CustomObjectIndexerAttribute: 232f87dd983dbecb2a4e21e08eb2cef8 -> 
  custom:scripting/monoscript/fileName/UI_BuildStorage.cs: 29020c7cc99c4d3665d82a408f9f5de5 -> 3e136d1ccaf1b63518e01b95a7c0fd54
  custom:container-demuxer-webm: 4f35f7cbe854078d1ac9338744f61a02 -> 
  custom:container-muxer-webm: aa71ff27fc2769a1b78a27578f13a17b -> 
  custom:video-decoder-webm-vp8: 9c59270c3fd7afecdb556c50c9e8de78 -> 
  custom:SearchIndexIgnoredProperties: e643bd26f0fe6173181afceb89e7c659 -> 
  custom:AudioImporter_EditorPlatform: 2f0ff77a95e0ac474e3e8eeba4e2f7cb -> 
  custom:scripting/monoscript/fileName/UI_BuildProduction.cs: 965a3ae5a7d8d7fcd7aa789c2e0ec127 -> b7dbd7204e151708a5d991f30fe86887
  custom:video-encoder-webm-vp8: eb34c28f22e8b96e1ab97ce403110664 -> 
  custom:audio-decoder-ogg-vorbis: bf7c407c2cedff20999df2af8eb42d56 -> 
  custom:audio-encoder-webm-vorbis: bf7c407c2cedff20999df2af8eb42d56 -> 
========================================================================
Received Prepare
Begin MonoManager ReloadAssembly
- Loaded All Assemblies, in  0.453 seconds
Refreshing native plugins compatible for Editor in 1.41 ms, found 0 plugins.
Native extension for LinuxStandalone target not found
Native extension for WindowsStandalone target not found
Native extension for Android target not found
Mono: successfully reloaded assembly
- Finished resetting the current domain, in  0.927 seconds
Domain Reload Profiling: 1379ms
	BeginReloadAssembly (141ms)
		ExecutionOrderSort (0ms)
		DisableScriptedObjects (7ms)
		BackupInstance (0ms)
		ReleaseScriptingObjects (0ms)
		CreateAndSetChildDomain (42ms)
	RebuildCommonClasses (43ms)
	RebuildNativeTypeToScriptingClass (11ms)
	initialDomainReloadingComplete (33ms)
	LoadAllAssembliesAndSetupDomain (224ms)
		LoadAssemblies (254ms)
		RebuildTransferFunctionScriptingTraits (0ms)
		AnalyzeDomain (29ms)
			TypeCache.Refresh (11ms)
				TypeCache.ScanAssembly (1ms)
			ScanForSourceGeneratedMonoScriptInfo (10ms)
			ResolveRequiredComponents (7ms)
	FinalizeReload (927ms)
		ReleaseScriptCaches (0ms)
		RebuildScriptCaches (0ms)
		SetupLoadedEditorAssemblies (519ms)
			LogAssemblyErrors (0ms)
			InitializePlatformSupportModulesInManaged (73ms)
			SetLoadedEditorAssemblies (5ms)
			RefreshPlugins (0ms)
			BeforeProcessingInitializeOnLoad (76ms)
			ProcessInitializeOnLoadAttributes (331ms)
			ProcessInitializeOnLoadMethodAttributes (27ms)
			AfterProcessingInitializeOnLoad (6ms)
			EditorAssembliesLoaded (0ms)
		ExecutionOrderSort2 (0ms)
		AwakeInstancesAfterBackupRestoration (5ms)
Refreshing native plugins compatible for Editor in 1.34 ms, found 0 plugins.
Preloading 0 native plugins for Editor in 0.00 ms.
Unloading 3328 Unused Serialized files (Serialized files now loaded: 0)
Unloading 25 unused Assets / (31.7 KB). Loaded Objects now: 3994.
Memory consumption went from 139.9 MB to 139.9 MB.
Total: 4.038915 ms (FindLiveObjects: 0.242735 ms CreateObjectMapping: 0.075882 ms MarkObjects: 3.657370 ms  DeleteObjects: 0.062066 ms)

Prepare: number of updated asset objects reloaded= 0
AssetImportParameters requested are different than current active one (requested -> active):
  custom:scripting/monoscript/fileName/Villages.cs: 903959f0278d4e09fe1b2e68b7130f2f -> 
  custom:container-demuxer-ogg: 62fdf1f143b41e24485cea50d1cbac27 -> 
  custom:video-decoder-ogg-theora: a1e56fd34408186e4bbccfd4996cb3dc -> 
  custom:scripting/monoscript/fileName/UI_Menu.cs: 160a9a51a535726679662e384997d911 -> a7bb2d064353dff6022472b5c4a31dc8
  custom:scripting/monoscript/fileName/UI_Build.cs: df5849aa48a9761af37f9ca92f832a73 -> 
  custom:CustomObjectIndexerAttribute: 232f87dd983dbecb2a4e21e08eb2cef8 -> 
  custom:scripting/monoscript/fileName/UI_BuildStorage.cs: 29020c7cc99c4d3665d82a408f9f5de5 -> 3e136d1ccaf1b63518e01b95a7c0fd54
  custom:container-demuxer-webm: 4f35f7cbe854078d1ac9338744f61a02 -> 
  custom:container-muxer-webm: aa71ff27fc2769a1b78a27578f13a17b -> 
  custom:video-decoder-webm-vp8: 9c59270c3fd7afecdb556c50c9e8de78 -> 
  custom:SearchIndexIgnoredProperties: e643bd26f0fe6173181afceb89e7c659 -> 
  custom:AudioImporter_EditorPlatform: 2f0ff77a95e0ac474e3e8eeba4e2f7cb -> 
  custom:scripting/monoscript/fileName/UI_BuildProduction.cs: 965a3ae5a7d8d7fcd7aa789c2e0ec127 -> b7dbd7204e151708a5d991f30fe86887
  custom:video-encoder-webm-vp8: eb34c28f22e8b96e1ab97ce403110664 -> 
  custom:audio-decoder-ogg-vorbis: bf7c407c2cedff20999df2af8eb42d56 -> 
  custom:audio-encoder-webm-vorbis: bf7c407c2cedff20999df2af8eb42d56 -> 
========================================================================
Received Prepare
Begin MonoManager ReloadAssembly
- Loaded All Assemblies, in  0.437 seconds
Refreshing native plugins compatible for Editor in 1.40 ms, found 0 plugins.
Native extension for LinuxStandalone target not found
Native extension for WindowsStandalone target not found
Native extension for Android target not found
Mono: successfully reloaded assembly
- Finished resetting the current domain, in  0.965 seconds
Domain Reload Profiling: 1401ms
	BeginReloadAssembly (142ms)
		ExecutionOrderSort (0ms)
		DisableScriptedObjects (7ms)
		BackupInstance (0ms)
		ReleaseScriptingObjects (0ms)
		CreateAndSetChildDomain (41ms)
	RebuildCommonClasses (43ms)
	RebuildNativeTypeToScriptingClass (10ms)
	initialDomainReloadingComplete (33ms)
	LoadAllAssembliesAndSetupDomain (207ms)
		LoadAssemblies (240ms)
		RebuildTransferFunctionScriptingTraits (0ms)
		AnalyzeDomain (27ms)
			TypeCache.Refresh (10ms)
				TypeCache.ScanAssembly (1ms)
			ScanForSourceGeneratedMonoScriptInfo (9ms)
			ResolveRequiredComponents (7ms)
	FinalizeReload (966ms)
		ReleaseScriptCaches (0ms)
		RebuildScriptCaches (0ms)
		SetupLoadedEditorAssemblies (558ms)
			LogAssemblyErrors (0ms)
			InitializePlatformSupportModulesInManaged (65ms)
			SetLoadedEditorAssemblies (5ms)
			RefreshPlugins (0ms)
			BeforeProcessingInitializeOnLoad (82ms)
			ProcessInitializeOnLoadAttributes (368ms)
			ProcessInitializeOnLoadMethodAttributes (31ms)
			AfterProcessingInitializeOnLoad (7ms)
			EditorAssembliesLoaded (0ms)
		ExecutionOrderSort2 (0ms)
		AwakeInstancesAfterBackupRestoration (6ms)
Refreshing native plugins compatible for Editor in 1.52 ms, found 0 plugins.
Preloading 0 native plugins for Editor in 0.00 ms.
Unloading 3328 Unused Serialized files (Serialized files now loaded: 0)
Unloading 25 unused Assets / (31.7 KB). Loaded Objects now: 3997.
Memory consumption went from 139.9 MB to 139.9 MB.
Total: 4.469563 ms (FindLiveObjects: 0.283111 ms CreateObjectMapping: 0.079479 ms MarkObjects: 4.037443 ms  DeleteObjects: 0.067747 ms)

Prepare: number of updated asset objects reloaded= 0
AssetImportParameters requested are different than current active one (requested -> active):
  custom:scripting/monoscript/fileName/Villages.cs: 903959f0278d4e09fe1b2e68b7130f2f -> 
  custom:container-demuxer-ogg: 62fdf1f143b41e24485cea50d1cbac27 -> 
  custom:video-decoder-ogg-theora: a1e56fd34408186e4bbccfd4996cb3dc -> 
  custom:scripting/monoscript/fileName/UI_Menu.cs: 160a9a51a535726679662e384997d911 -> a7bb2d064353dff6022472b5c4a31dc8
  custom:scripting/monoscript/fileName/UI_Build.cs: df5849aa48a9761af37f9ca92f832a73 -> 
  custom:CustomObjectIndexerAttribute: 232f87dd983dbecb2a4e21e08eb2cef8 -> 
  custom:scripting/monoscript/fileName/UI_BuildStorage.cs: 29020c7cc99c4d3665d82a408f9f5de5 -> 3e136d1ccaf1b63518e01b95a7c0fd54
  custom:container-demuxer-webm: 4f35f7cbe854078d1ac9338744f61a02 -> 
  custom:container-muxer-webm: aa71ff27fc2769a1b78a27578f13a17b -> 
  custom:video-decoder-webm-vp8: 9c59270c3fd7afecdb556c50c9e8de78 -> 
  custom:SearchIndexIgnoredProperties: e643bd26f0fe6173181afceb89e7c659 -> 
  custom:AudioImporter_EditorPlatform: 2f0ff77a95e0ac474e3e8eeba4e2f7cb -> 
  custom:scripting/monoscript/fileName/UI_BuildProduction.cs: 965a3ae5a7d8d7fcd7aa789c2e0ec127 -> b7dbd7204e151708a5d991f30fe86887
  custom:video-encoder-webm-vp8: eb34c28f22e8b96e1ab97ce403110664 -> 
  custom:audio-decoder-ogg-vorbis: bf7c407c2cedff20999df2af8eb42d56 -> 
  custom:audio-encoder-webm-vorbis: bf7c407c2cedff20999df2af8eb42d56 -> 
========================================================================
Received Prepare
Begin MonoManager ReloadAssembly
- Loaded All Assemblies, in  0.403 seconds
Refreshing native plugins compatible for Editor in 1.35 ms, found 0 plugins.
Native extension for LinuxStandalone target not found
Native extension for WindowsStandalone target not found
Native extension for Android target not found
Mono: successfully reloaded assembly
- Finished resetting the current domain, in  0.928 seconds
Domain Reload Profiling: 1330ms
	BeginReloadAssembly (145ms)
		ExecutionOrderSort (0ms)
		DisableScriptedObjects (7ms)
		BackupInstance (0ms)
		ReleaseScriptingObjects (0ms)
		CreateAndSetChildDomain (46ms)
	RebuildCommonClasses (40ms)
	RebuildNativeTypeToScriptingClass (10ms)
	initialDomainReloadingComplete (30ms)
	LoadAllAssembliesAndSetupDomain (176ms)
		LoadAssemblies (221ms)
		RebuildTransferFunctionScriptingTraits (0ms)
		AnalyzeDomain (12ms)
			TypeCache.Refresh (5ms)
				TypeCache.ScanAssembly (0ms)
			ScanForSourceGeneratedMonoScriptInfo (0ms)
			ResolveRequiredComponents (7ms)
	FinalizeReload (929ms)
		ReleaseScriptCaches (0ms)
		RebuildScriptCaches (0ms)
		SetupLoadedEditorAssemblies (537ms)
			LogAssemblyErrors (0ms)
			InitializePlatformSupportModulesInManaged (76ms)
			SetLoadedEditorAssemblies (6ms)
			RefreshPlugins (0ms)
			BeforeProcessingInitializeOnLoad (74ms)
			ProcessInitializeOnLoadAttributes (345ms)
			ProcessInitializeOnLoadMethodAttributes (30ms)
			AfterProcessingInitializeOnLoad (7ms)
			EditorAssembliesLoaded (0ms)
		ExecutionOrderSort2 (0ms)
		AwakeInstancesAfterBackupRestoration (5ms)
Refreshing native plugins compatible for Editor in 2.01 ms, found 0 plugins.
Preloading 0 native plugins for Editor in 0.00 ms.
Unloading 3328 Unused Serialized files (Serialized files now loaded: 0)
Unloading 25 unused Assets / (31.7 KB). Loaded Objects now: 4000.
Memory consumption went from 139.9 MB to 139.9 MB.
Total: 5.762959 ms (FindLiveObjects: 0.313829 ms CreateObjectMapping: 0.094076 ms MarkObjects: 5.257792 ms  DeleteObjects: 0.095640 ms)

Prepare: number of updated asset objects reloaded= 0
AssetImportParameters requested are different than current active one (requested -> active):
  custom:scripting/monoscript/fileName/Villages.cs: 903959f0278d4e09fe1b2e68b7130f2f -> 
  custom:container-demuxer-ogg: 62fdf1f143b41e24485cea50d1cbac27 -> 
  custom:video-decoder-ogg-theora: a1e56fd34408186e4bbccfd4996cb3dc -> 
  custom:scripting/monoscript/fileName/UI_Menu.cs: 160a9a51a535726679662e384997d911 -> a7bb2d064353dff6022472b5c4a31dc8
  custom:scripting/monoscript/fileName/UI_Build.cs: df5849aa48a9761af37f9ca92f832a73 -> 
  custom:CustomObjectIndexerAttribute: 232f87dd983dbecb2a4e21e08eb2cef8 -> 
  custom:scripting/monoscript/fileName/UI_BuildStorage.cs: 29020c7cc99c4d3665d82a408f9f5de5 -> 3e136d1ccaf1b63518e01b95a7c0fd54
  custom:container-demuxer-webm: 4f35f7cbe854078d1ac9338744f61a02 -> 
  custom:container-muxer-webm: aa71ff27fc2769a1b78a27578f13a17b -> 
  custom:video-decoder-webm-vp8: 9c59270c3fd7afecdb556c50c9e8de78 -> 
  custom:SearchIndexIgnoredProperties: e643bd26f0fe6173181afceb89e7c659 -> 
  custom:AudioImporter_EditorPlatform: 2f0ff77a95e0ac474e3e8eeba4e2f7cb -> 
  custom:scripting/monoscript/fileName/UI_BuildProduction.cs: 965a3ae5a7d8d7fcd7aa789c2e0ec127 -> b7dbd7204e151708a5d991f30fe86887
  custom:video-encoder-webm-vp8: eb34c28f22e8b96e1ab97ce403110664 -> 
  custom:audio-decoder-ogg-vorbis: bf7c407c2cedff20999df2af8eb42d56 -> 
  custom:audio-encoder-webm-vorbis: bf7c407c2cedff20999df2af8eb42d56 -> 
========================================================================
Received Prepare
Begin MonoManager ReloadAssembly
- Loaded All Assemblies, in  0.418 seconds
Refreshing native plugins compatible for Editor in 1.32 ms, found 0 plugins.
Native extension for LinuxStandalone target not found
Native extension for WindowsStandalone target not found
Native extension for Android target not found
Mono: successfully reloaded assembly
- Finished resetting the current domain, in  0.895 seconds
Domain Reload Profiling: 1312ms
	BeginReloadAssembly (139ms)
		ExecutionOrderSort (0ms)
		DisableScriptedObjects (7ms)
		BackupInstance (0ms)
		ReleaseScriptingObjects (0ms)
		CreateAndSetChildDomain (41ms)
	RebuildCommonClasses (40ms)
	RebuildNativeTypeToScriptingClass (9ms)
	initialDomainReloadingComplete (31ms)
	LoadAllAssembliesAndSetupDomain (198ms)
		LoadAssemblies (243ms)
		RebuildTransferFunctionScriptingTraits (0ms)
		AnalyzeDomain (12ms)
			TypeCache.Refresh (5ms)
				TypeCache.ScanAssembly (0ms)
			ScanForSourceGeneratedMonoScriptInfo (0ms)
			ResolveRequiredComponents (6ms)
	FinalizeReload (895ms)
		ReleaseScriptCaches (0ms)
		RebuildScriptCaches (0ms)
		SetupLoadedEditorAssemblies (510ms)
			LogAssemblyErrors (0ms)
			InitializePlatformSupportModulesInManaged (68ms)
			SetLoadedEditorAssemblies (5ms)
			RefreshPlugins (0ms)
			BeforeProcessingInitializeOnLoad (69ms)
			ProcessInitializeOnLoadAttributes (333ms)
			ProcessInitializeOnLoadMethodAttributes (28ms)
			AfterProcessingInitializeOnLoad (7ms)
			EditorAssembliesLoaded (0ms)
		ExecutionOrderSort2 (0ms)
		AwakeInstancesAfterBackupRestoration (5ms)
Refreshing native plugins compatible for Editor in 1.29 ms, found 0 plugins.
Preloading 0 native plugins for Editor in 0.00 ms.
Unloading 3328 Unused Serialized files (Serialized files now loaded: 0)
Unloading 25 unused Assets / (31.7 KB). Loaded Objects now: 4003.
Memory consumption went from 139.9 MB to 139.9 MB.
Total: 4.063431 ms (FindLiveObjects: 0.447620 ms CreateObjectMapping: 0.090891 ms MarkObjects: 3.475659 ms  DeleteObjects: 0.047920 ms)

Prepare: number of updated asset objects reloaded= 0
AssetImportParameters requested are different than current active one (requested -> active):
  custom:scripting/monoscript/fileName/Villages.cs: 903959f0278d4e09fe1b2e68b7130f2f -> 
  custom:container-demuxer-ogg: 62fdf1f143b41e24485cea50d1cbac27 -> 
  custom:video-decoder-ogg-theora: a1e56fd34408186e4bbccfd4996cb3dc -> 
  custom:scripting/monoscript/fileName/UI_Menu.cs: 160a9a51a535726679662e384997d911 -> a7bb2d064353dff6022472b5c4a31dc8
  custom:scripting/monoscript/fileName/UI_Build.cs: df5849aa48a9761af37f9ca92f832a73 -> 
  custom:CustomObjectIndexerAttribute: 232f87dd983dbecb2a4e21e08eb2cef8 -> 
  custom:scripting/monoscript/fileName/UI_BuildStorage.cs: 29020c7cc99c4d3665d82a408f9f5de5 -> 3e136d1ccaf1b63518e01b95a7c0fd54
  custom:container-demuxer-webm: 4f35f7cbe854078d1ac9338744f61a02 -> 
  custom:container-muxer-webm: aa71ff27fc2769a1b78a27578f13a17b -> 
  custom:video-decoder-webm-vp8: 9c59270c3fd7afecdb556c50c9e8de78 -> 
  custom:SearchIndexIgnoredProperties: e643bd26f0fe6173181afceb89e7c659 -> 
  custom:AudioImporter_EditorPlatform: 2f0ff77a95e0ac474e3e8eeba4e2f7cb -> 
  custom:scripting/monoscript/fileName/UI_BuildProduction.cs: 965a3ae5a7d8d7fcd7aa789c2e0ec127 -> b7dbd7204e151708a5d991f30fe86887
  custom:video-encoder-webm-vp8: eb34c28f22e8b96e1ab97ce403110664 -> 
  custom:audio-decoder-ogg-vorbis: bf7c407c2cedff20999df2af8eb42d56 -> 
  custom:audio-encoder-webm-vorbis: bf7c407c2cedff20999df2af8eb42d56 -> 
========================================================================
Received Prepare
Begin MonoManager ReloadAssembly
- Loaded All Assemblies, in  0.410 seconds
Refreshing native plugins compatible for Editor in 1.35 ms, found 0 plugins.
Native extension for LinuxStandalone target not found
Native extension for WindowsStandalone target not found
Native extension for Android target not found
Mono: successfully reloaded assembly
- Finished resetting the current domain, in  0.947 seconds
Domain Reload Profiling: 1357ms
	BeginReloadAssembly (144ms)
		ExecutionOrderSort (0ms)
		DisableScriptedObjects (7ms)
		BackupInstance (0ms)
		ReleaseScriptingObjects (0ms)
		CreateAndSetChildDomain (44ms)
	RebuildCommonClasses (40ms)
	RebuildNativeTypeToScriptingClass (10ms)
	initialDomainReloadingComplete (30ms)
	LoadAllAssembliesAndSetupDomain (185ms)
		LoadAssemblies (232ms)
		RebuildTransferFunctionScriptingTraits (0ms)
		AnalyzeDomain (13ms)
			TypeCache.Refresh (5ms)
				TypeCache.ScanAssembly (0ms)
			ScanForSourceGeneratedMonoScriptInfo (0ms)
			ResolveRequiredComponents (7ms)
	FinalizeReload (948ms)
		ReleaseScriptCaches (0ms)
		RebuildScriptCaches (0ms)
		SetupLoadedEditorAssemblies (549ms)
			LogAssemblyErrors (0ms)
			InitializePlatformSupportModulesInManaged (67ms)
			SetLoadedEditorAssemblies (5ms)
			RefreshPlugins (0ms)
			BeforeProcessingInitializeOnLoad (71ms)
			ProcessInitializeOnLoadAttributes (368ms)
			ProcessInitializeOnLoadMethodAttributes (30ms)
			AfterProcessingInitializeOnLoad (7ms)
			EditorAssembliesLoaded (0ms)
		ExecutionOrderSort2 (0ms)
		AwakeInstancesAfterBackupRestoration (6ms)
Refreshing native plugins compatible for Editor in 1.49 ms, found 0 plugins.
Preloading 0 native plugins for Editor in 0.00 ms.
Unloading 3328 Unused Serialized files (Serialized files now loaded: 0)
Unloading 25 unused Assets / (31.7 KB). Loaded Objects now: 4006.
Memory consumption went from 139.9 MB to 139.9 MB.
Total: 4.100912 ms (FindLiveObjects: 0.301004 ms CreateObjectMapping: 0.089387 ms MarkObjects: 3.644316 ms  DeleteObjects: 0.064601 ms)

Prepare: number of updated asset objects reloaded= 0
AssetImportParameters requested are different than current active one (requested -> active):
  custom:scripting/monoscript/fileName/Villages.cs: 903959f0278d4e09fe1b2e68b7130f2f -> 
  custom:container-demuxer-ogg: 62fdf1f143b41e24485cea50d1cbac27 -> 
  custom:video-decoder-ogg-theora: a1e56fd34408186e4bbccfd4996cb3dc -> 
  custom:scripting/monoscript/fileName/UI_Menu.cs: 160a9a51a535726679662e384997d911 -> a7bb2d064353dff6022472b5c4a31dc8
  custom:scripting/monoscript/fileName/UI_Build.cs: df5849aa48a9761af37f9ca92f832a73 -> 
  custom:CustomObjectIndexerAttribute: 232f87dd983dbecb2a4e21e08eb2cef8 -> 
  custom:scripting/monoscript/fileName/UI_BuildStorage.cs: 29020c7cc99c4d3665d82a408f9f5de5 -> 3e136d1ccaf1b63518e01b95a7c0fd54
  custom:container-demuxer-webm: 4f35f7cbe854078d1ac9338744f61a02 -> 
  custom:container-muxer-webm: aa71ff27fc2769a1b78a27578f13a17b -> 
  custom:video-decoder-webm-vp8: 9c59270c3fd7afecdb556c50c9e8de78 -> 
  custom:SearchIndexIgnoredProperties: e643bd26f0fe6173181afceb89e7c659 -> 
  custom:AudioImporter_EditorPlatform: 2f0ff77a95e0ac474e3e8eeba4e2f7cb -> 
  custom:scripting/monoscript/fileName/UI_BuildProduction.cs: 965a3ae5a7d8d7fcd7aa789c2e0ec127 -> b7dbd7204e151708a5d991f30fe86887
  custom:video-encoder-webm-vp8: eb34c28f22e8b96e1ab97ce403110664 -> 
  custom:audio-decoder-ogg-vorbis: bf7c407c2cedff20999df2af8eb42d56 -> 
  custom:audio-encoder-webm-vorbis: bf7c407c2cedff20999df2af8eb42d56 -> 
========================================================================
Received Import Request.
  Time since last request: 11993.005336 seconds.
  path: Assets/Assets/UI/UI Elements/White/1x/stop.png
  artifactKey: Guid(8c85c1dc629ff204fbfcca59471b5123) Importer(815301076,1909f56bfc062723c751e8b465ee728b)
Start importing Assets/Assets/UI/UI Elements/White/1x/stop.png using Guid(8c85c1dc629ff204fbfcca59471b5123) Importer(815301076,1909f56bfc062723c751e8b465ee728b) [PhysX] Initialized MultithreadedTaskDispatcher with 12 workers.
[PhysX] Initialized MultithreadedTaskDispatcher with 12 workers.
 -> (artifact id: 'eaeb04d3a75ddb7a86c0076823622c20') in 0.066816 seconds
Number of updated asset objects reloaded before import = 0
Number of asset objects unloaded after import = 3
========================================================================
Received Import Request.
  Time since last request: 0.043017 seconds.
  path: Assets/Assets/UI/UI Elements/Black/2x/stop.png
  artifactKey: Guid(4af585c0b7de5ca478615272a5c8cef7) Importer(815301076,1909f56bfc062723c751e8b465ee728b)
Start importing Assets/Assets/UI/UI Elements/Black/2x/stop.png using Guid(4af585c0b7de5ca478615272a5c8cef7) Importer(815301076,1909f56bfc062723c751e8b465ee728b) [PhysX] Initialized MultithreadedTaskDispatcher with 12 workers.
[PhysX] Initialized MultithreadedTaskDispatcher with 12 workers.
 -> (artifact id: '49f52bf980fa18759cb81093827ccd3b') in 0.008109 seconds
Number of updated asset objects reloaded before import = 0
Number of asset objects unloaded after import = 3
========================================================================
Received Import Request.
  Time since last request: 0.000015 seconds.
  path: Assets/Assets/UI/Dark UI/New Icons/White Battery Storage.png
  artifactKey: Guid(213a7b64eaee46e4b89efefe49d383de) Importer(815301076,1909f56bfc062723c751e8b465ee728b)
Start importing Assets/Assets/UI/Dark UI/New Icons/White Battery Storage.png using Guid(213a7b64eaee46e4b89efefe49d383de) Importer(815301076,1909f56bfc062723c751e8b465ee728b) [PhysX] Initialized MultithreadedTaskDispatcher with 12 workers.
[PhysX] Initialized MultithreadedTaskDispatcher with 12 workers.
 -> (artifact id: 'b0819ac90855e27c12d1e8617a263b81') in 0.009060 seconds
Number of updated asset objects reloaded before import = 0
Number of asset objects unloaded after import = 3
========================================================================
Received Import Request.
  Time since last request: 0.000077 seconds.
  path: Assets/Assets/UI/Violet Theme Ui/White Icons/White Stop.png
  artifactKey: Guid(2dbb2668687622a44821e1b317d5baed) Importer(815301076,1909f56bfc062723c751e8b465ee728b)
Start importing Assets/Assets/UI/Violet Theme Ui/White Icons/White Stop.png using Guid(2dbb2668687622a44821e1b317d5baed) Importer(815301076,1909f56bfc062723c751e8b465ee728b) [PhysX] Initialized MultithreadedTaskDispatcher with 12 workers.
[PhysX] Initialized MultithreadedTaskDispatcher with 12 workers.
 -> (artifact id: '49c7330a1f8b5b4b9bc91f125ad208a2') in 0.009795 seconds
Number of updated asset objects reloaded before import = 0
Number of asset objects unloaded after import = 3
========================================================================
Received Import Request.
  Time since last request: 0.000072 seconds.
  path: Assets/Assets/UI/Violet Theme Ui/White Icons/White Store.png
  artifactKey: Guid(1eb999ee5e20d334bad3f6c471639d80) Importer(815301076,1909f56bfc062723c751e8b465ee728b)
Start importing Assets/Assets/UI/Violet Theme Ui/White Icons/White Store.png using Guid(1eb999ee5e20d334bad3f6c471639d80) Importer(815301076,1909f56bfc062723c751e8b465ee728b) [PhysX] Initialized MultithreadedTaskDispatcher with 12 workers.
[PhysX] Initialized MultithreadedTaskDispatcher with 12 workers.
 -> (artifact id: '2be766e48a34ac2bfe233cf4b6a76d43') in 0.011469 seconds
Number of updated asset objects reloaded before import = 0
Number of asset objects unloaded after import = 4
========================================================================
Received Import Request.
  Time since last request: 0.000070 seconds.
  path: Assets/Assets/UI/Violet Theme Ui/White Icons/White Battery Storage.png
  artifactKey: Guid(b2c8ced3a99744645ad763b4d47c39d3) Importer(815301076,1909f56bfc062723c751e8b465ee728b)
Start importing Assets/Assets/UI/Violet Theme Ui/White Icons/White Battery Storage.png using Guid(b2c8ced3a99744645ad763b4d47c39d3) Importer(815301076,1909f56bfc062723c751e8b465ee728b) [PhysX] Initialized MultithreadedTaskDispatcher with 12 workers.
[PhysX] Initialized MultithreadedTaskDispatcher with 12 workers.
 -> (artifact id: '8d1a392a369e922673d93ff9feb4b743') in 0.013378 seconds
Number of updated asset objects reloaded before import = 0
Number of asset objects unloaded after import = 6
Editor requested this worker to shutdown with reason: Scaling down because of idle timeout
TcpMessagingSession - receive error: operation aborted. errorcode: 125, details: Operation aborted.
AssetImportWorker is now disconnected from the server
Process exiting
